:020000040010EA
:100C0000420000009D6D1101420000009D6D110128
:100C1000420000009D6D1101420000009D6D110118
:100C2000420000009D6D1101420000009D6D110108
:100C3000420000009D6D1101420000009D6D1101F8
:100C4000420000009D6D1101420000009D6D1101E8
:100C5000420000009D6D1101420000009D6D1101D8
:100C6000420000009D6D1101420000009D6D1101C8
:100C7000420000009D6D1101420000009D6D1101B8
:100C8000420000009D6D1101420000009D6D1101A8
:100C9000420000009D6D1101420000009D6D110198
:100CA000420000009D6D1101420000009D6D110188
:100CB000420000009D6D1101420000009D6D110178
:100CC000420000009D6D1101420000009D6D110168
:100CD000420000009D6D1101420000009D6D110158
:100CE000420000009D6D1101420000009D6D110148
:100CF000420000009D6D1101420000009D6D110138
:100D000000000000000000000000000000000000E3
:100D100000000000000000000000000000000000D3
:100D200000000000000000000000000000000000C3
:100D300000000000000000000000000000000000B3
:100D400000000000000000000000000000000000A3
:100D50000000000000000000000000000000000093
:100D60000000000000000000000000000000000083
:100D70000000000000000000000000000000000073
:100D80000000000000000000000000000000000063
:100D90000000000000000000000000000000000053
:100DA0000000000000000000000000000000000043
:100DB0000000000000000000000000000000000033
:100DC0000000000000000000000000000000000023
:100DD0000000000000000000000000000000000013
:100DE0000000000000000000000000000000000003
:100DF00000000000000000000000000000000000F3
:100E000000000000000000000000000000000000E2
:100E100000000000000000000000000000000000D2
:100E200000000000000000000000000000000000C2
:100E300000000000000000000000000000000000B2
:100E400000000000000000000000000000000000A2
:100E50000000000000000000000000000000000092
:100E60000000000000000000000000000000000082
:100E70000000000000000000000000000000000072
:100E80000000000000000000000000000000000062
:100E90000000000000000000000000000000000052
:100EA0000000000000000000000000000000000042
:100EB0000000000000000000000000000000000032
:100EC0000000000000000000000000000000000022
:100ED0000000000000000000000000000000000012
:100EE0000000000000000000000000000000000002
:100EF00000000000000000000000000000000000F2
:100F000000000000000000000000000000000000E1
:100F100000000000000000000000000000000000D1
:100F200000000000000000000000000000000000C1
:100F300000000000000000000000000000000000B1
:100F400000000000000000000000000000000000A1
:100F50000000000000000000000000000000000091
:100F60000000000000000000000000000000000081
:100F70000000000000000000000000000000000071
:100F80000000000000000000000000000000000061
:100F90000000000000000000000000000000000051
:100FA0000000000000000000000000000000000041
:100FB0000000000000000000000000000000000031
:100FC0000000000000000000000000000000000021
:100FD0000000000000000000000000000000000011
:100FE0000000000000000000000000000000000001
:100FF00000000000000000000000000000000000F1
:1010000000000000000000000000000000000000E0
:1010100000000000000000000000000000000000D0
:1010200000000000000000000000000000000000C0
:1010300000000000000000000000000000000000B0
:1010400000000000000000000000000000000000A0
:101050000000000000000000000000000000000090
:101060000000000000000000000000000000000080
:101070000000000000000000000000000000000070
:101080000000000000000000000000000000000060
:101090000000000000000000000000000000000050
:1010A0000000000000000000000000000000000040
:1010B0000000000000000000000000000000000030
:1010C0000000000000000000000000000000000020
:1010D0000000000000000000000000000000000010
:1010E0000000000000000000000000000000000000
:1010F00000000000000000000000000000000000F0
:1011000000000000000000000000000000000000DF
:1011100000000000000000000000000000000000CF
:1011200000000000000000000000000000000000BF
:1011300000000000000000000000000000000000AF
:10114000000000000000000000000000000000009F
:10115000000000000000000000000000000000008F
:10116000000000000000000000000000000000007F
:10117000000000000000000000000000000000006F
:10118000000000000000000000000000000000005F
:10119000000000000000000000000000000000004F
:1011A000000000000000000000000000000000003F
:1011B000000000000000000000000000000000002F
:1011C000000000000000000000000000000000001F
:1011D000000000000000000000000000000000000F
:1011E00000000000000000000000000000000000FF
:1011F00000000000000000000000000000000000EF
:1012000000000000000000000000000000000000DE
:1012100000000000000000000000000000000000CE
:1012200000000000000000000000000000000000BE
:1012300000000000000000000000000000000000AE
:10124000000000000000000000000000000000009E
:10125000000000000000000000000000000000008E
:10126000000000000000000000000000000000007E
:10127000000000000000000000000000000000006E
:10128000000000000000000000000000000000005E
:10129000000000000000000000000000000000004E
:1012A000000000000000000000000000000000003E
:1012B000000000000000000000000000000000002E
:1012C000000000000000000000000000000000001E
:1012D000000000000000000000000000000000000E
:1012E00000000000000000000000000000000000FE
:1012F00000000000000000000000000000000000EE
:1013000000000000000000000000000000000000DD
:1013100000000000000000000000000000000000CD
:1013200000000000000000000000000000000000BD
:1013300000000000000000000000000000000000AD
:10134000000000000000000000000000000000009D
:10135000000000000000000000000000000000008D
:10136000000000000000000000000000000000007D
:10137000000000000000000000000000000000006D
:10138000000000000000000000000000000000005D
:10139000000000000000000000000000000000004D
:1013A000000000000000000000000000000000003D
:1013B000000000000000000000000000000000002D
:1013C000000000000000000000000000000000001D
:1013D000000000000000000000000000000000000D
:1013E00000000000000000000000000000000000FD
:1013F00000000000000000000000000000000000ED
:1014000000000000000000000000000000000000DC
:1014100000000000000000000000000000000000CC
:1014200000000000000000000000000000000000BC
:1014300000000000000000000000000000000000AC
:10144000000000000000000000000000000000009C
:10145000000000000000000000000000000000008C
:10146000000000000000000000000000000000007C
:10147000000000000000000000000000000000006C
:10148000000000000000000000000000000000005C
:10149000000000000000000000000000000000004C
:1014A000000000000000000000000000000000003C
:1014B000000000000000000000000000000000002C
:1014C000000000000000000000000000000000001C
:1014D000000000000000000000000000000000000C
:1014E00000000000000000000000000000000000FC
:1014F00000000000000000000000000000000000EC
:1015000000000000000000000000000000000000DB
:1015100000000000000000000000000000000000CB
:1015200000000000000000000000000000000000BB
:1015300000000000000000000000000000000000AB
:10154000000000000000000000000000000000009B
:10155000000000000000000000000000000000008B
:10156000000000000000000000000000000000007B
:10157000000000000000000000000000000000006B
:10158000000000000000000000000000000000005B
:10159000000000000000000000000000000000004B
:1015A000000000000000000000000000000000003B
:1015B000000000000000000000000000000000002B
:1015C000000000000000000000000000000000001B
:1015D000000000000000000000000000000000000B
:1015E00000000000000000000000000000000000FB
:1015F00000000000000000000000000000000000EB
:1016000000000000000000000000000000000000DA
:1016100000000000000000000000000000000000CA
:1016200000000000000000000000000000000000BA
:1016300000000000000000000000000000000000AA
:10164000000000000000000000000000000000009A
:10165000000000000000000000000000000000008A
:10166000000000000000000000000000000000007A
:10167000000000000000000000000000000000006A
:10168000000000000000000000000000000000005A
:10169000000000000000000000000000000000004A
:1016A000000000000000000000000000000000003A
:1016B000000000000000000000000000000000002A
:1016C000000000000000000000000000000000001A
:1016D000000000000000000000000000000000000A
:1016E00000000000000000000000000000000000FA
:1016F00000000000000000000000000000000000EA
:1017000000000000000000000000000000000000D9
:1017100000000000000000000000000000000000C9
:1017200000000000000000000000000000000000B9
:1017300000000000000000000000000000000000A9
:101740000000000000000000000000000000000099
:101750000000000000000000000000000000000089
:101760000000000000000000000000000000000079
:101770000000000000000000000000000000000069
:101780000000000000000000000000000000000059
:101790000000000000000000000000000000000049
:1017A0000000000000000000000000000000000039
:1017B0000000000000000000000000000000000029
:1017C0000000000000000000000000000000000019
:1017D0000000000000000000000000000000000009
:1017E00000000000000000000000000000000000F9
:1017F00000000000000000000000000000000000E9
:1018000000000000000000000000000000000000D8
:1018100000000000000000000000000000000000C8
:1018200000000000000000000000000000000000B8
:1018300000000000000000000000000000000000A8
:101840000000000000000000000000000000000098
:101850000000000000000000000000000000000088
:101860000000000000000000000000000000000078
:101870000000000000000000000000000000000068
:101880000000000000000000000000000000000058
:101890000000000000000000000000000000000048
:1018A0000000000000000000000000000000000038
:1018B0000000000000000000000000000000000028
:1018C0000000000000000000000000000000000018
:1018D0000000000000000000000000000000000008
:1018E00000000000000000000000000000000000F8
:1018F00000000000000000000000000000000000E8
:1019000000000000000000000000000000000000D7
:1019100000000000000000000000000000000000C7
:1019200000000000000000000000000000000000B7
:1019300000000000000000000000000000000000A7
:101940000000000000000000000000000000000097
:101950000000000000000000000000000000000087
:101960000000000000000000000000000000000077
:101970000000000000000000000000000000000067
:101980000000000000000000000000000000000057
:101990000000000000000000000000000000000047
:1019A0000000000000000000000000000000000037
:1019B0000000000000000000000000000000000027
:1019C0000000000000000000000000000000000017
:1019D0000000000000000000000000000000000007
:1019E00000000000000000000000000000000000F7
:1019F00000000000000000000000000000000000E7
:101A000000000000000000000000000000000000D6
:101A100000000000000000000000000000000000C6
:101A200000000000000000000000000000000000B6
:101A300000000000000000000000000000000000A6
:101A40000000000000000000000000000000000096
:101A50000000000000000000000000000000000086
:101A60000000000000000000000000000000000076
:101A70000000000000000000000000000000000066
:101A80000000000000000000000000000000000056
:101A90000000000000000000000000000000000046
:101AA0000000000000000000000000000000000036
:101AB0000000000000000000000000000000000026
:101AC0000000000000000000000000000000000016
:101AD0000000000000000000000000000000000006
:101AE00000000000000000000000000000000000F6
:101AF00000000000000000000000000000000000E6
:101B000000000000000000000000000000000000D5
:101B100000000000000000000000000000000000C5
:101B200000000000000000000000000000000000B5
:101B300000000000000000000000000000000000A5
:101B40000000000000000000000000000000000095
:101B50000000000000000000000000000000000085
:101B60000000000000000000000000000000000075
:101B70000000000000000000000000000000000065
:101B80000000000000000000000000000000000055
:101B90000000000000000000000000000000000045
:101BA0000000000000000000000000000000000035
:101BB0000000000000000000000000000000000025
:101BC0000000000000000000000000000000000015
:101BD0000000000000000000000000000000000005
:101BE00000000000000000000000000000000000F5
:101BF00000000000000000000000000000000000E5
:101C000000000000000000000000000000000000D4
:101C100000000000000000000000000000000000C4
:101C200000000000000000000000000000000000B4
:101C300000000000000000000000000000000000A4
:101C40000000000000000000000000000000000094
:101C50000000000000000000000000000000000084
:101C60000000000000000000000000000000000074
:101C70000000000000000000000000000000000064
:101C80000000000000000000000000000000000054
:101C90000000000000000000000000000000000044
:101CA0000000000000000000000000000000000034
:101CB0000000000000000000000000000000000024
:101CC0000000000000000000000000000000000014
:101CD0000000000000000000000000000000000004
:101CE00000000000000000000000000000000000F4
:101CF00000000000000000000000000000000000E4
:101D000000000000000000000000000000000000D3
:101D100000000000000000000000000000000000C3
:101D200000000000000000000000000000000000B3
:101D300000000000000000000000000000000000A3
:101D40000000000000000000000000000000000093
:101D50000000000000000000000000000000000083
:101D60000000000000000000000000000000000073
:101D70000000000000000000000000000000000063
:101D80000000000000000000000000000000000053
:101D90000000000000000000000000000000000043
:101DA0000000000000000000000000000000000033
:101DB0000000000000000000000000000000000023
:101DC0000000000000000000000000000000000013
:101DD0000000000000000000000000000000000003
:101DE00000000000000000000000000000000000F3
:101DF00000000000000000000000000000000000E3
:101E000000000000000000000000000000000000D2
:101E100000000000000000000000000000000000C2
:101E200000000000000000000000000000000000B2
:101E300000000000000000000000000000000000A2
:101E40000000000000000000000000000000000092
:101E50000000000000000000000000000000000082
:101E60000000000000000000000000000000000072
:101E70000000000000000000000000000000000062
:101E80000000000000000000000000000000000052
:101E90000000000000000000000000000000000042
:101EA0000000000000000000000000000000000032
:101EB0000000000000000000000000000000000022
:101EC0000000000000000000000000000000000012
:101ED0000000000000000000000000000000000002
:101EE00000000000000000000000000000000000F2
:101EF00000000000000000000000000000000000E2
:101F000000000000000000000000000000000000D1
:101F100000000000000000000000000000000000C1
:101F200000000000000000000000000000000000B1
:101F300000000000000000000000000000000000A1
:101F40000000000000000000000000000000000091
:101F50000000000000000000000000000000000081
:101F60000000000000000000000000000000000071
:101F70000000000000000000000000000000000061
:101F80000000000000000000000000000000000051
:101F90000000000000000000000000000000000041
:101FA0000000000000000000000000000000000031
:101FB0000000000000000000000000000000000021
:101FC0000000000000000000000000000000000011
:101FD0000000000000000000000000000000000001
:101FE00000000000000000000000000000000000F1
:101FF00000000000000000000000000000000000E1
:1020000000000000000000000000000000000000D0
:1020100000000000000000000000000000000000C0
:1020200000000000000000000000000000000000B0
:1020300000000000000000000000000000000000A0
:102040000000000000000000000000000000000090
:102050000000000000000000000000000000000080
:102060000000000000000000000000000000000070
:102070000000000000000000000000000000000060
:102080000000000000000000000000000000000050
:102090000000000000000000000000000000000040
:1020A0000000000000000000000000000000000030
:1020B0000000000000000000000000000000000020
:1020C0000000000000000000000000000000000010
:1020D0000000000000000000000000000000000000
:1020E00000000000000000000000000000000000F0
:1020F00000000000000000000000000000000000E0
:1021000000000000000000000000000000000000CF
:1021100000000000000000000000000000000000BF
:1021200000000000000000000000000000000000AF
:10213000000000000000000000000000000000009F
:10214000000000000000000000000000000000008F
:10215000000000000000000000000000000000007F
:10216000000000000000000000000000000000006F
:10217000000000000000000000000000000000005F
:10218000000000000000000000000000000000004F
:10219000000000000000000000000000000000003F
:1021A000000000000000000000000000000000002F
:1021B000000000000000000000000000000000001F
:1021C000000000000000000000000000000000000F
:1021D00000000000000000000000000000000000FF
:1021E00000000000000000000000000000000000EF
:1021F00000000000000000000000000000000000DF
:1022000000000000000000000000000000000000CE
:1022100000000000000000000000000000000000BE
:1022200000000000000000000000000000000000AE
:10223000000000000000000000000000000000009E
:10224000000000000000000000000000000000008E
:10225000000000000000000000000000000000007E
:10226000000000000000000000000000000000006E
:10227000000000000000000000000000000000005E
:10228000000000000000000000000000000000004E
:10229000000000000000000000000000000000003E
:1022A000000000000000000000000000000000002E
:1022B000000000000000000000000000000000001E
:1022C000000000000000000000000000000000000E
:1022D00000000000000000000000000000000000FE
:1022E00000000000000000000000000000000000EE
:1022F00000000000000000000000000000000000DE
:1023000000000000000000000000000000000000CD
:1023100000000000000000000000000000000000BD
:1023200000000000000000000000000000000000AD
:10233000000000000000000000000000000000009D
:10234000000000000000000000000000000000008D
:10235000000000000000000000000000000000007D
:10236000000000000000000000000000000000006D
:10237000000000000000000000000000000000005D
:10238000000000000000000000000000000000004D
:10239000000000000000000000000000000000003D
:1023A000000000000000000000000000000000002D
:1023B000000000000000000000000000000000001D
:1023C000000000000000000000000000000000000D
:1023D00000000000000000000000000000000000FD
:1023E00000000000000000000000000000000000ED
:1023F00000000000000000000000000000000000DD
:1024000000000000000000000000000000000000CC
:1024100000000000000000000000000000000000BC
:1024200000000000000000000000000000000000AC
:10243000000000000000000000000000000000009C
:10244000000000000000000000000000000000008C
:10245000000000000000000000000000000000007C
:10246000000000000000000000000000000000006C
:10247000000000000000000000000000000000005C
:10248000000000000000000000000000000000004C
:10249000000000000000000000000000000000003C
:1024A000000000000000000000000000000000002C
:1024B000000000000000000000000000000000001C
:1024C000000000000000000000000000000000000C
:1024D00000000000000000000000000000000000FC
:1024E00000000000000000000000000000000000EC
:1024F00000000000000000000000000000000000DC
:1025000000000000000000000000000000000000CB
:1025100000000000000000000000000000000000BB
:1025200000000000000000000000000000000000AB
:10253000000000000000000000000000000000009B
:10254000000000000000000000000000000000008B
:10255000000000000000000000000000000000007B
:10256000000000000000000000000000000000006B
:10257000000000000000000000000000000000005B
:10258000000000000000000000000000000000004B
:10259000000000000000000000000000000000003B
:1025A000000000000000000000000000000000002B
:1025B000000000000000000000000000000000001B
:1025C000000000000000000000000000000000000B
:1025D00000000000000000000000000000000000FB
:1025E00000000000000000000000000000000000EB
:1025F00000000000000000000000000000000000DB
:1026000000000000000000000000000000000000CA
:1026100000000000000000000000000000000000BA
:1026200000000000000000000000000000000000AA
:10263000000000000000000000000000000000009A
:10264000000000000000000000000000000000008A
:10265000000000000000000000000000000000007A
:10266000000000000000000000000000000000006A
:10267000000000000000000000000000000000005A
:10268000000000000000000000000000000000004A
:10269000000000000000000000000000000000003A
:1026A000000000000000000000000000000000002A
:1026B000000000000000000000000000000000001A
:1026C000000000000000000000000000000000000A
:1026D00000000000000000000000000000000000FA
:1026E00000000000000000000000000000000000EA
:1026F00000000000000000000000000000000000DA
:1027000000000000000000000000000000000000C9
:1027100000000000000000000000000000000000B9
:1027200000000000000000000000000000000000A9
:102730000000000000000000000000000000000099
:102740000000000000000000000000000000000089
:102750000000000000000000000000000000000079
:102760000000000000000000000000000000000069
:102770000000000000000000000000000000000059
:102780000000000000000000000000000000000049
:102790000000000000000000000000000000000039
:1027A0000000000000000000000000000000000029
:1027B0000000000000000000000000000000000019
:1027C0000000000000000000000000000000000009
:1027D00000000000000000000000000000000000F9
:1027E00000000000000000000000000000000000E9
:1027F00000000000000000000000000000000000D9
:1028000000000000000000000000000000000000C8
:1028100000000000000000000000000000000000B8
:1028200000000000000000000000000000000000A8
:102830000000000000000000000000000000000098
:102840000000000000000000000000000000000088
:102850000000000000000000000000000000000078
:102860000000000000000000000000000000000068
:102870000000000000000000000000000000000058
:102880000000000000000000000000000000000048
:102890000000000000000000000000000000000038
:1028A0000000000000000000000000000000000028
:1028B0000000000000000000000000000000000018
:1028C0000000000000000000000000000000000008
:1028D00000000000000000000000000000000000F8
:1028E00000000000000000000000000000000000E8
:1028F00000000000000000000000000000000000D8
:1029000000000000000000000000000000000000C7
:1029100000000000000000000000000000000000B7
:1029200000000000000000000000000000000000A7
:102930000000000000000000000000000000000097
:102940000000000000000000000000000000000087
:102950000000000000000000000000000000000077
:102960000000000000000000000000000000000067
:102970000000000000000000000000000000000057
:102980000000000000000000000000000000000047
:102990000000000000000000000000000000000037
:1029A0000000000000000000000000000000000027
:1029B0000000000000000000000000000000000017
:1029C0000000000000000000000000000000000007
:1029D00000000000000000000000000000000000F7
:1029E00000000000000000000000000000000000E7
:1029F00000000000000000000000000000000000D7
:102A000000000000000000000000000000000000C6
:102A100000000000000000000000000000000000B6
:102A200000000000000000000000000000000000A6
:102A30000000000000000000000000000000000096
:102A40000000000000000000000000000000000086
:102A50000000000000000000000000000000000076
:102A60000000000000000000000000000000000066
:102A70000000000000000000000000000000000056
:102A80000000000000000000000000000000000046
:102A90000000000000000000000000000000000036
:102AA0000000000000000000000000000000000026
:102AB0000000000000000000000000000000000016
:102AC0000000000000000000000000000000000006
:102AD00000000000000000000000000000000000F6
:102AE00000000000000000000000000000000000E6
:102AF00000000000000000000000000000000000D6
:102B000000000000000000000000000000000000C5
:102B100000000000000000000000000000000000B5
:102B200000000000000000000000000000000000A5
:102B30000000000000000000000000000000000095
:102B40000000000000000000000000000000000085
:102B50000000000000000000000000000000000075
:102B60000000000000000000000000000000000065
:102B70000000000000000000000000000000000055
:102B80000000000000000000000000000000000045
:102B90000000000000000000000000000000000035
:102BA0000000000000000000000000000000000025
:102BB0000000000000000000000000000000000015
:102BC0000000000000000000000000000000000005
:102BD00000000000000000000000000000000000F5
:102BE00000000000000000000000000000000000E5
:102BF00000000000000000000000000000000000D5
:102C000000000000000000000000000000000000C4
:102C100000000000000000000000000000000000B4
:102C200000000000000000000000000000000000A4
:102C30000000000000000000000000000000000094
:102C40000000000000000000000000000000000084
:102C50000000000000000000000000000000000074
:102C60000000000000000000000000000000000064
:102C70000000000000000000000000000000000054
:102C80000000000000000000000000000000000044
:102C90000000000000000000000000000000000034
:102CA0000000000000000000000000000000000024
:102CB0000000000000000000000000000000000014
:102CC0000000000000000000000000000000000004
:102CD00000000000000000000000000000000000F4
:102CE00000000000000000000000000000000000E4
:102CF00000000000000000000000000000000000D4
:102D000000000000000000000000000000000000C3
:102D100000000000000000000000000000000000B3
:102D200000000000000000000000000000000000A3
:102D30000000000000000000000000000000000093
:102D40000000000000000000000000000000000083
:102D50000000000000000000000000000000000073
:102D60000000000000000000000000000000000063
:102D70000000000000000000000000000000000053
:102D80000000000000000000000000000000000043
:102D90000000000000000000000000000000000033
:102DA0000000000000000000000000000000000023
:102DB0000000000000000000000000000000000013
:102DC0000000000000000000000000000000000003
:102DD00000000000000000000000000000000000F3
:102DE00000000000000000000000000000000000E3
:102DF00000000000000000000000000000000000D3
:102E000000000000000000000000000000000000C2
:102E100000000000000000000000000000000000B2
:102E200000000000000000000000000000000000A2
:102E30000000000000000000000000000000000092
:102E40000000000000000000000000000000000082
:102E50000000000000000000000000000000000072
:102E60000000000000000000000000000000000062
:102E70000000000000000000000000000000000052
:102E80000000000000000000000000000000000042
:102E90000000000000000000000000000000000032
:102EA0000000000000000000000000000000000022
:102EB0000000000000000000000000000000000012
:102EC0000000000000000000000000000000000002
:102ED00000000000000000000000000000000000F2
:102EE00000000000000000000000000000000000E2
:102EF00000000000000000000000000000000000D2
:102F000000000000000000000000000000000000C1
:102F100000000000000000000000000000000000B1
:102F200000000000000000000000000000000000A1
:102F30000000000000000000000000000000000091
:102F40000000000000000000000000000000000081
:102F50000000000000000000000000000000000071
:102F60000000000000000000000000000000000061
:102F70000000000000000000000000000000000051
:102F80000000000000000000000000000000000041
:102F90000000000000000000000000000000000031
:102FA0000000000000000000000000000000000021
:102FB0000000000000000000000000000000000011
:102FC0000000000000000000000000000000000001
:102FD00000000000000000000000000000000000F1
:102FE00000000000000000000000000000000000E1
:102FF00000000000000000000000000000000000D1
:1030000000000000000000000000000000000000C0
:1030100000000000000000000000000000000000B0
:1030200000000000000000000000000000000000A0
:103030000000000000000000000000000000000090
:103040000000000000000000000000000000000080
:103050000000000000000000000000000000000070
:103060000000000000000000000000000000000060
:103070000000000000000000000000000000000050
:103080000000000000000000000000000000000040
:103090000000000000000000000000000000000030
:1030A0000000000000000000000000000000000020
:1030B0000000000000000000000000000000000010
:1030C0000000000000000000000000000000000000
:1030D00000000000000000000000000000000000F0
:1030E00000000000000000000000000000000000E0
:1030F00000000000000000000000000000000000D0
:1031000000000000000000000000000000000000BF
:1031100000000000000000000000000000000000AF
:10312000000000000000000000000000000000009F
:10313000000000000000000000000000000000008F
:10314000000000000000000000000000000000007F
:10315000000000000000000000000000000000006F
:10316000000000000000000000000000000000005F
:10317000000000000000000000000000000000004F
:10318000000000000000000000000000000000003F
:10319000000000000000000000000000000000002F
:1031A000000000000000000000000000000000001F
:1031B000000000000000000000000000000000000F
:1031C00000000000000000000000000000000000FF
:1031D00000000000000000000000000000000000EF
:1031E00000000000000000000000000000000000DF
:1031F00000000000000000000000000000000000CF
:1032000000000000000000000000000000000000BE
:1032100000000000000000000000000000000000AE
:10322000000000000000000000000000000000009E
:10323000000000000000000000000000000000008E
:10324000000000000000000000000000000000007E
:10325000000000000000000000000000000000006E
:10326000000000000000000000000000000000005E
:10327000000000000000000000000000000000004E
:10328000000000000000000000000000000000003E
:10329000000000000000000000000000000000002E
:1032A000000000000000000000000000000000001E
:1032B000000000000000000000000000000000000E
:1032C00000000000000000000000000000000000FE
:1032D00000000000000000000000000000000000EE
:1032E00000000000000000000000000000000000DE
:1032F00000000000000000000000000000000000CE
:1033000000000000000000000000000000000000BD
:1033100000000000000000000000000000000000AD
:10332000000000000000000000000000000000009D
:10333000000000000000000000000000000000008D
:10334000000000000000000000000000000000007D
:10335000000000000000000000000000000000006D
:10336000000000000000000000000000000000005D
:10337000000000000000000000000000000000004D
:10338000000000000000000000000000000000003D
:10339000000000000000000000000000000000002D
:1033A000000000000000000000000000000000001D
:1033B000000000000000000000000000000000000D
:1033C00000000000000000000000000000000000FD
:1033D00000000000000000000000000000000000ED
:1033E00000000000000000000000000000000000DD
:1033F00000000000000000000000000000000000CD
:1034000000000000000000000000000000000000BC
:1034100000000000000000000000000000000000AC
:10342000000000000000000000000000000000009C
:10343000000000000000000000000000000000008C
:10344000000000000000000000000000000000007C
:10345000000000000000000000000000000000006C
:10346000000000000000000000000000000000005C
:10347000000000000000000000000000000000004C
:10348000000000000000000000000000000000003C
:10349000000000000000000000000000000000002C
:1034A000000000000000000000000000000000001C
:1034B000000000000000000000000000000000000C
:1034C00000000000000000000000000000000000FC
:1034D00000000000000000000000000000000000EC
:1034E00000000000000000000000000000000000DC
:1034F00000000000000000000000000000000000CC
:1035000000000000000000000000000000000000BB
:1035100000000000000000000000000000000000AB
:10352000000000000000000000000000000000009B
:10353000000000000000000000000000000000008B
:10354000000000000000000000000000000000007B
:10355000000000000000000000000000000000006B
:10356000000000000000000000000000000000005B
:10357000000000000000000000000000000000004B
:10358000000000000000000000000000000000003B
:10359000000000000000000000000000000000002B
:1035A000000000000000000000000000000000001B
:1035B000000000000000000000000000000000000B
:1035C00000000000000000000000000000000000FB
:1035D00000000000000000000000000000000000EB
:1035E00000000000000000000000000000000000DB
:1035F00000000000000000000000000000000000CB
:1036000000000000000000000000000000000000BA
:1036100000000000000000000000000000000000AA
:10362000000000000000000000000000000000009A
:10363000000000000000000000000000000000008A
:10364000000000000000000000000000000000007A
:10365000000000000000000000000000000000006A
:10366000000000000000000000000000000000005A
:10367000000000000000000000000000000000004A
:10368000000000000000000000000000000000003A
:10369000000000000000000000000000000000002A
:1036A000000000000000000000000000000000001A
:1036B000000000000000000000000000000000000A
:1036C00000000000000000000000000000000000FA
:1036D00000000000000000000000000000000000EA
:1036E00000000000000000000000000000000000DA
:1036F00000000000000000000000000000000000CA
:1037000000000000000000000000000000000000B9
:1037100000000000000000000000000000000000A9
:103720000000000000000000000000000000000099
:103730000000000000000000000000000000000089
:103740000000000000000000000000000000000079
:103750000000000000000000000000000000000069
:103760000000000000000000000000000000000059
:103770000000000000000000000000000000000049
:103780000000000000000000000000000000000039
:103790000000000000000000000000000000000029
:1037A0000000000000000000000000000000000019
:1037B0000000000000000000000000000000000009
:1037C00000000000000000000000000000000000F9
:1037D00000000000000000000000000000000000E9
:1037E00000000000000000000000000000000000D9
:1037F00000000000000000000000000000000000C9
:1038000000000000000000000000000000000000B8
:1038100000000000000000000000000000000000A8
:103820000000000000000000000000000000000098
:103830000000000000000000000000000000000088
:103840000000000000000000000000000000000078
:103850000000000000000000000000000000000068
:103860000000000000000000000000000000000058
:103870000000000000000000000000000000000048
:103880000000000000000000000000000000000038
:103890000000000000000000000000000000000028
:1038A0000000000000000000000000000000000018
:1038B0000000000000000000000000000000000008
:1038C00000000000000000000000000000000000F8
:1038D00000000000000000000000000000000000E8
:1038E00000000000000000000000000000000000D8
:1038F00000000000000000000000000000000000C8
:1039000000000000000000000000000000000000B7
:1039100000000000000000000000000000000000A7
:103920000000000000000000000000000000000097
:103930000000000000000000000000000000000087
:103940000000000000000000000000000000000077
:103950000000000000000000000000000000000067
:103960000000000000000000000000000000000057
:103970000000000000000000000000000000000047
:103980000000000000000000000000000000000037
:103990000000000000000000000000000000000027
:1039A0000000000000000000000000000000000017
:1039B0000000000000000000000000000000000007
:1039C00000000000000000000000000000000000F7
:1039D00000000000000000000000000000000000E7
:1039E00000000000000000000000000000000000D7
:1039F00000000000000000000000000000000000C7
:103A000000000000000000000000000000000000B6
:103A100000000000000000000000000000000000A6
:103A20000000000000000000000000000000000096
:103A30000000000000000000000000000000000086
:103A40000000000000000000000000000000000076
:103A50000000000000000000000000000000000066
:103A60000000000000000000000000000000000056
:103A70000000000000000000000000000000000046
:103A80000000000000000000000000000000000036
:103A90000000000000000000000000000000000026
:103AA0000000000000000000000000000000000016
:103AB0000000000000000000000000000000000006
:103AC00000000000000000000000000000000000F6
:103AD00000000000000000000000000000000000E6
:103AE00000000000000000000000000000000000D6
:103AF00000000000000000000000000000000000C6
:103B000000000000000000000000000000000000B5
:103B100000000000000000000000000000000000A5
:103B20000000000000000000000000000000000095
:103B30000000000000000000000000000000000085
:103B40000000000000000000000000000000000075
:103B50000000000000000000000000000000000065
:103B60000000000000000000000000000000000055
:103B70000000000000000000000000000000000045
:103B80000000000000000000000000000000000035
:103B90000000000000000000000000000000000025
:103BA0000000000000000000000000000000000015
:103BB0000000000000000000000000000000000005
:103BC00000000000000000000000000000000000F5
:103BD00000000000000000000000000000000000E5
:103BE00000000000000000000000000000000000D5
:103BF00000000000000000000000000000000000C5
:103C000000000000000000000000000000000000B4
:103C100000000000000000000000000000000000A4
:103C20000000000000000000000000000000000094
:103C30000000000000000000000000000000000084
:103C40000000000000000000000000000000000074
:103C50000000000000000000000000000000000064
:103C60000000000000000000000000000000000054
:103C70000000000000000000000000000000000044
:103C80000000000000000000000000000000000034
:103C90000000000000000000000000000000000024
:103CA0000000000000000000000000000000000014
:103CB0000000000000000000000000000000000004
:103CC00000000000000000000000000000000000F4
:103CD00000000000000000000000000000000000E4
:103CE00000000000000000000000000000000000D4
:103CF00000000000000000000000000000000000C4
:103D000000000000000000000000000000000000B3
:103D100000000000000000000000000000000000A3
:103D20000000000000000000000000000000000093
:103D30000000000000000000000000000000000083
:103D40000000000000000000000000000000000073
:103D50000000000000000000000000000000000063
:103D60000000000000000000000000000000000053
:103D70000000000000000000000000000000000043
:103D80000000000000000000000000000000000033
:103D90000000000000000000000000000000000023
:103DA0000000000000000000000000000000000013
:103DB0000000000000000000000000000000000003
:103DC00000000000000000000000000000000000F3
:103DD00000000000000000000000000000000000E3
:103DE00000000000000000000000000000000000D3
:103DF00000000000000000000000000000000000C3
:103E000000000000000000000000000000000000B2
:103E100000000000000000000000000000000000A2
:103E20000000000000000000000000000000000092
:103E30000000000000000000000000000000000082
:103E40000000000000000000000000000000000072
:103E50000000000000000000000000000000000062
:103E60000000000000000000000000000000000052
:103E70000000000000000000000000000000000042
:103E80000000000000000000000000000000000032
:103E90000000000000000000000000000000000022
:103EA0000000000000000000000000000000000012
:103EB0000000000000000000000000000000000002
:103EC00000000000000000000000000000000000F2
:103ED00000000000000000000000000000000000E2
:103EE00000000000000000000000000000000000D2
:103EF00000000000000000000000000000000000C2
:103F000000000000000000000000000000000000B1
:103F100000000000000000000000000000000000A1
:103F20000000000000000000000000000000000091
:103F30000000000000000000000000000000000081
:103F40000000000000000000000000000000000071
:103F50000000000000000000000000000000000061
:103F60000000000000000000000000000000000051
:103F70000000000000000000000000000000000041
:103F80000000000000000000000000000000000031
:103F90000000000000000000000000000000000021
:103FA0000000000000000000000000000000000011
:103FB0000000000000000000000000000000000001
:103FC00000000000000000000000000000000000F1
:103FD00000000000000000000000000000000000E1
:103FE00000000000000000000000000000000000D1
:103FF00000000000000000000000000000000000C1
:1040000000000000000000000000000000000000B0
:1040100000000000000000000000000000000000A0
:104020000000000000000000000000000000000090
:104030000000000000000000000000000000000080
:104040000000000000000000000000000000000070
:104050000000000000000000000000000000000060
:104060000000000000000000000000000000000050
:104070000000000000000000000000000000000040
:104080000000000000000000000000000000000030
:104090000000000000000000000000000000000020
:1040A0000000000000000000000000000000000010
:1040B0000000000000000000000000000000000000
:1040C00000000000000000000000000000000000F0
:1040D00000000000000000000000000000000000E0
:1040E00000000000000000000000000000000000D0
:1040F00000000000000000000000000000000000C0
:1041000000000000000000000000000000000000AF
:10411000000000000000000000000000000000009F
:10412000000000000000000000000000000000008F
:10413000000000000000000000000000000000007F
:10414000000000000000000000000000000000006F
:10415000000000000000000000000000000000005F
:10416000000000000000000000000000000000004F
:10417000000000000000000000000000000000003F
:10418000000000000000000000000000000000002F
:10419000000000000000000000000000000000001F
:1041A000000000000000000000000000000000000F
:1041B00000000000000000000000000000000000FF
:1041C00000000000000000000000000000000000EF
:1041D00000000000000000000000000000000000DF
:1041E00000000000000000000000000000000000CF
:1041F00000000000000000000000000000000000BF
:1042000000000000000000000000000000000000AE
:10421000000000000000000000000000000000009E
:10422000000000000000000000000000000000008E
:10423000000000000000000000000000000000007E
:10424000000000000000000000000000000000006E
:10425000000000000000000000000000000000005E
:10426000000000000000000000000000000000004E
:10427000000000000000000000000000000000003E
:10428000000000000000000000000000000000002E
:10429000000000000000000000000000000000001E
:1042A000000000000000000000000000000000000E
:1042B00000000000000000000000000000000000FE
:1042C00000000000000000000000000000000000EE
:1042D00000000000000000000000000000000000DE
:1042E00000000000000000000000000000000000CE
:1042F00000000000000000000000000000000000BE
:1043000000000000000000000000000000000000AD
:10431000000000000000000000000000000000009D
:10432000000000000000000000000000000000008D
:10433000000000000000000000000000000000007D
:10434000000000000000000000000000000000006D
:10435000000000000000000000000000000000005D
:10436000000000000000000000000000000000004D
:10437000000000000000000000000000000000003D
:10438000000000000000000000000000000000002D
:10439000000000000000000000000000000000001D
:1043A000000000000000000000000000000000000D
:1043B00000000000000000000000000000000000FD
:1043C00000000000000000000000000000000000ED
:1043D00000000000000000000000000000000000DD
:1043E00000000000000000000000000000000000CD
:1043F00000000000000000000000000000000000BD
:1044000000000000000000000000000000000000AC
:10441000000000000000000000000000000000009C
:10442000000000000000000000000000000000008C
:10443000000000000000000000000000000000007C
:10444000000000000000000000000000000000006C
:10445000000000000000000000000000000000005C
:10446000000000000000000000000000000000004C
:10447000000000000000000000000000000000003C
:10448000000000000000000000000000000000002C
:10449000000000000000000000000000000000001C
:1044A000000000000000000000000000000000000C
:1044B00000000000000000000000000000000000FC
:1044C00000000000000000000000000000000000EC
:1044D00000000000000000000000000000000000DC
:1044E00000000000000000000000000000000000CC
:1044F00000000000000000000000000000000000BC
:1045000000000000000000000000000000000000AB
:10451000000000000000000000000000000000009B
:10452000000000000000000000000000000000008B
:10453000000000000000000000000000000000007B
:10454000000000000000000000000000000000006B
:10455000000000000000000000000000000000005B
:10456000000000000000000000000000000000004B
:10457000000000000000000000000000000000003B
:10458000000000000000000000000000000000002B
:10459000000000000000000000000000000000001B
:1045A000000000000000000000000000000000000B
:1045B00000000000000000000000000000000000FB
:1045C00000000000000000000000000000000000EB
:1045D00000000000000000000000000000000000DB
:1045E00000000000000000000000000000000000CB
:1045F00000000000000000000000000000000000BB
:1046000000000000000000000000000000000000AA
:10461000000000000000000000000000000000009A
:10462000000000000000000000000000000000008A
:10463000000000000000000000000000000000007A
:10464000000000000000000000000000000000006A
:10465000000000000000000000000000000000005A
:10466000000000000000000000000000000000004A
:10467000000000000000000000000000000000003A
:10468000000000000000000000000000000000002A
:10469000000000000000000000000000000000001A
:1046A000000000000000000000000000000000000A
:1046B00000000000000000000000000000000000FA
:1046C00000000000000000000000000000000000EA
:1046D00000000000000000000000000000000000DA
:1046E00000000000000000000000000000000000CA
:1046F00000000000000000000000000000000000BA
:1047000000000000000000000000000000000000A9
:104710000000000000000000000000000000000099
:104720000000000000000000000000000000000089
:104730000000000000000000000000000000000079
:104740000000000000000000000000000000000069
:104750000000000000000000000000000000000059
:104760000000000000000000000000000000000049
:104770000000000000000000000000000000000039
:104780000000000000000000000000000000000029
:104790000000000000000000000000000000000019
:1047A0000000000000000000000000000000000009
:1047B00000000000000000000000000000000000F9
:1047C00000000000000000000000000000000000E9
:1047D00000000000000000000000000000000000D9
:1047E00000000000000000000000000000000000C9
:1047F00000000000000000000000000000000000B9
:1048000000000000000000000000000000000000A8
:104810000000000000000000000000000000000098
:104820000000000000000000000000000000000088
:104830000000000000000000000000000000000078
:104840000000000000000000000000000000000068
:104850000000000000000000000000000000000058
:104860000000000000000000000000000000000048
:104870000000000000000000000000000000000038
:104880000000000000000000000000000000000028
:104890000000000000000000000000000000000018
:1048A0000000000000000000000000000000000008
:1048B00000000000000000000000000000000000F8
:1048C00000000000000000000000000000000000E8
:1048D00000000000000000000000000000000000D8
:1048E00000000000000000000000000000000000C8
:1048F00000000000000000000000000000000000B8
:1049000000000000000000000000000000000000A7
:104910000000000000000000000000000000000097
:104920000000000000000000000000000000000087
:104930000000000000000000000000000000000077
:104940000000000000000000000000000000000067
:104950000000000000000000000000000000000057
:104960000000000000000000000000000000000047
:104970000000000000000000000000000000000037
:104980000000000000000000000000000000000027
:104990000000000000000000000000000000000017
:1049A0000000000000000000000000000000000007
:1049B00000000000000000000000000000000000F7
:1049C00000000000000000000000000000000000E7
:1049D00000000000000000000000000000000000D7
:1049E00000000000000000000000000000000000C7
:1049F00000000000000000000000000000000000B7
:104A000000000000000000000000000000000000A6
:104A10000000000000000000000000000000000096
:104A20000000000000000000000000000000000086
:104A30000000000000000000000000000000000076
:104A40000000000000000000000000000000000066
:104A50000000000000000000000000000000000056
:104A60000000000000000000000000000000000046
:104A70000000000000000000000000000000000036
:104A80000000000000000000000000000000000026
:104A90000000000000000000000000000000000016
:104AA0000000000000000000000000000000000006
:104AB00000000000000000000000000000000000F6
:104AC00000000000000000000000000000000000E6
:104AD00000000000000000000000000000000000D6
:104AE00000000000000000000000000000000000C6
:104AF00000000000000000000000000000000000B6
:104B000000000000000000000000000000000000A5
:104B10000000000000000000000000000000000095
:104B20000000000000000000000000000000000085
:104B30000000000000000000000000000000000075
:104B40000000000000000000000000000000000065
:104B50000000000000000000000000000000000055
:104B60000000000000000000000000000000000045
:104B70000000000000000000000000000000000035
:104B80000000000000000000000000000000000025
:104B90000000000000000000000000000000000015
:104BA0000000000000000000000000000000000005
:104BB00000000000000000000000000000000000F5
:104BC00000000000000000000000000000000000E5
:104BD00000000000000000000000000000000000D5
:104BE00000000000000000000000000000000000C5
:104BF00000000000000000000000000000000000B5
:104C000000000000000000000000000000000000A4
:104C10000000000000000000000000000000000094
:104C20000000000000000000000000000000000084
:104C30000000000000000000000000000000000074
:104C40000000000000000000000000000000000064
:104C50000000000000000000000000000000000054
:104C60000000000000000000000000000000000044
:104C70000000000000000000000000000000000034
:104C80000000000000000000000000000000000024
:104C90000000000000000000000000000000000014
:104CA0000000000000000000000000000000000004
:104CB00000000000000000000000000000000000F4
:104CC00000000000000000000000000000000000E4
:104CD00000000000000000000000000000000000D4
:104CE00000000000000000000000000000000000C4
:104CF00000000000000000000000000000000000B4
:104D000000000000000000000000000000000000A3
:104D10000000000000000000000000000000000093
:104D20000000000000000000000000000000000083
:104D30000000000000000000000000000000000073
:104D40000000000000000000000000000000000063
:104D50000000000000000000000000000000000053
:104D60000000000000000000000000000000000043
:104D70000000000000000000000000000000000033
:104D80000000000000000000000000000000000023
:104D90000000000000000000000000000000000013
:104DA0000000000000000000000000000000000003
:104DB00000000000000000000000000000000000F3
:104DC00000000000000000000000000000000000E3
:104DD00000000000000000000000000000000000D3
:104DE00000000000000000000000000000000000C3
:104DF00000000000000000000000000000000000B3
:104E000000000000000000000000000000000000A2
:104E10000000000000000000000000000000000092
:104E20000000000000000000000000000000000082
:104E30000000000000000000000000000000000072
:104E40000000000000000000000000000000000062
:104E50000000000000000000000000000000000052
:104E60000000000000000000000000000000000042
:104E70000000000000000000000000000000000032
:104E80000000000000000000000000000000000022
:104E90000000000000000000000000000000000012
:104EA0000000000000000000000000000000000002
:104EB00000000000000000000000000000000000F2
:104EC00000000000000000000000000000000000E2
:104ED00000000000000000000000000000000000D2
:104EE00000000000000000000000000000000000C2
:104EF00000000000000000000000000000000000B2
:104F000000000000000000000000000000000000A1
:104F10000000000000000000000000000000000091
:104F20000000000000000000000000000000000081
:104F30000000000000000000000000000000000071
:104F40000000000000000000000000000000000061
:104F50000000000000000000000000000000000051
:104F60000000000000000000000000000000000041
:104F70000000000000000000000000000000000031
:104F80000000000000000000000000000000000021
:104F90000000000000000000000000000000000011
:104FA0000000000000000000000000000000000001
:104FB00000000000000000000000000000000000F1
:104FC00000000000000000000000000000000000E1
:104FD00000000000000000000000000000000000D1
:104FE00000000000000000000000000000000000C1
:104FF00000000000000000000000000000000000B1
:1050000000000000000000000000000000000000A0
:105010000000000000000000000000000000000090
:105020000000000000000000000000000000000080
:105030000000000000000000000000000000000070
:105040000000000000000000000000000000000060
:105050000000000000000000000000000000000050
:105060000000000000000000000000000000000040
:105070000000000000000000000000000000000030
:105080000000000000000000000000000000000020
:105090000000000000000000000000000000000010
:1050A0000000000000000000000000000000000000
:1050B00000000000000000000000000000000000F0
:1050C00000000000000000000000000000000000E0
:1050D00000000000000000000000000000000000D0
:1050E00000000000000000000000000000000000C0
:1050F00000000000000000000000000000000000B0
:10510000000000000000000000000000000000009F
:10511000000000000000000000000000000000008F
:10512000000000000000000000000000000000007F
:10513000000000000000000000000000000000006F
:10514000000000000000000000000000000000005F
:10515000000000000000000000000000000000004F
:10516000000000000000000000000000000000003F
:10517000000000000000000000000000000000002F
:10518000000000000000000000000000000000001F
:10519000000000000000000000000000000000000F
:1051A00000000000000000000000000000000000FF
:1051B00000000000000000000000000000000000EF
:1051C00000000000000000000000000000000000DF
:1051D00000000000000000000000000000000000CF
:1051E00000000000000000000000000000000000BF
:1051F00000000000000000000000000000000000AF
:10520000000000000000000000000000000000009E
:10521000000000000000000000000000000000008E
:10522000000000000000000000000000000000007E
:10523000000000000000000000000000000000006E
:10524000000000000000000000000000000000005E
:10525000000000000000000000000000000000004E
:10526000000000000000000000000000000000003E
:10527000000000000000000000000000000000002E
:10528000000000000000000000000000000000001E
:10529000000000000000000000000000000000000E
:1052A00000000000000000000000000000000000FE
:1052B00000000000000000000000000000000000EE
:1052C00000000000000000000000000000000000DE
:1052D00000000000000000000000000000000000CE
:1052E00000000000000000000000000000000000BE
:1052F00000000000000000000000000000000000AE
:10530000000000000000000000000000000000009D
:10531000000000000000000000000000000000008D
:10532000000000000000000000000000000000007D
:10533000000000000000000000000000000000006D
:10534000000000000000000000000000000000005D
:10535000000000000000000000000000000000004D
:10536000000000000000000000000000000000003D
:10537000000000000000000000000000000000002D
:10538000000000000000000000000000000000001D
:10539000000000000000000000000000000000000D
:1053A00000000000000000000000000000000000FD
:1053B00000000000000000000000000000000000ED
:1053C00000000000000000000000000000000000DD
:1053D00000000000000000000000000000000000CD
:1053E00000000000000000000000000000000000BD
:1053F00000000000000000000000000000000000AD
:10540000000000000000000000000000000000009C
:10541000000000000000000000000000000000008C
:10542000000000000000000000000000000000007C
:10543000000000000000000000000000000000006C
:10544000000000000000000000000000000000005C
:10545000000000000000000000000000000000004C
:10546000000000000000000000000000000000003C
:10547000000000000000000000000000000000002C
:10548000000000000000000000000000000000001C
:10549000000000000000000000000000000000000C
:1054A00000000000000000000000000000000000FC
:1054B00000000000000000000000000000000000EC
:1054C00000000000000000000000000000000000DC
:1054D00000000000000000000000000000000000CC
:1054E00000000000000000000000000000000000BC
:1054F00000000000000000000000000000000000AC
:10550000000000000000000000000000000000009B
:10551000000000000000000000000000000000008B
:10552000000000000000000000000000000000007B
:10553000000000000000000000000000000000006B
:10554000000000000000000000000000000000005B
:10555000000000000000000000000000000000004B
:10556000000000000000000000000000000000003B
:10557000000000000000000000000000000000002B
:10558000000000000000000000000000000000001B
:10559000000000000000000000000000000000000B
:1055A00000000000000000000000000000000000FB
:1055B00000000000000000000000000000000000EB
:1055C00000000000000000000000000000000000DB
:1055D00000000000000000000000000000000000CB
:1055E00000000000000000000000000000000000BB
:1055F00000000000000000000000000000000000AB
:10560000000000000000000000000000000000009A
:10561000000000000000000000000000000000008A
:10562000000000000000000000000000000000007A
:10563000000000000000000000000000000000006A
:10564000000000000000000000000000000000005A
:10565000000000000000000000000000000000004A
:10566000000000000000000000000000000000003A
:10567000000000000000000000000000000000002A
:10568000000000000000000000000000000000001A
:10569000000000000000000000000000000000000A
:1056A00000000000000000000000000000000000FA
:1056B00000000000000000000000000000000000EA
:1056C00000000000000000000000000000000000DA
:1056D00000000000000000000000000000000000CA
:1056E00000000000000000000000000000000000BA
:1056F00000000000000000000000000000000000AA
:105700000000000000000000000000000000000099
:105710000000000000000000000000000000000089
:105720000000000000000000000000000000000079
:105730000000000000000000000000000000000069
:105740000000000000000000000000000000000059
:105750000000000000000000000000000000000049
:105760000000000000000000000000000000000039
:105770000000000000000000000000000000000029
:105780000000000000000000000000000000000019
:105790000000000000000000000000000000000009
:1057A00000000000000000000000000000000000F9
:1057B00000000000000000000000000000000000E9
:1057C00000000000000000000000000000000000D9
:1057D00000000000000000000000000000000000C9
:1057E00000000000000000000000000000000000B9
:1057F00000000000000000000000000000000000A9
:105800000000000000000000000000000000000098
:105810000000000000000000000000000000000088
:105820000000000000000000000000000000000078
:105830000000000000000000000000000000000068
:105840000000000000000000000000000000000058
:105850000000000000000000000000000000000048
:105860000000000000000000000000000000000038
:105870000000000000000000000000000000000028
:105880000000000000000000000000000000000018
:105890000000000000000000000000000000000008
:1058A00000000000000000000000000000000000F8
:1058B00000000000000000000000000000000000E8
:1058C00000000000000000000000000000000000D8
:1058D00000000000000000000000000000000000C8
:1058E00000000000000000000000000000000000B8
:1058F00000000000000000000000000000000000A8
:105900000000000000000000000000000000000097
:105910000000000000000000000000000000000087
:105920000000000000000000000000000000000077
:105930000000000000000000000000000000000067
:105940000000000000000000000000000000000057
:105950000000000000000000000000000000000047
:105960000000000000000000000000000000000037
:105970000000000000000000000000000000000027
:105980000000000000000000000000000000000017
:105990000000000000000000000000000000000007
:1059A00000000000000000000000000000000000F7
:1059B00000000000000000000000000000000000E7
:1059C00000000000000000000000000000000000D7
:1059D00000000000000000000000000000000000C7
:1059E00000000000000000000000000000000000B7
:1059F00000000000000000000000000000000000A7
:105A00000000000000000000000000000000000096
:105A10000000000000000000000000000000000086
:105A20000000000000000000000000000000000076
:105A30000000000000000000000000000000000066
:105A40000000000000000000000000000000000056
:105A50000000000000000000000000000000000046
:105A60000000000000000000000000000000000036
:105A70000000000000000000000000000000000026
:105A80000000000000000000000000000000000016
:105A90000000000000000000000000000000000006
:105AA00000000000000000000000000000000000F6
:105AB00000000000000000000000000000000000E6
:105AC00000000000000000000000000000000000D6
:105AD00000000000000000000000000000000000C6
:105AE00000000000000000000000000000000000B6
:105AF00000000000000000000000000000000000A6
:105B00000000000000000000000000000000000095
:105B10000000000000000000000000000000000085
:105B20000000000000000000000000000000000075
:105B30000000000000000000000000000000000065
:105B40000000000000000000000000000000000055
:105B50000000000000000000000000000000000045
:105B60000000000000000000000000000000000035
:105B70000000000000000000000000000000000025
:105B80000000000000000000000000000000000015
:105B90000000000000000000000000000000000005
:105BA00000000000000000000000000000000000F5
:105BB00000000000000000000000000000000000E5
:105BC00000000000000000000000000000000000D5
:105BD00000000000000000000000000000000000C5
:105BE00000000000000000000000000000000000B5
:105BF00000000000000000000000000000000000A5
:105C00000000000000000000000000000000000094
:105C10000000000000000000000000000000000084
:105C20000000000000000000000000000000000074
:105C30000000000000000000000000000000000064
:105C40000000000000000000000000000000000054
:105C50000000000000000000000000000000000044
:105C60000000000000000000000000000000000034
:105C70000000000000000000000000000000000024
:105C80000000000000000000000000000000000014
:105C90000000000000000000000000000000000004
:105CA00000000000000000000000000000000000F4
:105CB00000000000000000000000000000000000E4
:105CC00000000000000000000000000000000000D4
:105CD00000000000000000000000000000000000C4
:105CE00000000000000000000000000000000000B4
:105CF00000000000000000000000000000000000A4
:105D00000000000000000000000000000000000093
:105D10000000000000000000000000000000000083
:105D20000000000000000000000000000000000073
:105D30000000000000000000000000000000000063
:105D40000000000000000000000000000000000053
:105D50000000000000000000000000000000000043
:105D60000000000000000000000000000000000033
:105D70000000000000000000000000000000000023
:105D80000000000000000000000000000000000013
:105D90000000000000000000000000000000000003
:105DA00000000000000000000000000000000000F3
:105DB00000000000000000000000000000000000E3
:105DC00000000000000000000000000000000000D3
:105DD00000000000000000000000000000000000C3
:105DE00000000000000000000000000000000000B3
:105DF00000000000000000000000000000000000A3
:105E00000000000000000000000000000000000092
:105E10000000000000000000000000000000000082
:105E20000000000000000000000000000000000072
:105E30000000000000000000000000000000000062
:105E40000000000000000000000000000000000052
:105E50000000000000000000000000000000000042
:105E60000000000000000000000000000000000032
:105E70000000000000000000000000000000000022
:105E80000000000000000000000000000000000012
:105E90000000000000000000000000000000000002
:105EA00000000000000000000000000000000000F2
:105EB00000000000000000000000000000000000E2
:105EC00000000000000000000000000000000000D2
:105ED00000000000000000000000000000000000C2
:105EE00000000000000000000000000000000000B2
:105EF00000000000000000000000000000000000A2
:105F00000000000000000000000000000000000091
:105F10000000000000000000000000000000000081
:105F20000000000000000000000000000000000071
:105F30000000000000000000000000000000000061
:105F40000000000000000000000000000000000051
:105F50000000000000000000000000000000000041
:105F60000000000000000000000000000000000031
:105F70000000000000000000000000000000000021
:105F80000000000000000000000000000000000011
:105F90000000000000000000000000000000000001
:105FA00000000000000000000000000000000000F1
:105FB00000000000000000000000000000000000E1
:105FC00000000000000000000000000000000000D1
:105FD00000000000000000000000000000000000C1
:105FE00000000000000000000000000000000000B1
:105FF00000000000000000000000000000000000A1
:106000000000000000000000000000000000000090
:106010000000000000000000000000000000000080
:106020000000000000000000000000000000000070
:106030000000000000000000000000000000000060
:106040000000000000000000000000000000000050
:106050000000000000000000000000000000000040
:106060000000000000000000000000000000000030
:106070000000000000000000000000000000000020
:106080000000000000000000000000000000000010
:106090000000000000000000000000000000000000
:1060A00000000000000000000000000000000000F0
:1060B00000000000000000000000000000000000E0
:1060C00000000000000000000000000000000000D0
:1060D00000000000000000000000000000000000C0
:1060E00000000000000000000000000000000000B0
:1060F00000000000000000000000000000000000A0
:10610000000000000000000000000000000000008F
:10611000000000000000000000000000000000007F
:10612000000000000000000000000000000000006F
:10613000000000000000000000000000000000005F
:10614000000000000000000000000000000000004F
:10615000000000000000000000000000000000003F
:10616000000000000000000000000000000000002F
:10617000000000000000000000000000000000001F
:10618000000000000000000000000000000000000F
:1061900000000000000000000000000000000000FF
:1061A00000000000000000000000000000000000EF
:1061B00000000000000000000000000000000000DF
:1061C00000000000000000000000000000000000CF
:1061D00000000000000000000000000000000000BF
:1061E00000000000000000000000000000000000AF
:1061F000000000000000000000000000000000009F
:10620000000000000000000000000000000000008E
:10621000000000000000000000000000000000007E
:10622000000000000000000000000000000000006E
:10623000000000000000000000000000000000005E
:10624000000000000000000000000000000000004E
:10625000000000000000000000000000000000003E
:10626000000000000000000000000000000000002E
:10627000000000000000000000000000000000001E
:10628000000000000000000000000000000000000E
:1062900000000000000000000000000000000000FE
:1062A00000000000000000000000000000000000EE
:1062B00000000000000000000000000000000000DE
:1062C00000000000000000000000000000000000CE
:1062D00000000000000000000000000000000000BE
:1062E00000000000000000000000000000000000AE
:1062F000000000000000000000000000000000009E
:10630000000000000000000000000000000000008D
:10631000000000000000000000000000000000007D
:10632000000000000000000000000000000000006D
:10633000000000000000000000000000000000005D
:10634000000000000000000000000000000000004D
:10635000000000000000000000000000000000003D
:10636000000000000000000000000000000000002D
:10637000000000000000000000000000000000001D
:10638000000000000000000000000000000000000D
:1063900000000000000000000000000000000000FD
:1063A00000000000000000000000000000000000ED
:1063B00000000000000000000000000000000000DD
:1063C00000000000000000000000000000000000CD
:1063D00000000000000000000000000000000000BD
:1063E00000000000000000000000000000000000AD
:1063F000000000000000000000000000000000009D
:10640000000000000000000000000000000000008C
:10641000000000000000000000000000000000007C
:10642000000000000000000000000000000000006C
:10643000000000000000000000000000000000005C
:10644000000000000000000000000000000000004C
:10645000000000000000000000000000000000003C
:10646000000000000000000000000000000000002C
:10647000000000000000000000000000000000001C
:10648000000000000000000000000000000000000C
:1064900000000000000000000000000000000000FC
:1064A00000000000000000000000000000000000EC
:1064B00000000000000000000000000000000000DC
:1064C00000000000000000000000000000000000CC
:1064D00000000000000000000000000000000000BC
:1064E00000000000000000000000000000000000AC
:1064F000000000000000000000000000000000009C
:10650000000000000000000000000000000000008B
:10651000000000000000000000000000000000007B
:10652000000000000000000000000000000000006B
:10653000000000000000000000000000000000005B
:10654000000000000000000000000000000000004B
:10655000000000000000000000000000000000003B
:10656000000000000000000000000000000000002B
:10657000000000000000000000000000000000001B
:10658000000000000000000000000000000000000B
:1065900000000000000000000000000000000000FB
:1065A00000000000000000000000000000000000EB
:1065B00000000000000000000000000000000000DB
:1065C00000000000000000000000000000000000CB
:1065D00000000000000000000000000000000000BB
:1065E00000000000000000000000000000000000AB
:1065F000000000000000000000000000000000009B
:10660000000000000000000000000000000000008A
:10661000000000000000000000000000000000007A
:10662000000000000000000000000000000000006A
:10663000000000000000000000000000000000005A
:10664000000000000000000000000000000000004A
:10665000000000000000000000000000000000003A
:10666000000000000000000000000000000000002A
:10667000000000000000000000000000000000001A
:10668000000000000000000000000000000000000A
:1066900000000000000000000000000000000000FA
:1066A00000000000000000000000000000000000EA
:1066B00000000000000000000000000000000000DA
:1066C00000000000000000000000000000000000CA
:1066D00000000000000000000000000000000000BA
:1066E00000000000000000000000000000000000AA
:1066F000000000000000000000000000000000009A
:106700000000000000000000000000000000000089
:106710000000000000000000000000000000000079
:106720000000000000000000000000000000000069
:106730000000000000000000000000000000000059
:106740000000000000000000000000000000000049
:106750000000000000000000000000000000000039
:106760000000000000000000000000000000000029
:106770000000000000000000000000000000000019
:106780000000000000000000000000000000000009
:1067900000000000000000000000000000000000F9
:1067A00000000000000000000000000000000000E9
:1067B00000000000000000000000000000000000D9
:1067C00000000000000000000000000000000000C9
:1067D00000000000000000000000000000000000B9
:1067E00000000000000000000000000000000000A9
:1067F0000000000000000000000000000000000099
:106800000000000000000000000000000000000088
:106810000000000000000000000000000000000078
:106820000000000000000000000000000000000068
:106830000000000000000000000000000000000058
:106840000000000000000000000000000000000048
:106850000000000000000000000000000000000038
:106860000000000000000000000000000000000028
:106870000000000000000000000000000000000018
:106880000000000000000000000000000000000008
:1068900000000000000000000000000000000000F8
:1068A00000000000000000000000000000000000E8
:1068B00000000000000000000000000000000000D8
:1068C00000000000000000000000000000000000C8
:1068D00000000000000000000000000000000000B8
:1068E00000000000000000000000000000000000A8
:1068F0000000000000000000000000000000000098
:106900000000000000000000000000000000000087
:106910000000000000000000000000000000000077
:106920000000000000000000000000000000000067
:106930000000000000000000000000000000000057
:106940000000000000000000000000000000000047
:106950000000000000000000000000000000000037
:106960000000000000000000000000000000000027
:106970000000000000000000000000000000000017
:106980000000000000000000000000000000000007
:1069900000000000000000000000000000000000F7
:1069A00000000000000000000000000000000000E7
:1069B00000000000000000000000000000000000D7
:1069C00000000000000000000000000000000000C7
:1069D00000000000000000000000000000000000B7
:1069E00000000000000000000000000000000000A7
:1069F0000000000000000000000000000000000097
:106A00000000000000000000000000000000000086
:106A10000000000000000000000000000000000076
:106A20000000000000000000000000000000000066
:106A30000000000000000000000000000000000056
:106A40000000000000000000000000000000000046
:106A50000000000000000000000000000000000036
:106A60000000000000000000000000000000000026
:106A70000000000000000000000000000000000016
:106A80000000000000000000000000000000000006
:106A900000000000000000000000000000000000F6
:106AA00000000000000000000000000000000000E6
:106AB00000000000000000000000000000000000D6
:106AC00000000000000000000000000000000000C6
:106AD00000000000000000000000000000000000B6
:106AE00000000000000000000000000000000000A6
:106AF0000000000000000000000000000000000096
:106B00000000000000000000000000000000000085
:106B10000000000000000000000000000000000075
:106B20000000000000000000000000000000000065
:106B30000000000000000000000000000000000055
:106B40000000000000000000000000000000000045
:106B50000000000000000000000000000000000035
:106B60000000000000000000000000000000000025
:106B70000000000000000000000000000000000015
:106B80000000000000000000000000000000000005
:106B900000000000000000000000000000000000F5
:106BA00000000000000000000000000000000000E5
:106BB00000000000000000000000000000000000D5
:106BC00000000000000000000000000000000000C5
:106BD00000000000000000000000000000000000B5
:106BE00000000000000000000000000000000000A5
:106BF0000000000000000000000000000000000095
:106C00000000000000000000000000000000000084
:106C10000000000000000000000000000000000074
:106C20000000000000000000000000000000000064
:106C30000000000000000000000000000000000054
:106C40000000000000000000000000000000000044
:106C50000000000000000000000000000000000034
:106C60000000000000000000000000000000000024
:106C70000000000000000000000000000000000014
:106C80000000000000000000000000000000000004
:106C900000000000000000000000000000000000F4
:106CA00000000000000000000000000000000000E4
:106CB00000000000000000000000000000000000D4
:106CC00000000000000000000000000000000000C4
:106CD00000000000000000000000000000000000B4
:106CE00000000000000000000000000000000000A4
:106CF0000000000000000000000000000000000094
:106D00000000000000000000000000000000000083
:106D10000000000000000000000000000000000073
:106D20000000000000000000000000000000000063
:106D30000000000000000000000000000000000053
:106D40000000000000000000000000000000000043
:106D50000000000000000000000000000000000033
:106D60000000000000000000000000000000000023
:106D70000000000000000000000000000000000013
:106D80000000000000000000000000000000000003
:106D900000000000000000000000000000000000F3
:106DA00000000000000000000000000000000000E3
:106DB00000000000000000000000000000000000D3
:106DC00000000000000000000000000000000000C3
:106DD00000000000000000000000000000000000B3
:106DE00000000000000000000000000000000000A3
:106DF0000000000000000000000000000000000093
:106E00000000000000000000000000000000000082
:106E10000000000000000000000000000000000072
:106E20000000000000000000000000000000000062
:106E30000000000000000000000000000000000052
:106E40000000000000000000000000000000000042
:106E50000000000000000000000000000000000032
:106E60000000000000000000000000000000000022
:106E70000000000000000000000000000000000012
:106E80000000000000000000000000000000000002
:106E900000000000000000000000000000000000F2
:106EA00000000000000000000000000000000000E2
:106EB00000000000000000000000000000000000D2
:106EC00000000000000000000000000000000000C2
:106ED00000000000000000000000000000000000B2
:106EE00000000000000000000000000000000000A2
:106EF0000000000000000000000000000000000092
:106F00000000000000000000000000000000000081
:106F10000000000000000000000000000000000071
:106F20000000000000000000000000000000000061
:106F30000000000000000000000000000000000051
:106F40000000000000000000000000000000000041
:106F50000000000000000000000000000000000031
:106F60000000000000000000000000000000000021
:106F70000000000000000000000000000000000011
:106F80000000000000000000000000000000000001
:106F900000000000000000000000000000000000F1
:106FA00000000000000000000000000000000000E1
:106FB00000000000000000000000000000000000D1
:106FC00000000000000000000000000000000000C1
:106FD00000000000000000000000000000000000B1
:106FE00000000000000000000000000000000000A1
:106FF0000000000000000000000000000000000091
:107000000000000000000000000000000000000080
:107010000000000000000000000000000000000070
:107020000000000000000000000000000000000060
:107030000000000000000000000000000000000050
:107040000000000000000000000000000000000040
:107050000000000000000000000000000000000030
:107060000000000000000000000000000000000020
:107070000000000000000000000000000000000010
:107080000000000000000000000000000000000000
:1070900000000000000000000000000000000000F0
:1070A00000000000000000000000000000000000E0
:1070B00000000000000000000000000000000000D0
:1070C00000000000000000000000000000000000C0
:1070D00000000000000000000000000000000000B0
:1070E00000000000000000000000000000000000A0
:1070F0000000000000000000000000000000000090
:10710000000000000000000000000000000000007F
:10711000000000000000000000000000000000006F
:10712000000000000000000000000000000000005F
:10713000000000000000000000000000000000004F
:10714000000000000000000000000000000000003F
:10715000000000000000000000000000000000002F
:10716000000000000000000000000000000000001F
:10717000000000000000000000000000000000000F
:1071800000000000000000000000000000000000FF
:1071900000000000000000000000000000000000EF
:1071A00000000000000000000000000000000000DF
:1071B00000000000000000000000000000000000CF
:1071C00000000000000000000000000000000000BF
:1071D00000000000000000000000000000000000AF
:1071E000000000000000000000000000000000009F
:1071F000000000000000000000000000000000008F
:10720000000000000000000000000000000000007E
:10721000000000000000000000000000000000006E
:10722000000000000000000000000000000000005E
:10723000000000000000000000000000000000004E
:10724000000000000000000000000000000000003E
:10725000000000000000000000000000000000002E
:10726000000000000000000000000000000000001E
:10727000000000000000000000000000000000000E
:1072800000000000000000000000000000000000FE
:1072900000000000000000000000000000000000EE
:1072A00000000000000000000000000000000000DE
:1072B00000000000000000000000000000000000CE
:1072C00000000000000000000000000000000000BE
:1072D00000000000000000000000000000000000AE
:1072E000000000000000000000000000000000009E
:1072F000000000000000000000000000000000008E
:10730000000000000000000000000000000000007D
:10731000000000000000000000000000000000006D
:10732000000000000000000000000000000000005D
:10733000000000000000000000000000000000004D
:10734000000000000000000000000000000000003D
:10735000000000000000000000000000000000002D
:10736000000000000000000000000000000000001D
:10737000000000000000000000000000000000000D
:1073800000000000000000000000000000000000FD
:1073900000000000000000000000000000000000ED
:1073A00000000000000000000000000000000000DD
:1073B00000000000000000000000000000000000CD
:1073C00000000000000000000000000000000000BD
:1073D00000000000000000000000000000000000AD
:1073E000000000000000000000000000000000009D
:1073F000000000000000000000000000000000008D
:10740000000000000000000000000000000000007C
:10741000000000000000000000000000000000006C
:10742000000000000000000000000000000000005C
:10743000000000000000000000000000000000004C
:10744000000000000000000000000000000000003C
:10745000000000000000000000000000000000002C
:10746000000000000000000000000000000000001C
:10747000000000000000000000000000000000000C
:1074800000000000000000000000000000000000FC
:1074900000000000000000000000000000000000EC
:1074A00000000000000000000000000000000000DC
:1074B00000000000000000000000000000000000CC
:1074C00000000000000000000000000000000000BC
:1074D00000000000000000000000000000000000AC
:1074E000000000000000000000000000000000009C
:1074F000000000000000000000000000000000008C
:10750000000000000000000000000000000000007B
:10751000000000000000000000000000000000006B
:10752000000000000000000000000000000000005B
:10753000000000000000000000000000000000004B
:10754000000000000000000000000000000000003B
:10755000000000000000000000000000000000002B
:10756000000000000000000000000000000000001B
:10757000000000000000000000000000000000000B
:1075800000000000000000000000000000000000FB
:1075900000000000000000000000000000000000EB
:1075A00000000000000000000000000000000000DB
:1075B00000000000000000000000000000000000CB
:1075C00000000000000000000000000000000000BB
:1075D00000000000000000000000000000000000AB
:1075E000000000000000000000000000000000009B
:1075F000000000000000000000000000000000008B
:10760000000000000000000000000000000000007A
:10761000000000000000000000000000000000006A
:10762000000000000000000000000000000000005A
:10763000000000000000000000000000000000004A
:10764000000000000000000000000000000000003A
:10765000000000000000000000000000000000002A
:10766000000000000000000000000000000000001A
:10767000000000000000000000000000000000000A
:1076800000000000000000000000000000000000FA
:1076900000000000000000000000000000000000EA
:1076A00000000000000000000000000000000000DA
:1076B00000000000000000000000000000000000CA
:1076C00000000000000000000000000000000000BA
:1076D00000000000000000000000000000000000AA
:1076E000000000000000000000000000000000009A
:1076F000000000000000000000000000000000008A
:107700000000000000000000000000000000000079
:107710000000000000000000000000000000000069
:107720000000000000000000000000000000000059
:107730000000000000000000000000000000000049
:107740000000000000000000000000000000000039
:107750000000000000000000000000000000000029
:107760000000000000000000000000000000000019
:107770000000000000000000000000000000000009
:1077800000000000000000000000000000000000F9
:1077900000000000000000000000000000000000E9
:1077A00000000000000000000000000000000000D9
:1077B00000000000000000000000000000000000C9
:1077C00000000000000000000000000000000000B9
:1077D00000000000000000000000000000000000A9
:1077E0000000000000000000000000000000000099
:1077F0000000000000000000000000000000000089
:107800000000000000000000000000000000000078
:107810000000000000000000000000000000000068
:107820000000000000000000000000000000000058
:107830000000000000000000000000000000000048
:107840000000000000000000000000000000000038
:107850000000000000000000000000000000000028
:107860000000000000000000000000000000000018
:107870000000000000000000000000000000000008
:1078800000000000000000000000000000000000F8
:1078900000000000000000000000000000000000E8
:1078A00000000000000000000000000000000000D8
:1078B00000000000000000000000000000000000C8
:1078C00000000000000000000000000000000000B8
:1078D00000000000000000000000000000000000A8
:1078E0000000000000000000000000000000000098
:1078F0000000000000000000000000000000000088
:107900000000000000000000000000000000000077
:107910000000000000000000000000000000000067
:107920000000000000000000000000000000000057
:107930000000000000000000000000000000000047
:107940000000000000000000000000000000000037
:107950000000000000000000000000000000000027
:107960000000000000000000000000000000000017
:107970000000000000000000000000000000000007
:1079800000000000000000000000000000000000F7
:1079900000000000000000000000000000000000E7
:1079A00000000000000000000000000000000000D7
:1079B00000000000000000000000000000000000C7
:1079C00000000000000000000000000000000000B7
:1079D00000000000000000000000000000000000A7
:1079E0000000000000000000000000000000000097
:1079F0000000000000000000000000000000000087
:107A00000000000000000000000000000000000076
:107A10000000000000000000000000000000000066
:107A20000000000000000000000000000000000056
:107A30000000000000000000000000000000000046
:107A40000000000000000000000000000000000036
:107A50000000000000000000000000000000000026
:107A60000000000000000000000000000000000016
:107A70000000000000000000000000000000000006
:107A800000000000000000000000000000000000F6
:107A900000000000000000000000000000000000E6
:107AA00000000000000000000000000000000000D6
:107AB00000000000000000000000000000000000C6
:107AC00000000000000000000000000000000000B6
:107AD00000000000000000000000000000000000A6
:107AE0000000000000000000000000000000000096
:107AF0000000000000000000000000000000000086
:107B00000000000000000000000000000000000075
:107B10000000000000000000000000000000000065
:107B20000000000000000000000000000000000055
:107B30000000000000000000000000000000000045
:107B40000000000000000000000000000000000035
:107B50000000000000000000000000000000000025
:107B60000000000000000000000000000000000015
:107B70000000000000000000000000000000000005
:107B800000000000000000000000000000000000F5
:107B900000000000000000000000000000000000E5
:107BA00000000000000000000000000000000000D5
:107BB00000000000000000000000000000000000C5
:107BC00000000000000000000000000000000000B5
:107BD00000000000000000000000000000000000A5
:107BE0000000000000000000000000000000000095
:107BF0000000000000000000000000000000000085
:107C00000000000000000000000000000000000074
:107C10000000000000000000000000000000000064
:107C20000000000000000000000000000000000054
:107C30000000000000000000000000000000000044
:107C40000000000000000000000000000000000034
:107C50000000000000000000000000000000000024
:107C60000000000000000000000000000000000014
:107C70000000000000000000000000000000000004
:107C800000000000000000000000000000000000F4
:107C900000000000000000000000000000000000E4
:107CA00000000000000000000000000000000000D4
:107CB00000000000000000000000000000000000C4
:107CC00000000000000000000000000000000000B4
:107CD00000000000000000000000000000000000A4
:107CE0000000000000000000000000000000000094
:107CF0000000000000000000000000000000000084
:107D00000000000000000000000000000000000073
:107D10000000000000000000000000000000000063
:107D20000000000000000000000000000000000053
:107D30000000000000000000000000000000000043
:107D40000000000000000000000000000000000033
:107D50000000000000000000000000000000000023
:107D60000000000000000000000000000000000013
:107D70000000000000000000000000000000000003
:107D800000000000000000000000000000000000F3
:107D900000000000000000000000000000000000E3
:107DA00000000000000000000000000000000000D3
:107DB00000000000000000000000000000000000C3
:107DC00000000000000000000000000000000000B3
:107DD00000000000000000000000000000000000A3
:107DE0000000000000000000000000000000000093
:107DF0000000000000000000000000000000000083
:107E00000000000000000000000000000000000072
:107E10000000000000000000000000000000000062
:107E20000000000000000000000000000000000052
:107E30000000000000000000000000000000000042
:107E40000000000000000000000000000000000032
:107E50000000000000000000000000000000000022
:107E60000000000000000000000000000000000012
:107E70000000000000000000000000000000000002
:107E800000000000000000000000000000000000F2
:107E900000000000000000000000000000000000E2
:107EA00000000000000000000000000000000000D2
:107EB00000000000000000000000000000000000C2
:107EC00000000000000000000000000000000000B2
:107ED00000000000000000000000000000000000A2
:107EE0000000000000000000000000000000000092
:107EF0000000000000000000000000000000000082
:107F00000000000000000000000000000000000071
:107F10000000000000000000000000000000000061
:107F20000000000000000000000000000000000051
:107F30000000000000000000000000000000000041
:107F40000000000000000000000000000000000031
:107F50000000000000000000000000000000000021
:107F60000000000000000000000000000000000011
:107F70000000000000000000000000000000000001
:107F800000000000000000000000000000000000F1
:107F900000000000000000000000000000000000E1
:107FA00000000000000000000000000000000000D1
:107FB00000000000000000000000000000000000C1
:107FC00000000000000000000000000000000000B1
:107FD00000000000000000000000000000000000A1
:107FE0000000000000000000000000000000000091
:107FF0000000000000000000000000000000000081
:108000000000000000000000000000000000000070
:108010000000000000000000000000000000000060
:108020000000000000000000000000000000000050
:108030000000000000000000000000000000000040
:108040000000000000000000000000000000000030
:108050000000000000000000000000000000000020
:108060000000000000000000000000000000000010
:108070000000000000000000000000000000000000
:1080800000000000000000000000000000000000F0
:1080900000000000000000000000000000000000E0
:1080A00000000000000000000000000000000000D0
:1080B00000000000000000000000000000000000C0
:1080C00000000000000000000000000000000000B0
:1080D00000000000000000000000000000000000A0
:1080E0000000000000000000000000000000000090
:1080F0000000000000000000000000000000000080
:10810000000000000000000000000000000000006F
:10811000000000000000000000000000000000005F
:10812000000000000000000000000000000000004F
:10813000000000000000000000000000000000003F
:10814000000000000000000000000000000000002F
:10815000000000000000000000000000000000001F
:10816000000000000000000000000000000000000F
:1081700000000000000000000000000000000000FF
:1081800000000000000000000000000000000000EF
:1081900000000000000000000000000000000000DF
:1081A00000000000000000000000000000000000CF
:1081B00000000000000000000000000000000000BF
:1081C00000000000000000000000000000000000AF
:1081D000000000000000000000000000000000009F
:1081E000000000000000000000000000000000008F
:1081F000000000000000000000000000000000007F
:10820000000000000000000000000000000000006E
:10821000000000000000000000000000000000005E
:10822000000000000000000000000000000000004E
:10823000000000000000000000000000000000003E
:10824000000000000000000000000000000000002E
:10825000000000000000000000000000000000001E
:10826000000000000000000000000000000000000E
:1082700000000000000000000000000000000000FE
:1082800000000000000000000000000000000000EE
:1082900000000000000000000000000000000000DE
:1082A00000000000000000000000000000000000CE
:1082B00000000000000000000000000000000000BE
:1082C00000000000000000000000000000000000AE
:1082D000000000000000000000000000000000009E
:1082E000000000000000000000000000000000008E
:1082F000000000000000000000000000000000007E
:10830000000000000000000000000000000000006D
:10831000000000000000000000000000000000005D
:10832000000000000000000000000000000000004D
:10833000000000000000000000000000000000003D
:10834000000000000000000000000000000000002D
:10835000000000000000000000000000000000001D
:10836000000000000000000000000000000000000D
:1083700000000000000000000000000000000000FD
:1083800000000000000000000000000000000000ED
:1083900000000000000000000000000000000000DD
:1083A00000000000000000000000000000000000CD
:1083B00000000000000000000000000000000000BD
:1083C00000000000000000000000000000000000AD
:1083D000000000000000000000000000000000009D
:1083E000000000000000000000000000000000008D
:1083F000000000000000000000000000000000007D
:10840000000000000000000000000000000000006C
:10841000000000000000000000000000000000005C
:10842000000000000000000000000000000000004C
:10843000000000000000000000000000000000003C
:10844000000000000000000000000000000000002C
:10845000000000000000000000000000000000001C
:10846000000000000000000000000000000000000C
:1084700000000000000000000000000000000000FC
:1084800000000000000000000000000000000000EC
:1084900000000000000000000000000000000000DC
:1084A00000000000000000000000000000000000CC
:1084B00000000000000000000000000000000000BC
:1084C00000000000000000000000000000000000AC
:1084D000000000000000000000000000000000009C
:1084E000000000000000000000000000000000008C
:1084F000000000000000000000000000000000007C
:10850000000000000000000000000000000000006B
:10851000000000000000000000000000000000005B
:10852000000000000000000000000000000000004B
:10853000000000000000000000000000000000003B
:10854000000000000000000000000000000000002B
:10855000000000000000000000000000000000001B
:10856000000000000000000000000000000000000B
:1085700000000000000000000000000000000000FB
:1085800000000000000000000000000000000000EB
:1085900000000000000000000000000000000000DB
:1085A00000000000000000000000000000000000CB
:1085B00000000000000000000000000000000000BB
:1085C00000000000000000000000000000000000AB
:1085D000000000000000000000000000000000009B
:1085E000000000000000000000000000000000008B
:1085F000000000000000000000000000000000007B
:10860000000000000000000000000000000000006A
:10861000000000000000000000000000000000005A
:10862000000000000000000000000000000000004A
:10863000000000000000000000000000000000003A
:10864000000000000000000000000000000000002A
:10865000000000000000000000000000000000001A
:10866000000000000000000000000000000000000A
:1086700000000000000000000000000000000000FA
:1086800000000000000000000000000000000000EA
:1086900000000000000000000000000000000000DA
:1086A00000000000000000000000000000000000CA
:1086B00000000000000000000000000000000000BA
:1086C00000000000000000000000000000000000AA
:1086D000000000000000000000000000000000009A
:1086E000000000000000000000000000000000008A
:1086F000000000000000000000000000000000007A
:108700000000000000000000000000000000000069
:108710000000000000000000000000000000000059
:108720000000000000000000000000000000000049
:108730000000000000000000000000000000000039
:108740000000000000000000000000000000000029
:108750000000000000000000000000000000000019
:108760000000000000000000000000000000000009
:1087700000000000000000000000000000000000F9
:1087800000000000000000000000000000000000E9
:1087900000000000000000000000000000000000D9
:1087A00000000000000000000000000000000000C9
:1087B00000000000000000000000000000000000B9
:1087C00000000000000000000000000000000000A9
:1087D0000000000000000000000000000000000099
:1087E0000000000000000000000000000000000089
:1087F0000000000000000000000000000000000079
:108800000000000000000000000000000000000068
:108810000000000000000000000000000000000058
:108820000000000000000000000000000000000048
:108830000000000000000000000000000000000038
:108840000000000000000000000000000000000028
:108850000000000000000000000000000000000018
:108860000000000000000000000000000000000008
:1088700000000000000000000000000000000000F8
:1088800000000000000000000000000000000000E8
:1088900000000000000000000000000000000000D8
:1088A00000000000000000000000000000000000C8
:1088B00000000000000000000000000000000000B8
:1088C00000000000000000000000000000000000A8
:1088D0000000000000000000000000000000000098
:1088E0000000000000000000000000000000000088
:1088F0000000000000000000000000000000000078
:108900000000000000000000000000000000000067
:108910000000000000000000000000000000000057
:108920000000000000000000000000000000000047
:108930000000000000000000000000000000000037
:108940000000000000000000000000000000000027
:108950000000000000000000000000000000000017
:108960000000000000000000000000000000000007
:1089700000000000000000000000000000000000F7
:1089800000000000000000000000000000000000E7
:1089900000000000000000000000000000000000D7
:1089A00000000000000000000000000000000000C7
:1089B00000000000000000000000000000000000B7
:1089C00000000000000000000000000000000000A7
:1089D0000000000000000000000000000000000097
:1089E0000000000000000000000000000000000087
:1089F0000000000000000000000000000000000077
:108A00000000000000000000000000000000000066
:108A10000000000000000000000000000000000056
:108A20000000000000000000000000000000000046
:108A30000000000000000000000000000000000036
:108A40000000000000000000000000000000000026
:108A50000000000000000000000000000000000016
:108A60000000000000000000000000000000000006
:108A700000000000000000000000000000000000F6
:108A800000000000000000000000000000000000E6
:108A900000000000000000000000000000000000D6
:108AA00000000000000000000000000000000000C6
:108AB00000000000000000000000000000000000B6
:108AC00000000000000000000000000000000000A6
:108AD0000000000000000000000000000000000096
:108AE0000000000000000000000000000000000086
:108AF0000000000000000000000000000000000076
:108B00000000000000000000000000000000000065
:108B10000000000000000000000000000000000055
:108B20000000000000000000000000000000000045
:108B30000000000000000000000000000000000035
:108B40000000000000000000000000000000000025
:108B50000000000000000000000000000000000015
:108B60000000000000000000000000000000000005
:108B700000000000000000000000000000000000F5
:108B800000000000000000000000000000000000E5
:108B900000000000000000000000000000000000D5
:108BA00000000000000000000000000000000000C5
:108BB00000000000000000000000000000000000B5
:108BC00000000000000000000000000000000000A5
:108BD0000000000000000000000000000000000095
:108BE0000000000000000000000000000000000085
:108BF0000000000000000000000000000000000075
:108C00000000000000000000000000000000000064
:108C10000000000000000000000000000000000054
:108C20000000000000000000000000000000000044
:108C30000000000000000000000000000000000034
:108C40000000000000000000000000000000000024
:108C50000000000000000000000000000000000014
:108C60000000000000000000000000000000000004
:108C700000000000000000000000000000000000F4
:108C800000000000000000000000000000000000E4
:108C900000000000000000000000000000000000D4
:108CA00000000000000000000000000000000000C4
:108CB00000000000000000000000000000000000B4
:108CC00000000000000000000000000000000000A4
:108CD0000000000000000000000000000000000094
:108CE0000000000000000000000000000000000084
:108CF0000000000000000000000000000000000074
:108D00000000000000000000000000000000000063
:108D10000000000000000000000000000000000053
:108D20000000000000000000000000000000000043
:108D30000000000000000000000000000000000033
:108D40000000000000000000000000000000000023
:108D50000000000000000000000000000000000013
:108D60000000000000000000000000000000000003
:108D700000000000000000000000000000000000F3
:108D800000000000000000000000000000000000E3
:108D900000000000000000000000000000000000D3
:108DA00000000000000000000000000000000000C3
:108DB00000000000000000000000000000000000B3
:108DC00000000000000000000000000000000000A3
:108DD0000000000000000000000000000000000093
:108DE0000000000000000000000000000000000083
:108DF0000000000000000000000000000000000073
:108E00000000000000000000000000000000000062
:108E10000000000000000000000000000000000052
:108E20000000000000000000000000000000000042
:108E30000000000000000000000000000000000032
:108E40000000000000000000000000000000000022
:108E50000000000000000000000000000000000012
:108E60000000000000000000000000000000000002
:108E700000000000000000000000000000000000F2
:108E800000000000000000000000000000000000E2
:108E900000000000000000000000000000000000D2
:108EA00000000000000000000000000000000000C2
:108EB00000000000000000000000000000000000B2
:108EC00000000000000000000000000000000000A2
:108ED0000000000000000000000000000000000092
:108EE0000000000000000000000000000000000082
:108EF0000000000000000000000000000000000072
:108F00000000000000000000000000000000000061
:108F10000000000000000000000000000000000051
:108F20000000000000000000000000000000000041
:108F30000000000000000000000000000000000031
:108F40000000000000000000000000000000000021
:108F50000000000000000000000000000000000011
:108F60000000000000000000000000000000000001
:108F700000000000000000000000000000000000F1
:108F800000000000000000000000000000000000E1
:108F900000000000000000000000000000000000D1
:108FA00000000000000000000000000000000000C1
:108FB00000000000000000000000000000000000B1
:108FC00000000000000000000000000000000000A1
:108FD0000000000000000000000000000000000091
:108FE0000000000000000000000000000000000081
:108FF0000000000000000000000000000000000071
:109000000000000000000000000000000000000060
:109010000000000000000000000000000000000050
:109020000000000000000000000000000000000040
:109030000000000000000000000000000000000030
:109040000000000000000000000000000000000020
:109050000000000000000000000000000000000010
:109060000000000000000000000000000000000000
:1090700000000000000000000000000000000000F0
:1090800000000000000000000000000000000000E0
:1090900000000000000000000000000000000000D0
:1090A00000000000000000000000000000000000C0
:1090B00000000000000000000000000000000000B0
:1090C00000000000000000000000000000000000A0
:1090D0000000000000000000000000000000000090
:1090E0000000000000000000000000000000000080
:1090F0000000000000000000000000000000000070
:10910000000000000000000000000000000000005F
:10911000000000000000000000000000000000004F
:10912000000000000000000000000000000000003F
:10913000000000000000000000000000000000002F
:10914000000000000000000000000000000000001F
:10915000000000000000000000000000000000000F
:1091600000000000000000000000000000000000FF
:1091700000000000000000000000000000000000EF
:1091800000000000000000000000000000000000DF
:1091900000000000000000000000000000000000CF
:1091A00000000000000000000000000000000000BF
:1091B00000000000000000000000000000000000AF
:1091C000000000000000000000000000000000009F
:1091D000000000000000000000000000000000008F
:1091E000000000000000000000000000000000007F
:1091F000000000000000000000000000000000006F
:10920000000000000000000000000000000000005E
:10921000000000000000000000000000000000004E
:10922000000000000000000000000000000000003E
:10923000000000000000000000000000000000002E
:10924000000000000000000000000000000000001E
:10925000000000000000000000000000000000000E
:1092600000000000000000000000000000000000FE
:1092700000000000000000000000000000000000EE
:1092800000000000000000000000000000000000DE
:1092900000000000000000000000000000000000CE
:1092A00000000000000000000000000000000000BE
:1092B00000000000000000000000000000000000AE
:1092C000000000000000000000000000000000009E
:1092D000000000000000000000000000000000008E
:1092E000000000000000000000000000000000007E
:1092F000000000000000000000000000000000006E
:10930000000000000000000000000000000000005D
:10931000000000000000000000000000000000004D
:10932000000000000000000000000000000000003D
:10933000000000000000000000000000000000002D
:10934000000000000000000000000000000000001D
:10935000000000000000000000000000000000000D
:1093600000000000000000000000000000000000FD
:1093700000000000000000000000000000000000ED
:1093800000000000000000000000000000000000DD
:1093900000000000000000000000000000000000CD
:1093A00000000000000000000000000000000000BD
:1093B00000000000000000000000000000000000AD
:1093C000000000000000000000000000000000009D
:1093D000000000000000000000000000000000008D
:1093E000000000000000000000000000000000007D
:1093F000000000000000000000000000000000006D
:10940000000000000000000000000000000000005C
:10941000000000000000000000000000000000004C
:10942000000000000000000000000000000000003C
:10943000000000000000000000000000000000002C
:10944000000000000000000000000000000000001C
:10945000000000000000000000000000000000000C
:1094600000000000000000000000000000000000FC
:1094700000000000000000000000000000000000EC
:1094800000000000000000000000000000000000DC
:1094900000000000000000000000000000000000CC
:1094A00000000000000000000000000000000000BC
:1094B00000000000000000000000000000000000AC
:1094C000000000000000000000000000000000009C
:1094D000000000000000000000000000000000008C
:1094E000000000000000000000000000000000007C
:1094F000000000000000000000000000000000006C
:10950000000000000000000000000000000000005B
:10951000000000000000000000000000000000004B
:10952000000000000000000000000000000000003B
:10953000000000000000000000000000000000002B
:10954000000000000000000000000000000000001B
:10955000000000000000000000000000000000000B
:1095600000000000000000000000000000000000FB
:1095700000000000000000000000000000000000EB
:1095800000000000000000000000000000000000DB
:1095900000000000000000000000000000000000CB
:1095A00000000000000000000000000000000000BB
:1095B00000000000000000000000000000000000AB
:1095C000000000000000000000000000000000009B
:1095D000000000000000000000000000000000008B
:1095E000000000000000000000000000000000007B
:1095F000000000000000000000000000000000006B
:10960000000000000000000000000000000000005A
:10961000000000000000000000000000000000004A
:10962000000000000000000000000000000000003A
:10963000000000000000000000000000000000002A
:10964000000000000000000000000000000000001A
:10965000000000000000000000000000000000000A
:1096600000000000000000000000000000000000FA
:1096700000000000000000000000000000000000EA
:1096800000000000000000000000000000000000DA
:1096900000000000000000000000000000000000CA
:1096A00000000000000000000000000000000000BA
:1096B00000000000000000000000000000000000AA
:1096C000000000000000000000000000000000009A
:1096D000000000000000000000000000000000008A
:1096E000000000000000000000000000000000007A
:1096F000000000000000000000000000000000006A
:109700000000000000000000000000000000000059
:109710000000000000000000000000000000000049
:109720000000000000000000000000000000000039
:109730000000000000000000000000000000000029
:109740000000000000000000000000000000000019
:109750000000000000000000000000000000000009
:1097600000000000000000000000000000000000F9
:1097700000000000000000000000000000000000E9
:1097800000000000000000000000000000000000D9
:1097900000000000000000000000000000000000C9
:1097A00000000000000000000000000000000000B9
:1097B00000000000000000000000000000000000A9
:1097C0000000000000000000000000000000000099
:1097D0000000000000000000000000000000000089
:1097E0000000000000000000000000000000000079
:1097F0000000000000000000000000000000000069
:109800000000000000000000000000000000000058
:109810000000000000000000000000000000000048
:109820000000000000000000000000000000000038
:109830000000000000000000000000000000000028
:109840000000000000000000000000000000000018
:109850000000000000000000000000000000000008
:1098600000000000000000000000000000000000F8
:1098700000000000000000000000000000000000E8
:1098800000000000000000000000000000000000D8
:1098900000000000000000000000000000000000C8
:1098A00000000000000000000000000000000000B8
:1098B00000000000000000000000000000000000A8
:1098C0000000000000000000000000000000000098
:1098D0000000000000000000000000000000000088
:1098E0000000000000000000000000000000000078
:1098F0000000000000000000000000000000000068
:109900000000000000000000000000000000000057
:109910000000000000000000000000000000000047
:109920000000000000000000000000000000000037
:109930000000000000000000000000000000000027
:109940000000000000000000000000000000000017
:109950000000000000000000000000000000000007
:1099600000000000000000000000000000000000F7
:1099700000000000000000000000000000000000E7
:020000040110E9
:1000000090851000AD091001656111010108100112
:100010000108100101081001010810010000000092
:10002000000000000000000000000000E961110174
:100030000108100100000000756111012F64110119
:100040008D0810018D0810018D0810018D08100118
:100050008D0810018D0810018D0810018D08100108
:100060008D0810018D0810018D0810018D081001F8
:100070008D0810018D0810018D0810018D081001E8
:100080008D0810018D0810018D0810018D081001D8
:100090008D0810018D0810018D0810018D081001C8
:1000A0008D0810018D0810018D0810018D081001B8
:1000B0008D0810018D0810018D0810018D081001A8
:1000C0004154420000001001000000000000000048
:1000D00000200000000000000000000040F2BD0C05
:1000E000C0F2100C604740F2010CC0F2100C6047E7
:1000F0002DE9F05F0546002092469B46884606465D
:10010000814640241BE0284641464746224600F0EF
:1001100053F853465A46C01A914110D31146184617
:10012000224600F03AF82D1A67EB01084F462246A6
:100130000120002100F031F817EB00094E41201E8C
:10014000A4F10104DFDC484631462A464346BDE8B7
:10015000F09F40EA01039B0703D009E008C9121F82
:1001600008C0042AFAD203E011F8013B00F8013B71
:10017000521EF9D27047D2B201E000F8012B491E9D
:10018000FBD270470022F6E710B513460A46044634
:100190001946FFF7F0FF204610BD202A04DB203A65
:1001A00000FA02F1002070479140C2F1200320FACA
:1001B00003F3194390407047202A04DB203A21FAC8
:1001C00002F00021704721FA02F3D040C2F1200270
:1001D00091400843194670470022E0E80221282197
:1001E000FFF7D0BF4DF808ED08F0A2F8024601284D
:1001F0005DF808EB7047304614F06ABC45210EF0FC
:1002000033BC06F11000042116F093BA001BB0FABB
:1002100080F0400914F008BE204641462A460823D3
:100220000FF02CBB45214B46CDE900650EF01CBC00
:1002300049210EF019BC49210EF016BC012210F024
:100240001DBE31682846424610F055BF1021224697
:10025000102300F0EBBAAA6C2846294613F052BCD2
:100260002021224613F081BD04EB4500A16880895E
:1002700000EB400001EBC0007047044680890D464A
:10028000033121F0030100287047A08101200021E3
:10029000207504F108000DF071BC45210EF0E4BB9F
:1002A0008A898968002301F0E7BC452122460EF0C7
:1002B000DBBB2046002160220DF027BA50E8001F6A
:1002C00041F0100140E80012002A704700EB800066
:1002D00001EBC00070470021182228460DF015BA26
:1002E000452142460EF0C0BB45210EF0BDBB154670
:1002F0000E46044608F0AEBB002210F0FCBE2146BC
:100300003246234600F092BA20463146202213F0AE
:10031000E1BD083000210DF031BC4DF808ED284654
:1003200005F03CFF0246204629465DF808EB03F045
:100330007BBA20460DF02EBC054601F108000C46A4
:100340000DF003BC04F1B800BFF35F8F70470022CB
:1003500004F09CBC0846104742F60300ADF81200BA
:1003600000208DF8100030687047083010210DF023
:10037000A1BB8DF808104FF6FF71ADF806106FF0B5
:10038000FF01CDF8021070472868BFF35F8F800629
:100390007047083002210DF08DBB45210EF064BB83
:1003A000BFF35F8FBFF35F8F704745210EF05CBBDB
:1003B00001204FF6FF71334604F04AB910220DF0C8
:1003C0005EB9D0F89000BFF35F8F800770478D68EB
:1003D00000F18806017A0420324605F0ADB92046C6
:1003E00003F0D8BB00210A2212F075BE2046BFF3ED
:1003F0005F8F12F077B94FF0FF324FF0FF33704745
:1004000050E8001F41F0010140E80012002A704747
:1004100020462946002212F007B9083008210DF0C5
:1004200049BB0421284613F07CBE45210EF01CBBBD
:10043000BFF35F8F4006704716F8011B2046324617
:1004400002F07EBFBFF35F8F0007704757E8241F9D
:1004500041F4804147E82412002A704750E8141FF5
:1004600021F0020140E81412002A7047D4F8BC00C1
:10047000BFF35F8F00047047009403F05FBD5046E8
:1004800039460FF0D1B8204613F094BC45210EF048
:10049000EBBA204602F05EBA8DF80700ADF8050011
:1004A000CDF80100704740E80012002A704755E877
:1004B0000A0F20F0400045E80A01002970474FF676
:1004C000FF7104F0C5B855E8000F40F4806045E8BE
:1004D0000002002A7047BFF35F8F6068BFF35F8F31
:1004E000000770474FF6FF7104F0BCB8204629465C
:1004F0000022002612F098B8BFF35F8F6068BFF348
:100500005F8F400770474DF808ED701C41468DF82D
:100510000FA0ADF80DA0CDF809A002F04BF800280F
:100520005DF808EB704757E8000F40F0020047E81D
:10053000000100297047BFF35F8F6068BFF35F8FD2
:10054000C007704745213A460EF08EBABFF35F8F61
:10055000BFF35F8F70470698009003F0EFBC002058
:10056000BFF35F8F70BD8DF80800ADF80600CDF8C1
:1005700002007047224612F8011B02F0E1BE30462D
:1005800002F040B807F11804204600F090BF572150
:100590000EF06ABA54E82F0F40F4007044E82F01BF
:1005A0000029704700200021062202F06DBF40465E
:1005B0002A460DF064B88DF80F00ADF80D00CDF8A7
:1005C000090070478DF80B00ADF80900CDF8050063
:1005D0007047BFF35F8F0DF052B84DF808ED8DF8FE
:1005E0001700ADF81500CDF81100204601F0DCFF32
:1005F00000285DF808EB7047BFF35F8F006DBFF315
:100600005F8FC0077047BFF35F8F10F077BB009319
:10061000452123460EF028BA20462946202213F011
:1006200091BC00F58E700DF033BA054608460C46B5
:1006300005F078BC002110220DF067B880B22A4680
:100640002346CDE901600898009003F077BC45216E
:100650000EF00ABA87F8E100287A00F0FB00287251
:10066000704722792168284607F0E3BA287A05F115
:10067000880104F0D5BF022104F0CABA1D46144611
:10068000074605F0ABBD41E80023002B704720462C
:100690000DF080BA2046BFF35F8F11F0DDBF054635
:1006A00097F8E01097F8E1000029704720462946A6
:1006B0002A4603F053BB06F1C8000A460BF05ABEA7
:1006C00020460021002511F0D1B9002120732046D9
:1006D00003F082B90446D0F8BC00BFF35F8F8004FA
:1006E00070470646083003210DF0E4B900EB4000E6
:1006F00007EB8000704704F1DF00102105F0D4BC47
:1007000004F1BC00BFF35F8F70470646083001213B
:100710000DF0D0B914460D4606460BF037BE013039
:1007200087F8E100287A40F00400287270470846F4
:100730000DF030BA45210EF097B945E800010029C7
:100740007047154602680C46002A704720460DF097
:100750008DB901F1080004210DF000BA8DF80750A1
:10076000ADF80550CDF8015001F02DBFD4F8BC0014
:10077000BFF35F8F7047002104F088BA38460DF050
:1007800001BA207A494601F032BF08EB0500C5F1F5
:10079000100200210CF0B9BF8668B6F80150284657
:1007A00002F06CBE08300DF085B957E8000F40F438
:1007B000803047E800010029704748E8000100291F
:1007C0007047002202F002B945212A460EF04CB9CA
:1007D0000022002300260BF0A9BCD0F8BC00BFF318
:1007E0005F8F7047044B9968986A884203D0034929
:1007F0004FF080520A607047C40D100004ED00E015
:10080000EFF30880EFF3098101B5724615F0A4FB00
:1008100001BD000001490860704700BFE4051000F9
:1008200001490860704700BFE805100010B58B4211
:1008300001D9002404E011461A461C460CF01FFFA3
:10084000204610BD41B21B2202EAD11181EA4000CC
:10085000C0B27047828801888A4231BFD043D243F8
:100860001144408908447047B0B50DF01FFF0020C7
:1008700000240DF031FF044D287A042802D196207F
:1008800012F0B2FE2C72B0BD380E100001B572B677
:100890000C4A506A00281EBF0021516216F09CFAD3
:1008A00062B6EFF30580A0F110004FEAC0000649E0
:1008B000014409C9984715F093F9BDE8014003497F
:1008C00008470000C40D1000000C1000E5071001DF
:1008D0002DE9F007B1E8F807521EA0E8F807002A52
:1008E000F8D1BDE8F00770472DE9F0030B460C4640
:1008F0000D460E460F4688468946521EA0E8FA036A
:10090000002AFAD1BDE8F003704700002DE9F84F46
:10091000DFF870B0824600200FF26C08BBF802408E
:10092000ABF80400012C27DB0BEB4400DBF80810CC
:10093000408900EB400001EBC0055146284608F015
:10094000BFFE074610F1230600D02FB9BBF8040004
:100950000130ABF804000BE02D68504608F09CFE17
:100960000346404649212A4600970EF07DF8B946D5
:1009700007B11EB9013CD5E74FF000094846BDE874
:10098000F88F00BF500E100025633A2025732064B5
:100990006964206E6F7420656E7465722025732003
:1009A00073746174653A2025640A0000202080F386
:1009B00011880B484FF0AA014FF440720CF0A5FECD
:1009C00007484FF44071401880F30988EFF3148012
:1009D0000221084380F31488BFF36F8F15F0EEFBFC
:1009E000809610000CF091BE4FF0FF30704710B5AC
:1009F000044608380DD00078C0070AD154F8040C1A
:100A000000B1804720464B220023BDE810400BF088
:100A1000B3BA10BD80B512F0D3FF07498968884288
:100A20003CBF002080BD05A049210EF01DF812F04A
:100A30003FFE012080BD00BF9820100025633A20B2
:100A4000706F77657220646F776E2121210A000034
:100A500070470000042818BF70477048017C41F0BF
:100A600008010174AFF30080B0B5174D12F0A4FF78
:100A70000446FFF7CFFF88B944B912F0A1FF6968B7
:100A8000884203D3287C0007F0D507E012F098FFD6
:100A900003460EA0492122460DF0E6FF14484921E5
:100AA000026814A00DF0E0FF287C00F0F80001308F
:100AB0002874062012F03EFF00F02CF80620BDE856
:100AC000B04012F055BF00BF9820100025633A20B7
:100AD00073332077616B656C6F636B3A30782530C8
:100AE000387820667265653A307825780A0000000B
:100AF00004C0004025633A205333203D3E2053324A
:100B00002C207274635F636E743D307825780A0A16
:100B10000000000010B50B48492102680AA00DF042
:100B2000A3FF16F0ABF83D4C4000E06011F07CFFF5
:100B30000DF040FD962012F057FD207C00F0F800EB
:100B4000207410BD04C0004025633A205332203D7C
:100B50003E2053312C207274635F636E743D307895
:100B600025780A0A00000000B0B50446FFF752FFDE
:100B700008B10120B0BD294D287C00F00702022AEF
:100B800027D0012A1CD03ABB12F016FF002842D110
:100B900012F016FF696888423DD929484921026848
:100BA00030A00DF061FF12F037FD0DF0B7FC12F030
:100BB00079FD11F03BFF287C00F0F800013026E0C1
:100BC00012F0FAFE78B1024615A049210DF04CFF53
:100BD0001FE0FFF749FF1EE02AA045210DF044FF6A
:100BE0006FF01500B0BD2868B4EB500F11D9144850
:100BF0004921026813A00DF037FF287C00F0F700B0
:100C0000287412F049FD287C00F0F80002302874A6
:100C100001E0FFF77FFF0020B0BD00BF982010006B
:100C200025633A2073797374656D2077616B656C09
:100C30006F636B733A3078253038780A0000000013
:100C400004C0004025633A205332203D3E205333F8
:100C50002C207274635F636E743D307825780A0AC5
:100C60000000000025633A205331203D3E205332DE
:100C70002C207274635F636E743D307825780A0AA5
:100C80000000000025633A20696E76616C6964207B
:100C90007374616E6462792073746174653A25645B
:100CA0000A0000004FF0011303FA02F24B6893436D
:100CB0004B600A60016821F480210160416821F0E5
:100CC000010141607047F8B51C4615460E460746BF
:100CD00000F07EF9069831462A46234606903846AB
:100CE00001B0BDE8F04004F071BF00000148007899
:100CF000704700BF901E10002DE9F04F85B0314CB9
:100D00004FF44071002818BF4FF480612160023118
:100D100021602168C906FCD54FF0000A05214FF477
:100D200080682FA54FF00009C4F800A0002818BF64
:100D30000821019118BF4FF4E06808F1020B02AEE0
:100D4000002000210022032815D0C4F80080C4F838
:100D500000B02368DB06FCD5636846F82030C4F891
:100D600000A009B1994200D219460AB19A4200D9AD
:100D70001A460130E7E7019822FA00F38A1A9A42EC
:100D800010D309F1010910A049460DF06DFE0027AE
:100D9000032FD5D056F82720284639460DF064FE9B
:100DA0000137F5E700200021032804D056F8202061
:100DB00001301144F8E70320B1FBF0F005B0BDE8C5
:100DC000F08F00BF14010040726F756E645B256484
:100DD0005D3A30782578203E20307825780A00006A
:100DE0006C6672635F636F756E7465725B25645DBC
:100DF0003A307825780A0000034A1368C3EA805025
:100E000040EA0140106070471001004023282EDCAA
:100E10004FF02003EFF3118283F31188BFF36F8F3C
:100E20009F4B39B11F280FDC012101FA00F019682E
:100E3000084307E01F280EDC012101FA00F01968C1
:100E400021EA000018600EE02038012101FA00F0CC
:100E50005968084306E02038012101FA00F059687A
:100E600021EA0000586082F31188BFF36F8F70474A
:100E70000021FFF7CBBF0121FFF7C8BF7FB516F0F8
:100E8000DFFA0BF079FA16F0DBFA2B4E04463078D5
:100E900058B92A4A2A482021106002A8009003ABC2
:100EA0004FF400700EF042F980B1244D2988688813
:100EB00002AA00920DF1060203AB0EF091F8013088
:100EC00006D0BDF80600688001203070002506E0DD
:100ED000002030701BA00DF0C7FD4FF0FF3516F05D
:100EE000AFFA001B0621B0FBF1F21FA021A10DF00B
:100EF000BBFD029B1149B3F5004048BFC3F500405C
:100F00004A880988009022A00DF0AEFD03984FF0AA
:100F1000FF32410AB1FA81F1B0F5007FC1F1200141
:100F200002FA01F138BF4FF0FF31C6E901010BF0C1
:100F30000FFA284604B070BD8C0F10000A04100090
:100F400000022000726333326B206163637572614B
:100F5000746520636F7272656374696F6E20666179
:100F6000696C65640A000000257320256475730AA6
:100F700000000000616374735F636C6F636B5F728A
:100F80006333326B5F63616C696272617465000028
:100F9000307825782D307825782C20726333326BA9
:100FA0003A25642C206162733A25640A000000002F
:100FB00010B50BF0E1F90120FFF79EFE0349B1FBEC
:100FC000F0F40BF0C5F9204610BD00BF00001BB7C0
:100FD00010B5FFF7EDFFB0F50044014648BFC0F57E
:100FE000004405A022460DF03FFD112C28BFFFF75D
:100FF00045FF002010BD00BF726333326B5F667225
:1010000065713D25642C6162733D25640A00000012
:101010000848094900F130020A600A68D201FCD58B
:101020000A684FF47C6303EAD242403A10430860F6
:10103000704700BF04C00A000401004070B50022E0
:101040000123002400258A420CDA865C202E04D37A
:10105000203E03FA06F6354302E003FA06F634436F
:101060000132F0E704A021462A460DF0FDFC0C48B1
:101070000460456070BD00BF736C656570206B6572
:10108000657020646576636C6B303A307825782023
:10109000646576636C6B313A307825780A0000001D
:1010A00008100040014805F0C9BF00BFCC07100080
:1010B00068B1B0B50446007D082803D29521C1402F
:1010C000C90707D10BA00DF0CFFC002004E06FF0A2
:1010D0001500704705A1085CA289A16806F0D4F844
:1010E000054620460CF056FD2846B0BD0101020120
:1010F00005010103756E6B6E6F776E206275662059
:10110000747970650A0000004B2884BF6FF01500E9
:101110007047B0B54FF02002EFF3118382F31188CE
:10112000BFF36F8F47F63F75064A52F82040AC4335
:10113000214342F82010002083F31188BFF36F8F02
:10114000B0BD00BF0480064070B50C4605460026C1
:10115000A642A8BF70BD05EBC60155F83600496828
:10116000FFF7D2FF0136F3E710B5044600F005F8AB
:101170002046BDE8104000F037B80121AFF30080F1
:1011800026282DDC4FF02003EFF3118283F3118822
:10119000BFF36F8F39B11F280DDC012101FA00F078
:1011A0004FF080410CE01F280EDC012101FA00F015
:1011B0004FF080410DE02038012101FA00F009498B
:1011C0000B6823EA000006E02038012101FA00F054
:1011D00004490B681843086082F31188BFF36F8FCE
:1011E000704700BF040000400021FFF7C9BF0000A6
:1011F000B0B504460FA021460DF036FC354D032C4A
:1012000008D1286820F4807028602868B0F1FF3F7A
:10121000FBDD09E000F01AF8286840F480702860CF
:101220002868B0F1FF3FFBDC286840F0010028602F
:10123000B0BD00BF73657475702073797374656D8C
:101240002074696D65723A25640A00000348044AF7
:101250004168516080681060002070478C0F10005A
:1012600018C00040F8B51B484FF0FF31816101689C
:10127000090104D5016841F000610160F7E7164CEF
:101280004FF0000C94E82E004068CF430E1A72F124
:10129000000238BF4F42C4E9000C391842F6E0673B
:1012A000C91845F10002D4E90465C4E90212881B9B
:1012B00062EB050142F6E0620023FEF719FFE0FB56
:1012C0000765C4E9046518B1BDE8F84014F0B0BF83
:1012D000F8BD00BF00C00040100E100010B5002384
:1012E0001A46994206D010F8323003F0FE04531C1F
:1012F000082CF5D100208A4238BF012010BD2DE90D
:10130000F041074600688846B8420FD03C4654F882
:10131000040F58B11646002A18BF643E8068314653
:10132000002818BF643815F03DFD58B1C8F80070AA
:1013300057F8040FC8F80400C0F80080C7F8008010
:10134000BDE8F0813968C81B18BF084670B18168D4
:1013500005463046002918BF643915F023FD50B901
:1013600021680020A94218BF2868EFE7C8F800707C
:1013700078682746DEE72F4657F8040FC8E9005083
:101380003868D9E770B5CA78037844788578C67824
:101390005A4002708A78624042704A786A4082708D
:1013A0000A787240C2700279CB795A40437902714F
:1013B0008A795A40837942714A795A40C379827155
:1013C0000A795A40037AC271CA7A5A40437A027241
:1013D0008A7A5A40837A42724A7A5A40C37A82722F
:1013E0000A7A5A40037BC272CA7B5A40437B02731B
:1013F0008A7B5A40837B42734A7B5A408273C27B0A
:10140000097B5140C17370BD02EA0301013118BF6D
:1014100014F0AABC7047B0B50D46044613F0E0F8CE
:10142000607B40F002006073FDB1A560284602C8F1
:101430004A1B18BF0A4662B1114692F90E2094F970
:101440000E30934209DB036800228B4218BF0A6802
:10145000F1E725606968616005E0084650F8042FEF
:10146000C4E9001201680C600460B0BDB0B5044668
:1014700042F22D00012103F0CBFB60B1054608309C
:1014800021460CF04AFB42F22D0029460022BDE81D
:10149000B04003F0FBBB6FF03600B0BD806890F940
:1014A0000E208A4218BF15F04BBD0020704701691D
:1014B000BFF35F8F490658BF704700F11001BFF3BB
:1014C0005F8F51E8002F42F4005241E80023002BC7
:1014D000F7D10021BFF35F8F0FF00ABD80B503A0E5
:1014E0000DF0C2FABDE8804004F0D6BC424C452065
:1014F0006164766572746973696E672074696D657D
:101500006F75742C2073746F7020616476657274CB
:101510006973696E672E0A000348064946F2A812ED
:1015200000230AF03FBD00BF7017100001480AF009
:101530000EBD00BF5012100010B500F11001BFF336
:101540005F8F51E8002F22F4005341E80034002C53
:10155000F7D19104BFF35F8F58BF10BD0121BDE8E3
:1015600010400FF0C5BC2DE9F84F876804468B4644
:10157000F80B084618BF0138B0FA80F1384618BF9A
:101580000138B0FA80F0884231D8C1F11F0804F167
:101590001009009159F82850B5B16FF0020A2E4693
:1015A0002046314607F056FA584522D2B7F5004F8B
:1015B00004EBC60034BFC688C66849F828601AF133
:1015C000010A01D2AE42EBD100984FF0FF31C0F1D9
:1015D000200001FA00F0E168084008D090FAA0F07D
:1015E000B0FA80F2204659F82260314604E0002625
:1015F00004E020463146424608F0BFFD3046BDE8D3
:10160000F88F00007FB5D0E9285604460AF080FF25
:1016100014A111F041FD10B114484069A06501A961
:10162000204615F0EDFA38B1014611480078C0B1F6
:1016300010A00DF019FA7FBDA06D4FF6FC710840A7
:1016400040EA054102917119081A0199C0EA014066
:101650000821039002A80DF0B1FA0448017B013182
:1016600001737FBD69646C6500000000240D1000EB
:101670000E041000556E61626C6520746F20646505
:101680007465726D696E6520756E7573656420731F
:101690007461636B2073697A6520282564290A00C8
:1016A000F8B5002200230392CDE901218DF8050051
:1016B00001A832220FF0F0FA8FBD000072B6404050
:1016C00080F31188BFF36F8FBFF34F8F30BF62B6C7
:1016D000BFF36F8F70470000010609D40C2101226F
:1016E00001EAD00100F01F0002FA00F0014A885020
:1016F000704700BF80E200E001060DD40C210122FA
:1017000001EAD00100F01F0002FA00F0034A8850FD
:10171000BFF34F8FBFF36F8F704700BF80E100E0D2
:10172000010609D40C21012201EAD00100F01F00BA
:1017300002FA00F0074A8850704700BF00F01F010E
:101740000122400902FA01F1024A52F82000084041
:10175000704700BF00E100E0029942F8203D4FF0E1
:101760008073D1600199916000995160044921F022
:101770000101C2E9061300218265C0F8B01070476C
:101780008971110110B504460A2802D10D2012F00A
:10179000DBFE204612F0D8FE002010BD094B134995
:1017A0008A681B68C2E92C030748026842F080522D
:1017B0000260002080F31188BFF36F8F8868D0F833
:1017C000B4007047F877110104ED00E0074B986012
:1017D000104681F30988002163B681F31188BFF3B5
:1017E0006F8F0022002315F0CFFC00BFC40D100046
:1017F00010B5184A10480021BFF35F8FD2E90023CB
:10180000016008338A420FD0416053F8084C24F03D
:101810000F040C43013144F01004846053F80C4B66
:1018200044F00104C460EDE7052101600020BFF32E
:101830004F8FBFF36F8F10BD94ED00E080B505486A
:1018400049210822036804A00DF00EF9FFF7D0FF2C
:10185000002080BD087E110125633A20746F7461F9
:101860006C20726567696F6E20636F756E743A20C5
:1018700025642C20636F6E66696720726567696FE7
:101880006E20636F756E743A2025640A00000000B4
:101890000448C1F80801486842690AB1FEF75ABD18
:1018A000704700BFBD8810012DE9F04F85B081461B
:1018B000B0F85E5080681C46934602910190104635
:1018C0000CF0B1F8A84275D2584604940CF0A5F873
:1018D000B9F85E7004460025584603950CF0A3F84D
:1018E0003D1A04F10807FEF749FF854207D2B9F80F
:1018F0005E5058460CF097F8A5EB000A02E0FEF7A0
:101900003DFF8246BAF1000F25D19BF806000CF08E
:10191000B9F8002200230BF0D5FF002851D004466F
:10192000584621460CF05EF8B9F85E5058460CF067
:101930007AF804F108072D1AFEF720FF854207D236
:10194000B9F85E5058460CF06EF8A5EB000A02E0BC
:10195000FEF714FF82462746A046049C02994E4695
:1019600057F8080FA2B24D68BB880092C2180198C0
:101970001FFA8AF3A8478146B0F1FF3F1CDD0E9B9A
:10198000039D23B10F9A404649469847D0B1384647
:1019900049460CF08FF8B6F85E7058464D440CF08E
:1019A00042F8D1450ED14C44B842B1460494444665
:1019B00092D307E0002505E0039D002D08BF4D46AA
:1019C00000E0039D284605B0BDE8F08F80B5FEF726
:1019D00067FC002080BD0000B0B50446D0F8C4000C
:1019E00070B1D54A90420BD08868C578A068052DA3
:1019F0000FD00F2D05D1417A01290DD90F2500E017
:101A00000E252046002100222B4600F035F900204B
:101A1000B0BD417A02290BD2022101F0A9FF0028B2
:101A2000EFD1D4F8C400017C41F001010174EEE76C
:101A300001D10321F1E7032901D80421EDE70525B0
:101A4000DFE700BF06207047F0B585B00446886820
:101A50000022058825B1468816B1B54208D92A4624
:101A60002046042101230FF005F8002005B0F0BD49
:101A7000A76801A8FEF7DEFD38460521FEF7A1FEA6
:101A8000029068B10B4A019401AB2846314602F03E
:101A9000D5FDDDE9021028B1D74AFEF7FAFCE4E7EC
:101AA0000E20E3E7FEF743FE204604212A460A23E0
:101AB000D9E700BFF59C10012DE9F04788B0044636
:101AC0000F4601F1080006210CF048F805880022B5
:101AD00025B1468816B1B54209D92A4620460621C5
:101AE00001230EF0C7FF002008B0BDE8F087808812
:101AF0004FF42051D7F80880ADF80610ADF80A0071
:101B000000208DF808008DF8040002A801A905F056
:101B1000ADF920B1204606212A460A23E1E7B7F8AD
:101B20000C90A76803A8002114224FF0000A0BF0C4
:101B3000ECFD38460721FEF744FE0490C8B10A20A8
:101B40000F4A8DF81C90CDE905A8039431468DF815
:101B50001D0003AB284602F071FD9DF81D0004999D
:101B600048B1FEF7E4FD9DF81D30204606212A46C7
:101B7000B7E70E20B8E7A04AFEF78BFCB3E700BF3B
:101B8000019E100180B5417B07290ED1042103F08D
:101B9000FFFE80B1D0F8B810BFF35F8F49075CBF7C
:101BA00050F8080C80BD0AA000E004A057210CF0FA
:101BB0005BFF002080BD11A04521F8E725633A2096
:101BC0004E6F7420636F6E6E65637465640A000007
:101BD00025633A20415454206368616E6E656C2021
:101BE000666C616767656420617320646973636F05
:101BF0006E6E65637465640A0000000025633A2018
:101C0000556E61626C6520746F2066696E64204158
:101C10005454206368616E6E656C0A0080B5FEF7EF
:101C20003FFB002080BD80B5FEF73AFB002080BD61
:101C300080B5FEF735FB002080BD80B5FEF730FB98
:101C4000002080BD80B5FEF72BFB002080BD80B555
:101C5000FEF726FB002080BD80B5FEF721FB0020AB
:101C600080BD80B5FEF71CFB002080BD80B5FEF76F
:101C700017FB002080BD00002DE9FE4F0746E03035
:101C8000994690468B460AF062F9D7F8C40060B1D5
:101C9000294988420FD08169456800244460029137
:101CA00001F06AF8C7F8C44008E024A057210CF0FE
:101CB000DBFE002502E00025C7F8C4503E68301D59
:101CC00011F0B4FD60B3716A044641B1B1F58A7098
:101CD00005D00968002918BFA1F58A7118E0002015
:101CE000002115E08A46D0F8C41029B9214606F033
:101CF000E6FDB0F1FF3F13DC00215046BAF1000FC2
:101D000006D0DAF814115046002918BFA1F58A71DF
:101D10000028E7D1D6E901017460206001B9B46000
:101D20003DB1386802995A464346006800914946D9
:101D3000A847BDE8FE8F00BF2815100025633A2094
:101D40004E6F2070656E64696E6720415454207236
:101D50006571756573740A0080B5FEF7A1FA0020FD
:101D600080BD0000B0B5044601F108000D460BF03F
:101D7000ECFE01462068AA68AB89006802F004FE08
:101D800020461E21002200F087FD18B1024A0146BC
:101D9000FEF77FFB0020B0BDBD881001F8B50246FC
:101DA000044652F8C00B00681268BFF35F8F120739
:101DB00044BF0620F8BD89680E88172E3CBF04205A
:101DC000F8BD0321022200F001FE98B1054608305B
:101DD00002210BF06FFE4127F94A29460780FEF7E2
:101DE00058FB412E38BF3746A4F85E70A4F85270F5
:101DF0000020F8BD0E20F8BD1589100180B50A46F7
:101E000089680B88162B03D800210022042308E0E0
:101E1000412B28BF4123A0F85E30A0F852309289B0
:101E20000023FFF729FF002080BDB0B5FEF784FA3C
:101E300001462868A268A389006802F0A5FD002079
:101E4000B0BD80B500688A898968006802F030FDFD
:101E5000002080BD421E01461D2A13D80120DFE864
:101E600002F00F1C0F1C0F1C0F1C0F1C0F1C0F1C53
:101E70000F1C0F1C0F17171C0F1C0F1721171D1FEE
:101E800002207047522901D0D22901D10020704789
:101E900048064FF0000058BF0620704705207047E5
:101EA000042070470320704706207047E0B589681A
:101EB0000D220B88498800910C2100F0C9F88CBDD7
:101EC0002DE9F0438DB08F890446F8B2142801D073
:101ED00006281BD1FEF73DFC0146381F31F8045B94
:101EE000C2B20DF10E0031F8026C04F0EFFF0028D1
:101EF00056D000221DB116B1B54209D92A46204656
:101F0000102101230EF0B6FD00204AE0042048E035
:101F10004FF420500DF10E0800270DF10A01ADF825
:101F20000C0040468DF80A7004F0A0FF88B142F61C
:101F300001000DF106018DF80670ADF808000DF1F5
:101F40000E0004F093FF20B1204610212A461023F2
:101F5000D8E7A76808A8002114224FF000090BF069
:101F6000D4FB38461121012200F030FD0A90B8B1AF
:101F700008300121CDE908480BF09CFD0E4A80F89D
:101F80000090CDE90B0908AB2846314602F056FB1C
:101F9000DDE90A10007838B1D04AFEF77AFAB3E7E3
:101FA0000E200DB0BDE8F083FEF7C1FB20461021E6
:101FB0002A460A23A6E700BF31F210012DE9FF47A8
:101FC0000D46804684686846FEF734FB20460F21A4
:101FD000FEF7F7FB029028B3DFF8F49005F108064E
:101FE0004FF0010A6C46CDF80080A88902281BD367
:101FF00030460BF0AAFD01464A46234607468DF8B7
:102000000CA002F01BFB9DF80C000028EDD00298FC
:102010000BF0C0FD9DF80C3040460E213A460EF004
:1020200029FD06E00E2005E00299AC4A404600F08A
:1020300091FC002004B0BDE8F08700BFE0B58968DE
:102040000B220B88002100910A2100F001F88CBDC1
:102050002DE9FF4186688846054601211C46174642
:10206000304602F081F820B32CB36846FEF7E2FA5E
:1020700030463946FEF7A5FB0290F0B10A980121DF
:10208000134A6B4600958DF80C102146ADF80400FC
:10209000204602F0D3FA9DF80C00029978B1FEF7C1
:1020A00046FB9DF80C302846414622460EF0E2FCE5
:1020B00009E0122008E0012006E00E2004E0874A33
:1020C000284600F047FC002004B0BDE8F08100BFC6
:1020D000EBF110012DE9F0438BB08F890446F8B283
:1020E000142801D006281BD1FEF733FB0146381F08
:1020F0000DF1020731F8045BC2B2384631F8026CC8
:1021000004F0E4FEE0B300221DB116B1B54209D9D6
:102110002A462046082101230EF0ACFC002030E0C6
:1021200004202EE0D4F8088005A8002118224FF0E2
:1021300000090BF0EAFA40460921012200F046FCB2
:102140000790E8B108300121CDE905470BF0B2FC5A
:1021500080F8009008900A200D4A31468DF828003A
:1021600005AB284602F06AFA9DF82800079958B195
:10217000FEF7DDFA9DF82830204608212A46CBE7F5
:102180000E200BB0BDE8F083544AFEF782F9C5E794
:10219000F9F210010448C1F80801486842690AB11F
:1021A000FEF7D8B8704700BFF98810014B48C1F856
:1021B0000801486842690AB1FEF7CCB8704700BF11
:1021C00015891001486842690AB1FEF7C3B8704723
:1021D00010B5044604A045210CF046FCA4F1D8003B
:1021E000BDE8104000F034BC25633A20415454202F
:1021F00054696D656F75740A00000000BCB5FEF788
:102200009BF80346A068A1890022CDE90001284679
:10221000002100F00FF8BCBDBCB5FEF78DF80346F9
:10222000A068A1891322CDE900012846122100F0FF
:1022300001F8BCBD2DE9F04186B0044600681D469A
:1022400017460E460029006818BF012101F08CFFD7
:1022500098B3A5B36846002118224FF000080BF090
:1022600054FA37B120463946002200F015FB0190A0
:1022700070B3DDE90C1001226B46ADF812808DF8C9
:1022800008608DF81420144AADF8100020680391FE
:10229000294600680090284602F0D0F99DF8140005
:1022A00078B19FB101980BF075FC9DF81430204671
:1022B00031462A460EF0DEFB08E0122009E001203C
:1022C00007E0019911B1054AFEF7E3F8002000E0AC
:1022D0000E2006B0BDE8F0818F5C11011589100158
:1022E000D06803784BB1081D984208D09068818966
:1022F0000439818100201061704704310170012090
:10230000704710B5D3681C7844B10231A14207D0A0
:102310008189023981810020106110BD881C1870EC
:10232000012010BD80B50A4801210170022014F07F
:10233000DFFE00F0FBF8032014F0DAFE14F0F6FCE8
:102340000BF08EF80348017B01F0FE01017380BDA4
:1023500088231000D02210005749C860704700BF82
:1023600010B5554CE168814204BF0020E0600020B8
:10237000A070208005F016FF05F026FEE078012809
:1023800018BF10BDBDE8104005F0A4BF50B10178E2
:10239000042907D8DFE801F003110B0E070023A082
:1023A0000CF062BB7047417805A00CF05DBB11A03A
:1023B0000CF05ABB0AA00CF057BB13A00CF054BB96
:1023C00043474D5320636F6D6D20696E746572765F
:1023D000616C202D3E202575206D696E0A0000007D
:1023E00043474D532073746F702073657373696F27
:1023F0006E0A000043474D5320737461727420735A
:10240000657373696F6E0A0043474D53206D6561B4
:10241000737572656D656E74206E6F746966792070
:1024200064697361626C65640A00000043474D5340
:10243000206D6561737572656D656E74206E6F7465
:1024400069667920656E61626C65640A000000004F
:10245000F8B51748174D00214FF4E0720024A84743
:10246000154EF460C6F806403471346005F09AFEEB
:10247000124F134800210C227481386006F12A00A3
:10248000A84740F2067000210A22BC81B8600D48BE
:10249000786006F12000A8470B480C49E0E80241AB
:1024A0002821FDF76FFE0AA0BDE8F8400CF0DCBA69
:1024B000781810000BD71001980F1000FC031000C3
:1024C000010105003E00070048181000F57F1001CB
:1024D00043474D53207365727669636520696E6961
:1024E0007469616C697A65640A00000001490860DA
:1024F000704700BF441810000020704780B503A04B
:1025000005A123220CF0B0FA002080BD2573202500
:10251000643A200A00000000626F6172645F6C61BF
:102520007465725F696E697400000000544A02A00D
:102530000CA10CF099BA00BF2A2A2A20426F6F74AE
:10254000696E67205A6570687972204F53207665EE
:102550007273696F6E202573202573202A2A2A0A38
:1025600000000000322E352E3000000080B504A09F
:102570000CF07AFA084802F05BFC002080BD00BF36
:10258000627420686369206472762072656769737B
:102590007465720A00000000B07A110106220BF087
:1025A00059B806220BF06BB807220BF053B807227C
:1025B0000BF050B807220BF04DB807220BF04AB8C9
:1025C00007220BF05CB807220BF059B807220BF07A
:1025D00056B807220BF053B810B5044606F000FFBA
:1025E00000B110BDA17941F0C001A17110BD80B54D
:1025F00002F0C4FF20B1C089002818BF012080BDAF
:10260000002080BD2DE9F0410446134813490CF029
:102610002BFA2178012902D029B913A000E010A0DB
:102620000CF022FA02E012A00CF01EFADFF8508043
:10263000144F154D06264EB13A46012E284608BFC6
:102640004246A15D0CF010FA013EF4E70F480CF091
:102650000BFA0248BDE8F081978911019C891101AC
:1026600072616E646F6D20007075626C696320002A
:102670007479706528307825303278292000000080
:102680002C811101D7881101AF8911015F811101DE
:10269000F0B589B003780C460546032B28D8DFE84F
:1026A00003F0020E060A0DF11A001DA10AE00DF159
:1026B0001A0016A106E00DF11A0011A102E00DF1B9
:1026C0001A0015A110F087FC68796978AA78AB79AF
:1026D000EE782D790DF11A070597CDE903218DE8E4
:1026E000610013A220461E2110F030F809B0F0BDA1
:1026F0000DF11A000CA20A2110F028F8E4E700BF3F
:1027000072616E646F6D2D69640000007075626C9B
:1027100069632D696400000072616E646F6D000072
:102720007075626C69630000307825303278000083
:10273000253032583A253032583A253032583A2529
:102740003032583A253032583A2530325820282530
:10275000732900007CB505462B480C466946FEF7F8
:1027600037F818B129A045212A4625E00098002114
:102770002C220AF0CAFF00980560009D2846AE6230
:10278000C5E9016640F8246F0168002918BFA1F56A
:102790008A71019141B101F58A700968A942F3D1AA
:1027A00025A04521012207E02E4801A9FEF710F8D7
:1027B00038B12A682CA045210CF056F96FF00B00B7
:1027C0007CBD019800214FF48C720AF09EFF3148C5
:1027D0000199C86001F1C80009F067FD0198BFF3D5
:1027E0005F8FC03050E8001F40E800610029F9D138
:1027F000BFF35F8F0198056001980028DED0083094
:10280000206000207CBD00BFA409100025633A2091
:102810004E6F20617661696C61626C652041545431
:1028200020636F6E7465787420666F7220636F6EBC
:102830006E2025700A00000025633A204D617869FA
:102840006D756D206E756D626572206F66206368B0
:10285000616E6E656C7320726561636865643A20B1
:1028600025640A00C009100025633A204E6F2061DC
:102870007661696C61626C652041545420636861C3
:102880006E6E656C20666F7220636F6E6E202570B1
:102890000A000000EC051000B0B51346B0F85E2049
:1028A0000133934204D920A057210CF0DDF81FE03A
:1028B00008460C46FFF7CEFA002343F6982202287A
:1028C00005D004281CBF4FF0FF324FF0FF3300202B
:1028D000002103F03DF830B10546083001210BF02E
:1028E000E9F8047005E004A0452122460CF0BCF88C
:1028F00000252846B0BD00BF25633A20556E6162B1
:102900006C6520746F20616C6C6F6361746520620C
:10291000756666657220666F72206F70203078254C
:102920003032780A0000000025633A2041545420D8
:102930004D54552065786365656465642C206D6130
:10294000782025752C2077616E74656420257A7552
:102950000A000000B0B50C46054605F0DDFF30B1B9
:1029600005F1C8002146BDE8B0400BF091B8B0BDFC
:10297000B0B504460068042103F017F850F8085C6D
:10298000686A20B905F10C0009F08FFC686AA96A31
:10299000C4F80C0104F58670686201B9A862D4F825
:1029A000B800BFF35F8F00075EBF1720A4F84A008E
:1029B000A4F8560004480021C4E9361004F1E000F0
:1029C0002821FDF7DFFBB0BDD1211001B0B51446C1
:1029D0000D46FFF7D7F818B3416A41B1B1F58A70D7
:1029E00005D00968002918BFA1F58A7101E000200F
:1029F0000021621C80B10B46B0F85E108A4211D9EA
:102A000000211846002BF5D0D3F8141118460029E0
:102A100018BFA1F58A71EDE705A057210CF024F845
:102A20000020B0BD29462246BDE8B040FFF734BFC4
:102A300025633A204E6F20415454206368616E6EC6
:102A4000656C20666F72204D545520257A750A00FA
:102A50002DE9FC41054655F8084DFCB104F124066A
:102A6000804600F58671304610F0C7FE08F1C007B9
:102A70003846002200230AF0DEFF10B10BF08AF87E
:102A8000F6E7D8F8BC0028B12846002100220E2322
:102A9000FFF7F2F800202860306808B1BDE8FC813B
:102AA00004F10C0501942846002200230AF0C3FF1C
:102AB00010B10BF06FF8F6E700202060646804B1F5
:102AC000206825468DB16E68044636B1A8690E218E
:102AD0000022002300900020B047284600F04CF967
:102AE00000202546002CEDD0EAE7054801A909F0B1
:102AF0004DFBD8F8000001F09FFCBDE8FC8100BF51
:102B0000A409100070B50446054654F8080DD8B164
:102B100069B1D5F8BC00B8B1007CC00714D005235A
:102B2000204600210022BDE87040FFF7A5B82E68BE
:102B3000304601F061FD707A012805D0D5F8BC60FF
:102B400016B1307CC00700D170BDF0680028E6D017
:102B50007269717C2046FFF79FFE78B1F368D6E971
:102B600005120546984730B920462946002205F04F
:102B7000D3FE0028E8D028460BF00CF80E23CFE750
:102B800080B5FEF7FFFF08B3406A40B1B0F58A7127
:102B900005D00268002A18BFA2F58A7201E0002160
:102BA0000022002099B1B1F85E1080B21346814234
:102BB00088BF084619460022002BF3D0D3F8142111
:102BC0001946002A18BFA2F58A72EBE7002080B2EE
:102BD00080BD01F001BE0000F8B50E468989F1B153
:102BE000A0F1080406F1080001210AF0B7FF05462C
:102BF0002068C0B32B781D490020E02814D00A5C5F
:102C000008309342F9D10F18B28917F8070C8242A5
:102C100019D217A045210BF027FF042319E025A0A6
:102C200045210BF021FF1EE01AA057211A460BF098
:102C30001BFF2D782846FFF70DF9A0B12046294645
:102C4000002206230DE057F8042C20463146904719
:102C5000034617F8060C012805D123B12978204630
:102C600000220DF007FF0020F8BD00BF1C7B110102
:102C700025633A20496E76616C6964206C656E202C
:102C8000257520666F7220636F646520307825306B
:102C900032780A0025633A20556E68616E646C656F
:102CA000642041545420636F6465203078253032AD
:102CB000780A000025633A20546F6F20736D616CB1
:102CC0006C204154542050445520726563656976E8
:102CD00065640A00E0B508380190024801A909F0CE
:102CE00055FA8CBDC00910001CB5024600242948C5
:102CF0000B46019401A909F019FA28B9019800219D
:102D00001C220AF002FD019C20461CBD10B578B1C2
:102D10000C4669B1FEF736FF50B1426A4AB1B2F5CE
:102D20008A7106D01268002A18BFA2F58A7202E0E2
:102D300010BD0021002281B11346D1F8C420A24267
:102D400010D000221946002BF5D0D3F814211946D3
:102D5000002A18BFA2F58A72EDE70430214610F070
:102D60004CFD02E00348C1F8C4002046BDE8104015
:102D700000F002B8281510001CB5044601908068C8
:102D800018B10AF007FF0020A060024801A909F06D
:102D9000FDF91CBDDC09100070B50C46FEF7F2FE13
:102DA00068B3416A054641B1B1F58A7005D009683A
:102DB000002918BFA1F58A7116E00020002113E058
:102DC0000E46D0F8C41029B9214605F078FDB0F1BF
:102DD000FF3F13DC0021304636B1D6F814113046DF
:102DE000002918BFA1F58A710028E9D1A96800203F
:102DF0002060002908BF291D0C60AC6070BD6FF019
:102E0000380070BD2DE9FC411F4616460C460546AC
:102E1000FEF7B8FE48B176B1284604212246334673
:102E2000009702F053FEBDE8FC8120460AF0B2FE96
:102E30006FF038062DE0416A804641B1B1F58A70E5
:102E400005D00968002918BFA1F58A7101E00020AA
:102E5000002100220026A0B10D462146002205F0E7
:102E60005BFDB0F1FF3F14DC012200212846002D5C
:102E7000F1D0D5F814112846002918BFA1F58A71A0
:102E8000E9E7D00704D008F10C0021460AF000FE63
:102E900000263046BDE8FC81F8B50446054654F8E6
:102EA000087DD4F8101109B12046884705F1B80013
:102EB000BFF35F8F50E8001F21F0100140E80012BF
:102EC000002AF7D1BFF35F8FF7B1D5F8BC0060B12E
:102ED00005F1C00120460BF055FEA8B107F10C0129
:102EE0002046BDE8F8400BF04DBE384650F8041FB0
:102EF0000029EDD010F09AFC06462046314605F038
:102F0000DEFCB0F1FF3F00DDF8BDD7E901017E60D6
:102F100000293060DCD1BE60DAE7B0B50968BFF3E4
:102F20005F8FC90706D0A0F10804216811B1D0F85D
:102F3000BC0000B1B0BD081D10F078FC0028F9D02D
:102F400005462046294605F0BAFCB0F1FF3FF1DC0A
:102F50002068D0E901124560002A2960EAD1856025
:102F6000B0BD0000B0B5D94D02464FF02000EFF3E0
:102F7000118380F31188BFF36F8F0020D5F80041D3
:102F8000C5F8000183F31188BFF36F8F1CB1FDF703
:102F90007CF92046B0BD01200B46BDE8B04000F0F2
:102FA00051B800BFA0F10E01022903D21046194604
:102FB000FFF7D8BF13280AD110B521480AF082FCC8
:102FC00040B10446FDF7A5F90120207503E001207A
:102FD00000F038B80024204610BD00BF70B5A0F145
:102FE0000E040499022C15D2B84E4FF02000EFF3D6
:102FF000118580F31188BFF36F8F0020D6F8004150
:10300000C6F8000185F31188BFF36F8F74B1FDF727
:103010003CF912E0132809D109480AF057FC58B1CD
:103020000446FDF776F90120207506E004910120A1
:10303000BDE8704000F016B80024204670BD00BF07
:10304000880B1000B0B5044614480AF03BFC054656
:1030500028B105F1080000210AF090FD2C752846E2
:10306000B0BD00BFB0B51546049AB2F5627F06DB6D
:103070000BA0452140F287330BF0F6FC0BE0044631
:10308000064891B22A460AF021FC20B10546FDF718
:1030900040F92C7500E000252846B0BD100B10004B
:1030A00025633A20546F6F206C656E677468202525
:1030B00064282564290A0A002DE9F04F8DB0204CC0
:1030C00000270DF12D0A0DF1090B0DF10509002561
:1030D000362D2AD004EB050851468DF83370ADF833
:1030E0003170CDF82D7008F102063046FFF765FA11
:1030F000C8B1625D32B14846042111F012F8CDF832
:10310000009000E000970F4A58462421334603F010
:1031100087F858460DF098FF98F8010018B1605DE7
:10312000314603F07DFE0935D2E7074800780628CE
:1031300002D9002010F0F8FA0DB0BDE8F08F00BF02
:10314000162610004E8F1101200F10002DE9F041BE
:103150000646DF480D4601214FF0010800F0BAF99C
:103160000446E0B10F4800272821C4E9167004F195
:103170006000FDF707F80C482946072227632672EE
:10318000C4E90A7004F188000AF079FA40F20110EB
:1031900084F80280A4F809000448C4F8A00020467E
:1031A000BDE8F08105961001C1401101180028000A
:1031B00054490A680860C261704700BF014601486F
:1031C00000F002B8C00A1000B0B50D460949002849
:1031D00008BF08460AF076FB044628B104F108004F
:1031E000291D0AF0CBFC03E003A057210BF03CFCA7
:1031F0002046B0BD980A100025633A20556E6162E2
:103200006C6520746F20616C6C6F63617465206203
:1032100075666665722077697468696E2074696D79
:10322000656F75740A000000B0B50446407B023833
:10323000062817D80025DFE800F004151515170A31
:10324000170021732046002100F0C6FB0CE0208807
:1032500001F0D6FD054638B92046082100F0BCFB38
:10326000002501E06FF038052846B0BD10B500F02C
:10327000EDF8044650B1607B0FF0FEFD024606A05B
:1032800057210BF0F1FB204600F084FC002C18BF06
:103290000124204610BD00BF25633A20466F756E9D
:1032A000642076616C696420636F6E6E6563746917
:1032B0006F6E20696E2025732073746174650A0037
:1032C000883070470148C830704700BF10061000B2
:1032D000407A7047F8B50446C0788F2104F188061B
:1032E0000028084808BF96216518076847B13B6960
:1032F0001BB1204629463246984707F11C00F4E7E7
:10330000F8BD00BF24151000A849401AC02190FB49
:10331000F1F0C0B2704700BF10B50748074908F088
:1033200083FFFFF756FC03F09BFA044608B902F04E
:103330002EFB204610BD00BF680A1000801510004B
:10334000B0B50546007A88421CBF0020B0BD05F12B
:10335000880110461446FFF72AF960B1E8788F21FA
:10336000002808BF962120462944FFF720F9B0FA2B
:1033700080F04009B0BD0120B0BDF8B50C4606464E
:1033800042F213000E2101F043FCC8B1054608309B
:103390000E210AF08FFB00210E2207460AF0B5F934
:1033A00030880022388020686168C7F80200C7F8BA
:1033B000061042F213002946BDE8F84001F066BC51
:1033C0006FF03600F8BDB0F89E200B889A421AD3F1
:1033D0004B889A4217D88A88B0F8A430934212D109
:1033E000CA88B0F8A63093420DD10430BFF35F8F86
:1033F00050E8001F21F4007140E80012002AF7D1C4
:103400006FF044001EE04268BFF35F8FD20548BFF3
:103410000DF004BB0B88021DA0F8A0304B88A0F86B
:10342000A2308B88A0F8A830C988A0F8AA10BFF3F2
:103430005F8F52E8000F40F4007042E8000100295D
:10344000F7D10020BFF35F8F7047000070B50646CC
:1034500056480D4600F0C2F960B104468078012854
:1034600005D1204631462A46FFF76AFF18B92046A3
:1034700000F090FB0024204670BD00BF02464B4880
:10348000012105F07FBE00BFF8B505464748164646
:103490000F4600F0A3F9B8B104468078012810D196
:1034A0002FB1204629463A46FFF74AFF28B1607BF4
:1034B000B04202D1207AA84207D0204600F06AFB31
:1034C00002E0204600F08AF900242046F8BD00BF43
:1034D0009011100070B500228A421FD002EB420307
:1034E000BFF35F8F00EB831404F1BC0555E8003F88
:1034F0002BB9012345E80036002EF7D102E0002366
:10350000BFF32F8F0132BFF35F8F002BE4D02CB1BC
:1035100020460021BC220AF0F8F800E000242046F2
:1035200070BD00002DE9F0471F4B814600200121AE
:1035300000224FF001089860484608F063FE1B4CDB
:103540000125012604F1340AF00729D0D4F8BC0083
:10355000BFF35F8F20B3607B70B9BFF35F8F54E818
:10356000010F20F0400144E80112002AF7D1400683
:10357000BFF35F8F11D4607B072811D105EB850065
:10358000042100225346002609EB8007384608F044
:1035900039FE87F80C800135D6E7044805F0D4FDE4
:1035A0002846BDE8F08700BFF40710009011100016
:1035B00070B50446407B70B9201DBFF35F8F50E8A3
:1035C000001F21F0400240E80023002BF7D14806FD
:1035D000BFF35F8F40D404F13400002200230AF0CF
:1035E0002AFA054660B920A027A128A240F271530B
:1035F0000BF03AFA404080F311884FF0030002DFED
:10360000AE8905F0DBFD864219D92046294605F032
:103610009FFEE0B101462046002201230DF04AFA48
:10362000A8B1AE8905F0CAFD86421AD920462946BE
:1036300005F08EFE58B1014620460122EDE7022238
:103640002046294600230DF035FA00B170BD28460A
:10365000BDE870400AF09EBA2046BDE8704005F013
:1036600073BD0322ECE700BF415353455254494F09
:103670004E204641494C205B25735D204020257338
:103680003A25640A00000000627566002E2E2F2E77
:103690002E2F2E2E2F7375627379732F626C7565C2
:1036A000746F6F74682F686F73742F636F6E6E2EF4
:1036B0006300000070B516460D46044610F00EFD7E
:1036C000012E14D0022E1DD1206928B138A0FCF79C
:1036D000DDFE204600F09FF82561AA89022A05D365
:1036E000A8680088043083B29A421CD270BD206959
:1036F00070B1AE8996B108300AF044FAB0421CD2DB
:1037000017A006E03448452132460BF0ADF902E03F
:103710001EA0FCF7BBFE204600F07DF82846BDE861
:1037200070400AF037BA13D92A4845210BF09CF9AA
:103730002046BDE8704000F06EB82069AA89A968EB
:1037400008300AF0DEF928460AF024FA2569C4E7B1
:103750000020294620612046BDE8704002F032B9C1
:1037600025633A204E6F7420656E6F75676820621E
:10377000756666657220737061636520666F72207E
:103780004C3243415020646174610A0025633A2041
:10379000556E6578706563746564204C32434150A2
:1037A00020636F6E74696E756174696F6E0A0000D4
:1037B00025633A20556E657870656374656420668C
:1037C00069727374204C32434150206672616D659A
:1037D0000A000000DC8C1101FC8C110110B500F115
:1037E000BC010A68BFF35F8F9AB1531CBFF35F8FB0
:1037F00051E8004F944204D141E80034002CF7D145
:1038000004E0BFF32F8FBFF35F8FEAE7BFF35F8F53
:1038100010BD002010BD10B50446006918B10AF0B3
:10382000B9F90020206110BD70B50446407A1546F4
:10383000A072204602F018F90D48066846B1736977
:103840001BB1617A20462A46984706F11C00F4E72E
:1038500065B9607A022809D3A078012806D1207AB8
:1038600004F18801BDE8704001F0D0BF70BD00BF19
:10387000241510002DE9F0410546407B0C46072831
:1038800019D1174602B32448984600F1180612F0E1
:103890008FFF821B214818BF4FF0FF32134613F0F1
:1038A000BDF8D8B10646687B072820D10020C6E9BC
:1038B0000178F06009E013A0FCF7E8FDFCF739FDA2
:1038C0006FF03800BDE8F081002605F13400214694
:1038D00066610AF0DDF80020BDE8F0811BA0FCF76E
:1038E000D5FDFCF726FD6FF03600BDE8F0810CA099
:1038F00057210BF0B9F8FCF71CFD304610F0E4FB43
:10390000DEE700BF25633A206E6F7420636F6E6E32
:103910006563746564210A0070171000680A10005E
:1039200025633A20446973636F6E6E6563746564E2
:10393000207768696C6520616C6C6F636174696E77
:103940006720636F6E746578740A000025633A20FF
:10395000556E61626C6520746F20616C6C6F636181
:10396000746520545820636F6E746578740A000083
:1039700010B50446407B07281CBF6FF0380010BD0F
:10398000607A884225D2A07A884222D2201D4AB28B
:10399000BFF35F8F002A08D450E8002F22F40062A2
:1039A00040E80023002BF7D107E050E8002F42F455
:1039B000006240E80023002BF7D101F07F00BFF345
:1039C0005F8FA072204603F0F3F810B1617AA17204
:1039D00010BD002010BD000070B5467B04460846AF
:1039E0008E4208D10FF048FA024664A05721BDE884
:1039F00070400BF039B80D4660731EB92046FFF7D2
:103A0000EDFE607B082800F26680DFE800F03D06EE
:103A1000050505050545050070BD00254FF0200092
:103A2000EFF3118180F31188BFF36F8FE06930B13C
:103A30000138E06181F31188BFF36F8F1CE060698A
:103A4000E8B10268A3696261834208BFA26181F3A1
:103A50001188BFF36F8F4FF02001EFF3118281F3D4
:103A60001188BFF36F8FC168C560E16182F311886F
:103A7000BFF36F8F10F028FB08F076FCCEE781F3E0
:103A80001188BFF36F8F70BDA078042827D120461E
:103A9000BDE8704000F07EB8A0780428BCD004F1E6
:103AA000340012F0EFFF08F0B9FB0020C4E9130066
:103AB000204601F0EFFE20460AF044F9E0780128A4
:103AC0007FF4AAAF04F158004FF4FA720023BDE866
:103AD000704008F055BA20A057212A4687E7082EE3
:103AE0003FF69AAFDFE806F0060F0805050808065E
:103AF0000600CCE711A0EFE7207B0028C7D02046C6
:103B00000AF020F9C3E7204610F0E8FAA07801286F
:103B100003D104F1580008F01AFA201DBFF35F8F9B
:103B200050E8001F41F0400140E80012002AF7D1A0
:103B3000BFF35F8FBDE8704008F070BB25633A208B
:103B4000496E76616C69642028257529206F6C6444
:103B50002073746174650A0025633A206E6F2076C5
:103B6000616C69642028257529207374617465204F
:103B7000776173207365740A0000000025633A20A2
:103B80006E6F207472616E736974696F6E20257335
:103B90000A000000BC30BFF35F8F50E8001F0139FE
:103BA00040E80012002AF8D1BFF35F8F0068BFF32E
:103BB0005F8F00B1704701F0C5BF7047FEF748BC8A
:103BC00070B51C4E04463068884204BF6FF0440054
:103BD00070BD38BB9E48D0F89020BFF35F8FD206EF
:103BE00020D4D0F89000BFF35F8F00075CBF6FF068
:103BF000300070BD316042F22600402101F008F82B
:103C000098B105460830402109F054FF2146402272
:103C100009F035FD42F226002946FCF798FB30B941
:103C2000002070BD6FF00F0070BD6FF036000021F6
:103C3000316070BD901510007CB52B4E0446D6F84F
:103C40003401D8B3BFF35F8F56E8240F40F0010171
:103C500046E82412002AF7D1C007BFF35F8F33D1A3
:103C600002F026FB054688BB2048214D2149224B06
:103C70004FF4407204606FF008000090284608F08E
:103C80001BFC1EA1284608F045FC1E4D6FF00700E6
:103C90001D491E4B4FF480620090284608F00CFC32
:103CA0001BA1284608F036FCD6F83401C0688047CE
:103CB00070B1054618A0FCF787FD07E01FA0FCF7D0
:103CC000ECFA6FF0120501E06FF0440528467CBD68
:103CD0002CB106F1840008F093FC0025F6E7BDE85E
:103CE0007C4001F073BA00BF10061000941E100053
:103CF000C0201000A88E100089B510014254205435
:103D000058000000681F1000A88A10009DB2100122
:103D1000425420525800000025633A20484349206D
:103D2000647269766572206F70656E206661696C79
:103D3000656420282564290A0000000025633A20D4
:103D40004E6F20484349206472697665722072651F
:103D500067697374657265640A00000070B5B0B07D
:103D60006E460D460146144630460FF014FC04A87A
:103D700031460FF071FEA8B16E46294630460FF06D
:103D80000AFC04AA204631460FF0BCFE50B10020C8
:103D900008280AD080F00F02215CA35C2354A154B0
:103DA0000130F5E76FF0150000E0002030B070BD85
:103DB000FEB5274CBFF35F8F54E8240F40F002009C
:103DC00044E824010029F7D1BFF35F8F2546224E36
:103DD00020A115F8070F0128204688BF0E46FEF7E0
:103DE00011FC03461DA0492132460AF03DFE012682
:103DF0002DA7E07986420BD22846FEF703FC034646
:103E00003846492132460AF02FFE07350136F0E7E1
:103E100094F83430164D0B2B2A4602D8154850F82A
:103E20002320E08E618FCDE90001134849210AF07B
:103E30001BFE94F835300B2B02D80E4850F8235057
:103E4000208F49212A4600900CA00AF00DFEFEBDED
:103E5000100610005B305D002C81110125633A20B3
:103E60004964656E7469747925733A2025730A0074
:103E7000CA8C1101C8771101F68B110125633A2014
:103E80004C4D503A2076657273696F6E2025732011
:103E90002830782530327829207375627665722053
:103EA0003078253034780A0025633A204964656EFD
:103EB000746974795B25645D3A2025730A000000FB
:103EC0007CB50C46084915464A8B5AB10A7B82429A
:103ED00008D10DF101060D313046FEF777FB304673
:103EE0002946A0477CBD00BF200F1000F0B5F0B1FF
:103EF000048AECB90F49104B0122994217D2D1E93B
:103F00000065864206D805EB850406EB8404143C64
:103F1000844202D22A440831EFE72F461446002F8C
:103F2000F8D0864204D01436013F0134F7E700246C
:103F3000A0B2F0BD607611017876110110B5049839
:103F4000029C844202D96FF006040AE00399001B28
:103F50009842B8BF0346104621449CB2224609F05D
:103F60008EFB204610BDBFB5C9681C46154605F03E
:103F700070FE089908B1008900E000200DF10E02E2
:103F8000ADF80E0002202346CDE900122A46029029
:103F9000FFF7D4FF04B0B0BD70B588B0CE68084656
:103FA0001C461546B1798DF80D1000F035F83168D2
:103FB000ADF80E000C9E087840B10DF10D000131F6
:103FC0001022033009F05BFB132003E04888ADF8B2
:103FD000100005200DF10D012A4623460290CDE97F
:103FE0000061FFF7ABFF08B070BD1FB5C968069848
:103FF0000C7824B1102401318DE8130008E04988C1
:104000000DF10E04CDE90004ADF80E10022102916D
:10401000FFF794FF04B010BDBCB5002590B1044675
:1040200042F603008DF80450ADF80600206801A99F
:1040300002F01CFF30B9E06885881DB92046FFF703
:1040400055FF451CA8B2BCBD2DE9F04705460898B0
:1040500018B16FF00600BDE8F0871C460BB1022CCA
:1040600003D96FF00C00BDE8F087D1F80CA00F4623
:10407000012C14BF168816782846514605F0E9FD34
:10408000804600284FEA06493FD0DAF8103063B185
:10409000B2B2284639469847002849D40138012849
:1040A00084BF6FF00D00BDE8F087BAF80A00B1B226
:1040B000A8F80860814221D03846514606F08AF8B7
:1040C0002846FFF721F91F4F57F82000A84215D0C6
:1040D000287A05F18801FEF78AFA78B12846FFF7B9
:1040E0007DFB06462846FFF70FF947F8206007F1E9
:1040F00008004FF4FA72002307F046FFB9F1000FF1
:1041000015D1404604F0BBFC11E0B9F1000F0ED010
:104110000020514605F09DFD60B18046013005F15B
:104120008801FEF750FA287A88F80000ADE72046AB
:10413000BDE8F08704A0FCF72AFA6FF01000BDE894
:10414000F08700BFD816100025633A204E6F207309
:104150007061636520746F2073746F7265204343D0
:1041600043206366670A000010B50C4605F086FD23
:1041700018B10146007AC00701D1012010BDC868FE
:10418000BFF35F8F10F0010023D114B30C310A6824
:10419000BFF35F8FC2F3400012F0020F0DD0BFF3E8
:1041A0005F8F51E8002F22F0020241E80023002B2C
:1041B000F7D10122BFF35F8F00E00222BFF35F8FD0
:1041C00051E8003F134341E80034002CF8D1BFF31D
:1041D0005F8F10BDB0B50446D00705D0887C10F0C5
:1041E000150F1CD04868D0B1887C930704D510F017
:1041F0002A0F16D08968A1B100EA020515F0300F28
:1042000006D02046FFF764F803283CBF0520B0BD68
:1042100015F00C0F01D0E07A28B10020B0BD0220CB
:10422000B0BD0320B0BD0F20B0BD00002DE9F041AE
:104230008EB08DF81000039103AEEE4A8846054615
:10424000FCF7B6F83DB102AF04212A4638460FF01C
:1042500068FF009701E000200090754A05A824211E
:10426000434601F0DDFF05A80CF0EEFE00282ED439
:104270002846414600F054F82846414605F020FD06
:1042800008B104F007FC35B1304604212A460FF08E
:1042900048FF009601E000200090C94A05A82421AB
:1042A000434601F0BDFF05A80CF0CEFE00280ED459
:1042B0001A4C0027202F0CD0E05DA84205D1E6194A
:1042C0004046711CFEF776F928B11037F2E7074631
:1042D0001FE000271DE0B06838B1B0F1140304D02E
:1042E0000768002F18BF143F0FE0002700230CE0E1
:1042F0000020314600229F8106F0B4F8234624B105
:1043000067692346002F18BF143F3C460027002B47
:10431000EED138460EB0BDE8F08100BF7820100025
:10432000B0B58CB005F052FDD0B10278044622B190
:1043300002ADFCF776F8009501E000200090094AF4
:10434000631C03A8242101F06BFF03A80CF07CFE82
:1043500018B1024604A0FCF720F8204604F0E7FB61
:104360000CB0B0BD798E110125633A206661696C8D
:10437000656420746F2064656C6574652053432008
:1043800028657272202564290A000000F0B58DB0FE
:10439000044601208DF8300004F18805207A0B9442
:1043A0002946FEF724F9A8B1227A32B101AE0421E0
:1043B00030460FF0B6FE009601E0002000901C4A47
:1043C00002A824212B4601F02BFF02A8194902461E
:1043D0000CF068FE8E4A0BAB0120FCF770F820460B
:1043E000FEF776FF9DF83010884202D22046FFF794
:1043F000BFFA204606F012F8B8B100F108073F688E
:104400009FB1B7F1140610D0207A2946FEF7EFF8D5
:104410000028F4D057F8040CBFF35F8F8007EED468
:104420002046314606F03CF8E9E70DB0F0BD00BF8C
:10443000728E1101057D10012DE9F04F8BB00446FD
:104440005D4A01204FF6FF71234600F001F9204636
:10445000FEF75AFF594E054656F8200020B1FFF7E7
:1044600099FB002046F82500306818B906F10800CD
:1044700007F06DFD04F18809FCF783F978B3207A21
:10448000494600F015FB204605F0F8FB002788B1EF
:10449000227A00F1080682B101ADFBF7C2FF484A5B
:1044A000009502A824214B4601F0BAFE207A01258E
:1044B00058B903E00026002500E00125404A009796
:1044C00002A824214B4601F0ABFE02A831462A4641
:1044D0000CF0EAFE18B102463AA0FBF75EFFFCF7CB
:1044E00050F958B1207A434ACDF808904FF6FF7141
:1044F0008DF80C0002AB012000F0AAF8204605F070
:104500008DFFB8B3834680684FF0000A38B1B0F130
:10451000140604D00068002818BF143801E00026F3
:1045200000200BF10108002526B30746FCF729F906
:1045300070B13069BFF35F8FC00709D198F80000F0
:1045400018B140464946FEF73EF806F1140507E06B
:10455000204659462A463346A6F80CA005F082FFAD
:1045600000203E46002FDFD078693E46002818BF65
:104570001438D9E7204605F081FBC8B10546FCF7A1
:1045800000F990B1681C4946FEF71DF805F10C00D2
:10459000BFF35F8F50E8001F21F0020140E80012D6
:1045A000002AF7D1BFF35F8F02E0284604F072FAC9
:1045B0000BB0BDE8F08F00BF55971001D816100062
:1045C0007F8E110125633A204661696C6564207411
:1045D0006F2073746F726520436C69656E7420463A
:1045E000656174757265732028657272202564296F
:1045F0000A000000B1FE1001E0B50121044A00905C
:104600006B4601208DF80410FBF759FF8CBD00BFED
:10461000814E11010A46417B07291CBF6FF038000B
:104620007047E0B50221044BCDE90011014905F0C6
:10463000C3FE8CBDFFA21001E9A110011FB500242B
:1046400002930023CDE90042002200F00BF81FBDC9
:104650001FB5002402930023CDE90042002200F0A0
:1046600001F81FBD2DE9FE4F0746894800930088D9
:10467000B84201D2BDE8FE8FDDF830B0DFF8148219
:104680004FF00109BBF1000F08BF4FF0FF3BCDE930
:10469000011281488045EDD2D8F8040010FA89F360
:1046A000BB4203D2994608F10808F2E74FF0000A2E
:1046B00000268642F7D21FFA89F48C42DAD8BC422F
:1046C0001ED3D8F8000000EB0A0532B12968104665
:1046D00002F0CCFBDDE9011290B9009B13B1E86850
:1046E00098420DD1DDE90D32284621469847ABF1BD
:1046F000010BDDE901125FEA0B4318BF0028B9D0B6
:10470000D8F804000AF1140A09F101090136D0E7CA
:10471000FEF736BA70B58AB00546E348D0F8900087
:10472000BFF35F8F800702D46FF00A0051E04E683C
:104730000C46059615B1687B07281DD13046FFF75A
:10474000D5FBADF81800A0B1216821B105A805F08E
:1047500055FD70B1059EFBF7FFFD04A902F086FB35
:1047600088B90598C1688979890608D46FF0150061
:104770002FE06FF001002CE06FF0380029E0FFF728
:104780004BFCADF8180045B10120BDF818102246C9
:10479000A075284605F048FD1BE002210020099481
:1047A0000023ADF820106FF03801A0758DF80C00D3
:1047B000BDF81800079142F60211ADF80E1005A9D8
:1047C0000291BA4901910121009103AAFBF78AFEE7
:1047D00007980AB070BD00BFB0B52D4C0120BFF3E3
:1047E0005F8F54E8011FD9B944E801010029F8D1CD
:1047F000BFF35F8F0120BFF35F8F54E8021FA1B9A1
:1048000044E802010029F8D1BFF35F8F2149224A11
:10481000208891420DD28B88083118442080F8E717
:10482000BFF32F8FBFF35F8FB0BDBFF32F8FBFF3E9
:104830005F8F00251948282144F8305F606004F13B
:104840000800FBF79FFC20460522002307F09CFB95
:10485000134C14482821C4E9085004F12800FBF740
:1048600091FCBFF35F8F54E8140F40F0020044E85E
:1048700014010029F7D10C480C490022BFF35F8FC7
:10488000C0E9022110302821FBF77CFCB0BD00BF3D
:10489000C00E100060761101787611013995100173
:1048A0001017100045031101D8161000017C1001EB
:1048B0002DE9F04F85B000920C46834605F0AEFD21
:1048C000002801904DD00DF1080A009A214650466B
:1048D00009F02EF9BDF80C00052842D350460421FA
:1048E00009F03CF9B0F80290BDF80C10894532D8B7
:1048F00001990588896839B1B1F1140804D00968B3
:10490000002918BF143902E04FF000080021061DED
:10491000B8F1000F1AD0B8F808000F4685420BD145
:10492000D8F800405846414632464B46A04718B991
:104930005846414600F004F90021B846002FE7D060
:104940007969B846002918BF1439E1E7504649464D
:1049500009F004F9BEE7009B03A045214A460AF08E
:1049600083F805B0BDE8F08F25633A20496E766183
:104970006C69642064617461206C656E202575200B
:104980003E2025750A0000002DE9F0479846914623
:104990000E46824605F042FD28B3806838B1B0F17A
:1049A000140504D00068002818BF143819E000204E
:1049B000002516E004462889B0420AD12F685046E7
:1049C00029464A464346B84718B95046294600F09A
:1049D000B7F80020254624B160692546002818BF95
:1049E0001438002DE6D1BDE8F087000070B58AB01C
:1049F0000546E248D0F89000BFF35F8F800702D4ED
:104A00006FF00A004DE04E680C46059615B1687BC4
:104A100007281DD13046FFF769FAADF81800A0B19C
:104A2000216821B105A805F0E9FB70B1059EFBF7EF
:104A300093FC04A902F01AFA88B90598C16889792B
:104A4000C90608D46FF015002BE06FF0010028E0D4
:104A50006FF0380025E0FFF7DFFAADF8180035B148
:104A6000BDF818102846224605F04CFC19E06FF0FE
:104A70003800012109940023079042F60210ADF896
:104A80002010ADF80E0000208DF80C00BDF81800C5
:104A900005AA0292054ACDE9001203AAFBF722FDFE
:104AA00007980AB070BD00BF1006100051DC10015D
:104AB000F0B5BFB000278DF834000C91154A0D46B3
:104AC000064601204FF6FF713E970CAC2346FFF7D8
:104AD000BFFD2EB102AF0421324638460FF021FB54
:104AE0000D4A009703A824212B4601F099FB3E981C
:104AF0000028014618BF04F10801820003A80CF049
:104B0000D3FB044610B105A0FBF7CFFB20463FB016
:104B1000F0BD00BFC97C1001728E110125633A20DF
:104B20004661696C656420746F2073746F726520D0
:104B3000434343732028657272202564290A0000CC
:104B40002DE9F0478046407B072811D140460C46AE
:104B500005F064FC002849D0064656F8080F50B10D
:104B6000B0F1140107D00268002A18BF143A04E01B
:104B70006FF038053CE00021002204F1140A4FF0E8
:104B800000090020002521B31746A14208D001F1F9
:104B9000140522890989914208BF4FF001090EE0EE
:104BA0003046294652460EF04BFE2069BFF35F8F18
:104BB000400703D540462146FEF7A8F80120002211
:104BC0003946002FDFD07A693946002A18BF143AD7
:104BD000D9E7C0070AD05FEAC9700CD02668404602
:104BE0002146002200230025B04701E06FF01505A3
:104BF0002846BDE8F08700202146A0814046BDE858
:104C0000F04705F04DBC000000487047878C11014B
:104C10002DE9F04782461B48FBF7EDFB884608F07C
:104C200051FE00F10807064600214FF00009384602
:104C300008F0A4FF144D304686F81490A8474E4C57
:104C400000EB400004EB8000A0F802A03046A8472B
:104C500000EB400004EB8000C0F808903046A84705
:104C600000EB4000032104EB8000C0F804903846BC
:104C700008F020FF80F80280A0F800A03046BDE8D0
:104C8000F08700BFE80A10006DDA10012DE9F0414D
:104C900088B090460C46064631B930460021FFF7F1
:104CA000B7FF0446002862D002AF00210122384637
:104CB00007F060FBFBF74AFD2F4D00EB400005EBD2
:104CC00080008760204608F0F1FE2C482146FBF763
:104CD000A8FC384641F28832002307F067FB30B366
:104CE00007460B3012D1A089492122463346009055
:104CF00023A009F0B9FEA189A06800F0ABF8024634
:104D000028A0492109F0B0FE02F09EFA284829495E
:104D1000294A40F2571309F0A7FE28A0394609F0A6
:104D2000A3FE404080F311884FF0030002DFFBF741
:104D30000DFD00EB400015F8207077B127A057213A
:104D400032463B4609F090FEFBF7A1FC6FF00400F1
:104D5000092F08BF6FF03C000BE0B8F1000F12BF45
:104D6000C8F80040204608F015FF002001E06FF071
:104D7000360008B0BDE8F081641510001006100080
:104D800025633A20627566202570206F70636F641A
:104D90006520307825303478206C656E2025750AC2
:104DA0000000000025633A206275662025730A0022
:104DB000378A1101528C1101948C1101096B5F73B8
:104DC000656D5F74616B65206661696C65642077F1
:104DD000697468206572722025640A0025633A2090
:104DE0006F70636F64652030782530347820737479
:104DF00061747573203078253032780A0000000025
:104E000070B50D46044640F206400321FFF700FF4F
:104E100058B1FBF766FC8570048040F206403146CD
:104E20000022BDE87040FFF731BF6FF0360070BD63
:104E3000CC49D1F8342112B16FF044007047C268F8
:104E40002AB102691AB1C1F83401002070476FF02D
:104E50001500704770B50C4605460948094909F028
:104E600003FE09A634B115F8011B304609F0FCFD1C
:104E7000013CF7E7064809F0F7FD024870BD00BFA6
:104E800097891101B68911012530327800000000A0
:104E90005F811101FEB53C4FFBF701FC01D0884258
:104EA00002D9FBF73CFCFEBDFBF77CFB70B1BFF306
:104EB0005F8FFBF7CBFAFCD1BFF35F8F297A41F00C
:104EC00001012972BDE8FE40FEF764BEFBF75AFB04
:104ED00097F8E10030B10020FCF7C8FA20B12BA010
:104EE00057211CE0002001E097F8E10097F8E0105E
:104EF00088420BD14348572109F0B6FD42F2290000
:104F00000021FBF724FA98B13F4807E06E1C05F139
:104F10002A01304606F0D6F878B127A0452109F0DD
:104F2000A3FD0120FCF7A2FA2046FCF705FBFEBD1D
:104F300097F8E100FBF7F3FBF3E797F8E100FBF7E5
:104F4000EEFB97F86B00400701D42D48C8E701A895
:104F50003146FDF735FB012008218DF80B0042F2A8
:104F60004E00FFF755FE60B10546083001A9082242
:104F700008F0C7FD42F24E002946FBF7E8F9002889
:104F8000CFD017A0CAE700BF1006100025633A2053
:104F90004661696C656420746F2064697361626C3A
:104FA000652061646472657373207265736F6C75DC
:104FB00074696F6E0A00000025633A204661696CCF
:104FC000656420746F206164642049524B20746FC3
:104FD00020636F6E74726F6C6C65720A0000000063
:104FE00025633A204661696C656420746F2073659F
:104FF000742070726976616379206D6F64650A0050
:10500000878A1101018A11011D8B11017FB50D469F
:105010000446A0B100200DF10901FBF7DEFA0ED025
:105020002078012813D1A079BF2810D9204606F096
:105030009DFCB0F1FF3F02DD6FF044050CE04DB97F
:10504000484EF07901280AD16FF00B0504E01148B1
:10505000FBF723F96FF01505284604B070BDD6F8AC
:105060009000BFF35F8FC0070BD1002CF2D000205F
:105070000DF10201FBF777FA2046FDF795FA0028BB
:10508000E8D0F5792146681CF071284606F03EFC10
:10509000E2E700BF548A1101F8B5324FFBF7FFFA7F
:1050A00002D00131814203D20138FBF7D3FAF8BDB7
:1050B000FBF778FA70B1BFF35F8FFBF7C7F9FCD14C
:1050C000BFF35F8F297A41F002012972BDE8F840F1
:1050D000FEF760BDFBF756FA0020FCF7C7F920B1D8
:1050E000024621A0FBF761F925E097F8E01097F858
:1050F000E100884208D9013833490022FBF7AAFAB7
:10510000022000F07FFA16E042F228000721FFF7A4
:105110007FFD68B106460830072108F0CBFC691C0A
:10512000FDF74EFA42F228003146FBF710F970B154
:105130001AA0FBF7B2F897F8E100000602D00120B0
:10514000FCF794F92046BDE8F840FCF7F5B997F86C
:10515000E100297A013801F0FB0187F8E1002972AA
:10516000EBE700BF1006100025633A204469736125
:10517000626C696E67206164647265737320726526
:10518000736F6C7574696F6E206661696C656420FD
:1051900028657272202564290A00000025633A20E0
:1051A0004661696C656420746F2072656D6F766509
:1051B0002049524B2066726F6D20636F6E74726F60
:1051C0006C6C65720A00000055C71001FEB5B44E44
:1051D000D6F83401007AC0071BD16A4640F6034076
:1051E000FBF7C9FA00B1FEBD00988168097871B972
:1051F000D6F89000FBF7AAF900F0050056E8241F46
:1052000046E824010029F9D1BFF35F8F009808F028
:10521000C1FC6A4641F20300FBF7ADFA0028E2D177
:1052200000980822816806F13C00013108F027FA55
:10523000009808F0AFFC6A4641F20100FBF79BFAC8
:105240000028D0D1009881684A780B7986F83420FC
:105250004A8886F83530F286D1F805104FEA314198
:10526000B16308F097FC6A4641F20200FBF783FA4B
:105270000028B8D100984022816806F1440001312D
:1052800008F0FDF9009808F085FC09F0F9FB00280A
:10529000A9D196F84000400605D490A0FAF7FDFF8A
:1052A0006FF01200FEBD01AA42F20300FBF763FAA1
:1052B000002898D101980822816806F198000131F0
:1052C00008F0DDF9019808F065FC01AA42F202003D
:1052D000FBF751FA00287FF486AF01988168B1F896
:1052E0000120A6F8C4201AB1C978FBF7E4F90198A7
:1052F00008F050FC96F84000800614D440F66D404B
:10530000FBF7B9F9002800F0A9800446FBF741F843
:1053100001210022018040F66D402146FFF7B6FCD6
:1053200000287FF460AF96F86000000714D501AA4A
:1053300042F21C00FBF71FFA00287FF454AF019CD7
:10534000A768781D0DF0E0FF0546781C0DF0DCFF26
:10535000C6E92805FBF79BF996F8980040060ED59C
:1053600001AA42F22A00FBF706FA00287FF43BAFBD
:1053700001988168497886F8E01008F00BFC42F249
:1053800001000821FFF744FC002867D00446FBF722
:1053900044F8024696F8980096F8991096F8663008
:1053A000450600F0020700F0010040F20E2558BF4C
:1053B0000F2511F0090F45EA071518BF05F500651F
:1053C000990745EA00104FF0000103D55B0748BF7D
:1053D00040F4C0700EF002FA42F201002146FAF7E2
:1053E000B6FF00287FF4FFAE96F84000800602D496
:1053F000B6F8C400A8B340F601400821FFF708FC46
:1054000060B30446FBF709F8024696F89830254841
:105410004FF0005163F3C71063F3CF310EF0DEF9A4
:1054200040F601402146FAF792FF00287FF4DBAEF8
:10543000FDF772FF00287FF4D6AEF07948B3BFF3D2
:105440005F8F56E8240F40F0040046E8240100294D
:10545000F7D1BFF35F8FFEF7ABFC1EE06FF03600B5
:10546000FEBD02AA41F20500FBF785F900287FF492
:10547000BAAEB6F8C40040B902988068B0F801101E
:10548000A6F8C4108188FBF716F9029808F082FB91
:10549000B1E705A0492109F0E7FA0020FEBD00BFF1
:1054A000100610001088000225633A204E6F204934
:1054B0004420616464726573732E20417070206DA6
:1054C0007573742063616C6C2073657474696E67A6
:1054D000735F6C6F616428290A00000025633A201D
:1054E0004E6F6E2D4C452063617061626C65206368
:1054F0006F6E74726F6C6C65722064657465637432
:105500006564210A00000000C2891143C18170470F
:10551000B0B58CB00446007A400702D52046FFF7AC
:10552000BBFD227832B102AD042128460EF0F9FD10
:10553000009501E000200090A94A631C03A82421E3
:1055400000F06EFE03A80BF07FFDFAF7B2FE0CB080
:10555000B0BD00BF10B5B44C638B034208D0207BB4
:10556000884205D104F10D001146FDF726F808B177
:10557000002010BD04F10C0010BD00BF10B5AA4CF6
:10558000227B824204D104F10D00FDF716F808B128
:10559000002010BD04F10C0010BD00BF70B5054621
:1055A000087801282CD188790C4600F0C0004028EA
:1055B00026D19D4E708B317B10F002020CD0A94297
:1055C0000AD1601C06F14601062208F043F8A0B19A
:1055D000708B317B00F00202002082B1A9420ED113
:1055E000013406F13600214600F0B0FD40B106F16D
:1055F00046002146062208F042F806F10C0070BD74
:10560000002070BD10B50B4687494C8B044208BF83
:1056100010BD01F10C001146BDE81040184700BF55
:105620002DE9F04F85B0804F8946834601250DF165
:105630000D0A012407F10D0607F10C08E8071CD03C
:10564000387B584505D130464946FCF7B6FF00285F
:1056500067D00025002C4FF00004EFD030465146B3
:105660008DF81350ADF81150CDF80D50FCF7A5FF93
:105670000446002818BF0124E0E7002C44D0397804
:10568000481C0529387031D8797879B90120002172
:10569000362200247870254808F037F82448254938
:1056A000E0E802412821FAF76DFD3878C1B2C9005F
:1056B00051FA80F01D490844012100F8081C397B8B
:1056C00000F8091C07383146FCF780FF387B31466B
:1056D000FFF754FF40B10446007A400702D5204648
:1056E000FFF7DAFCFAF7E5FD06F052FC4FF0000890
:1056F0000DF1060130468DF80C80ADF80A80CDF82A
:105700000680FCF75AFF60B907F80CBF4946781CC1
:10571000FCF75CFF57F8080CB8460130F86547E91C
:105720000207404605B0BDE8F08F00BF1626100006
:1057300050261000B930100170B515460E460446CB
:10574000FFF708FF00B170BD30462946FFF768FF3C
:1057500018B1C1892143C18170BD002070BD000016
:10576000B0B58EB00278044632B104AD04212846AB
:105770000EF0D7FC009501E000200090184A631C51
:1057800005A8242100F04CFDE08910F0240F06D07C
:10579000214611F80C0F102801D8062812D8601CD9
:1057A000FCF730FF0246207B617BE3898DE80B002C
:1057B000154805AB452109F057F96FF0150420464F
:1057C0000EB0B0BD05A854220BF06EFD30B10446FA
:1057D00004A04521224609F047F9F0E70024EEE74E
:1057E0004E8F110125633A204661696C656420740F
:1057F0006F2073617665206B6579732028657272FE
:10580000202564290A000000B68E110180B5FFF73B
:10581000B5FE40B104498A68824204D04A68886073
:105820000132C2654A6080BD200F1000B0B5044649
:10583000D0E9000528B1696809B1204688470020F1
:105840002060E16809B120468847E96919B120461E
:10585000BDE8B0400847B0BD10B500F14C030024CE
:105860001B688BB12246B3F108040DD08C421C4654
:10587000F6D151F8083F42B11360036D8B421346D5
:1058800000D103650020086010BD026DC3648A4228
:10589000F8D1F6E72DE9F84F2A4EDFF8ACA0DFF893
:1058A000AC900446E8460025564528BFBDE8F88F71
:1058B0007268204641469047002841D43088009FB6
:1058C000D6F808B02821A7F85400A7F8480007F137
:1058D0001800C7E90459FAF755FC07F14000BFF377
:1058E0005F8F50E8001F40E800510029F9D1BFF355
:1058F0005F8F3846216D40F8085F002908BF04F12A
:105900004C01086020653C60C7F80CB00098416805
:10591000096809B1884700984030BFF35F8F50E8AD
:10592000001F41F0010140E80012002AF7D1BFF347
:105930005F8F009841688A6912B100F14001904779
:105940000C36B1E73C761101607611013DCB1001B8
:105950000431FDF739BCC16C39B1B1F1080004D094
:105960000968002918BF083901E00020002110B59E
:1059700060B10C46FFF75AFF00212046002CF7D0FB
:10598000A1682046002918BF0839F1E710BD70470B
:105990004C300068002818BF083828B1B0F84820FB
:1059A0008A4201D00830F4E770474C300068002884
:1059B00018BF083828B1B0F854208A4201D0083006
:1059C000F4E7704770B5064688890C46032804D86A
:1059D0001CA0452109F048F814E004F10800042156
:1059E00008F0BCF8458830462946FFF7D1FF20B1C2
:1059F00041680A692146904704E005A057212A46DC
:105A000009F032F82046BDE8704008F0C3B800BF86
:105A100025633A2049676E6F72696E67206461740E
:105A20006120666F7220756E6B6E6F776E20636893
:105A3000616E6E656C204944203078253034780AD8
:105A40000000000025633A20546F6F20736D616C75
:105A50006C204C32434150205044552072656365A0
:105A6000697665640A000000B0B50C46C16C39B1B6
:105A7000B1F1080004D00968002918BF083910E006
:105A8000002000210DE00D4641688A680AB12146D8
:105A900090470021284625B1A9682846002918BF4B
:105AA00008390028EFD1B0BDE0B50A460021002337
:105AB0000091052100F00AF88CBDE0B50A460021EE
:105AC00000230091062100F001F88CBDF8B50E46C8
:105AD000074602F1080004211C46154608F046F866
:105AE000A989468022460439018038462946069B0A
:105AF00001B0BDE8F040FDF7BDBE000070B5044642
:105B00000F480D4601780131C9B2012998BF012122
:105B100001701220082206F05DFF70B106460830C1
:105B2000082107F0C7FF29686A68016042602046C3
:105B30003146FFF7B9FF002070BD6FF00B0070BD5C
:105B400068171000BCB5F64DA86ABFF35F8FC0049C
:105B50000FD5A86AFAF76CFC0BD4A86ABFF35F8F65
:105B6000C00506D505F1180401A9204607F04CF838
:105B700000B1BCBD204601210BF0BAF901460198E5
:105B800001B30021FDF728FFBFF35F8F55E80A4FEF
:105B900024F4805045E80A010029F7D1BFF35F8F54
:105BA0000198FDF7F7FFE004E3D5BFF35F8F55E8F9
:105BB0000A0F40F4805045E80A010029F7D1BFF3ED
:105BC0005F8FBCBDBDE8BC40FDF7E4BF1CB514460B
:105BD0000A4601460498CDE90030D14823461830E2
:105BE00000F002F81CBD00BF2DE9F04F8BB0054658
:105BF0000020CB4FD1F810A00690D7F89000BFF34B
:105C00005F8F800702D46FF00A0660E0084699466D
:105C100093460C460FF090FA002853D02869FAF703
:105C200007FC52D407A800210F224FF0000807F00C
:105C30006CFDD4E90160E168ADF81C003046ADF8B8
:105C40001E1004F0ECFC8DF82900287821788DF8DE
:105C50002A8088420DD0BFF35F8F57E8240F20F4CD
:105C6000805047E824010029F7D1BFF35F8F6668B1
:105C70002078524687F833002870BAF1000F284682
:105C8000314618BF012207AF7B1D06F075FF06469F
:105C9000E8B9DDF8508005F10900BAF1000F1AD01B
:105CA0002169FCF78DFC6068C10722D0C0064FF067
:105CB000040058BF012021698DF82000B81DFCF7B1
:105CC0007FFC25E06FF0150601E06FF044063046DA
:105CD0000BB0BDE8F08F00260DF111018DF81760B3
:105CE000ADF81560CDF81160FCF76AFC6068C1077B
:105CF0000CD100F0080058EA00074FF0030018BF6D
:105D000002208DF8200018BF012702E08DF82060E6
:105D1000012742F206000F21FEF77AFF38B306464C
:105D20000397083007A90F2207F0EBFE42F20600A6
:105D30003146FAF70CFB06460028C8D1BAF1000F2D
:105D40002BD0207905F11008C00713D006A92846EA
:105D500006F05AFF70B106460C30B8D1BAF1000F08
:105D600002D16068810733D56FF00B06AFE76FF0A3
:105D70003606ACE7284601210BF0BAF800B3064618
:105D80004448FAF78AFA069C002CA0D0204600214D
:105D9000FDF722FEFAF723FB99E7159861684A465A
:105DA000434600900398C1F3C001CDE901012846A4
:105DB000594606F071FF064600287FF488AFC0E719
:105DC000069808B1FDF7E6FEBAF1000F0CD1606845
:105DD000800709D4BFF35F8F58E8000F40F480506C
:105DE000FAF7EBFCF8D108E0BFF35F8F58E8000F3B
:105DF00020F48050FAF7E1FCF8D1FAF76CFB07D4F5
:105E000058E8000F20F08000FAF7D7FCF8D106E040
:105E100058E8000F40F08000FAF7CFFCF8D1FAF70D
:105E20008AFB07D158E8000F20F48070FAF7C5FC10
:105E3000F8D106E058E8000F40F48070FAF7BDFC96
:105E4000F8D1FAF783FB039838B158E8000F40F413
:105E50000070FAF7B2FCF8D106E058E8000F20F421
:105E60000070FAF7AAFCF8D1FAF746FB07D458E815
:105E7000000F20F40060FAF7A0FCF8D106E058E823
:105E8000000F40F40060FAF798FCF8D10026BFF349
:105E90005F8F1CE7E18A1101BFB5CF4DBFF35F8F64
:105EA00055E80A0F20F4805045E80A010029F7D18F
:105EB000BFF35F8FA86AFAF7BBFA01D400202CE089
:105EC000A86ABFF35F8FC00522D5002005F1210429
:105ED0000DF109018DF80F00ADF80D00CDF80900A6
:105EE0002046FCF761FB0146287E11B121460522C0
:105EF00005E0FF210422FAF73CFA0DF10201FDF75B
:105F0000C3FA044620B10020FAF7DFFBFAF767FA7C
:105F100005F1180000210AF0EBFF04B0B0BD00BF8E
:105F200010061000418802888A4215D8062A13D329
:105F3000B1F5486F10D8828893087C2B0CD8C088A4
:105F40000A2809D3B0F5486F06D801325143B1EBA6
:105F5000800F3CBF012070470020704780B5064885
:105F6000FDF726F9FDF72AFE0448FCF7BFFABDE865
:105F700080400CF00FBF00BFD40710008D2310012C
:105F800010B50C46FFF70AFB002818BF441C20463A
:105F900010BD0000F8B5264E96F866108A0701D5A8
:105FA000490707D430A0572108F05EFD6FF02205A5
:105FB0002846F8BD1F4F396838604160BFF35F8FD6
:105FC00056E8240F40F0100146E82412002AF7D1C9
:105FD000C006BFF35F8F28D4BFF35F8F56E8240F4E
:105FE00020F0080046E824010029F7D142F22500FC
:105FF00000210022BFF35F8F0025FEF747FE002837
:10600000D6D004460CA0FAF748F9BFF35F8F56E8E4
:10601000240F20F0100046E824010029F7D125467E
:106020000020BFF35F8F3860C2E70025C0E700BFE4
:10603000100610007C0E100025633A2053656E6434
:10604000696E67204C452050323536205075626CA1
:106050006963204B657920636F6D6D616E642066A6
:1060600061696C65640A000025633A20454343205A
:1060700048434920636F6D6D616E6473206E6F7469
:1060800020617661696C61626C650A00D0490548DF
:10609000D1F890100430BFF35F8F090700EAE17078
:1060A000704700BF7C0E1000B0B50B4A0C46054689
:1060B0000DF08FFE411C04D0013818BF6FF00400B2
:1060C000B0BD08F019FD00B1B0BD034A2846214615
:1060D0000DF07FFEF0E700BF581D100010B5027DE7
:1060E0000446012A08D0032A15D11048214600F59C
:1060F000827007F0CDFC0CE0A06800781A28F4D874
:10610000012101FA00F008490842EED0204604F0CF
:10611000FFFE002010BD06A0FAF747F9FAF7B7FA1C
:106120006FF0150010BD00BF00C00804100610007D
:1061300025633A20496E76616C6964206275662039
:10614000747970652025750A0000000070B586B06E
:1061500002AE0C46054603310322304607F08FFAA3
:10616000F01C00210D2207F0D0FA284631463246B5
:10617000FDF7F4FD08B100200EE00DF1050502A9C0
:106180000322284607F07BFA20462946032207F01F
:1061900061FAB0FA80F0400906B070BDA0B12928BC
:1061A00004BF05207047062804BF0220704712284C
:1061B00004BF07207047182804BF06207047052831
:1061C00004BF012070470820704700008049D1F8C3
:1061D00034110969084700BF1006100070B50C465D
:1061E000002105460AF072FF0D2806D1287B3028D1
:1061F00006D0312801D1012003E06FF0150070BDF9
:1062000000200626207046B1A2192846022101234B
:1062100005F03EFB0235013EF5E7002070BD0000B1
:106220002DE9F04188B0944693F800E05D789E78BF
:10623000DF781C795A799B79DDF83880CDE9003216
:106240006346B8F1000FCDE90247CDE9046507BF09
:10625000CDF818E00DA2CDE906E803A20CF076FA1D
:1062600008B0BDE8F08100BF62742F25732F253080
:106270003278253032782530327825303278253022
:1062800032782530327825752F25730062742F25DA
:10629000732F25303278253032782530327825300A
:1062A00032782530327825303278257500000000AC
:1062B00010B50BF029F8044620B103A04521224671
:1062C00008F0D2FB204610BD25633A207365747434
:1062D000696E67735F7375627379735F696E6974F2
:1062E000206661696C6564202865727220256429C6
:1062F0000A0000000949BFF35F8F51E8020F40F028
:10630000010241E80223002BF7D1C007BFF35F8FE2
:1063100018BF70470248014905F086BF50081000B9
:1063200070171000B0B586B005AA41F2090000212F
:106330000024FEF7ABFC20B11CA0572108F094FB11
:106340002FE00598ADF81240CDF80E400DF10E018A
:106350008068441C2046FCF721F9F8B14FF6FF7025
:10636000ADF80C004FF0FF30029002A92046FCF778
:1063700015F998B10DF101052146681CFCF711F9DA
:1063800000208DF80100059807F004FC1048012159
:10639000C1710020294605F0B9FA05E0059807F01B
:1063A000F9FB0B480021C17106B0B0BD25633A204E
:1063B0004661696C656420746F2072656164207049
:1063C00075626C696320616464726573730A0000AE
:1063D0001006100000200021FEF718BE02460748F4
:1063E000036833B180B506A0FAF731F96FF00B00FE
:1063F00080BD0E4A426008600020704748131000BC
:1064000025633A204E6F20617661696C61626C652C
:1064100020534D5020636F6E7465787420666F72E0
:1064200020636F6E6E2025700A000000687A1101EB
:1064300070B5C2B015460E460146684616AA1C46FF
:106440000DF016FC80B1684631462A460DF03DFC41
:1064500050B1694620460DF0C3FB014600200029DB
:1064600008BF6FF0040001E06FF0040042B070BD9F
:1064700010B5044606480021C4E96A1004F5D87036
:106480002821F9F77FFE2046BDE810400CF0A0B8A7
:106490001127110110B52A4C0146FAF767F9C0051A
:1064A00040D5BFF35F8F54E82F0F20F4807044E88D
:1064B0002F02002AF7D1BFF35F8F01B3BFF35F8FC5
:1064C00054E82F0F20F0800044E82F02002AF7D173
:1064D00004F24F102022FAF77CF8FAF747F940054A
:1064E00010D4FAF743F9C00312D4FAF73FF9800544
:1064F00018D5FA4802F0E2FC014608B912E00B2177
:10650000F6480DE0BFF35F8FFAF744F8FCD104E0E2
:10651000BFF35F8FFAF73EF8FCD1BFF35F8F01E066
:106520000BF0ACF8D4F8BC00BFF35F8F000606D5C3
:1065300020460BF047F810B101462046F0E710BDA9
:106540004813100070B50646044656F8BC0BD0F848
:10655000B45004F5D47005F0FAFC3068F9F772FF16
:1065600008D4D4F8BC00BFF35F8F800702D4F9F7DA
:106570007DFF03D5204608210BF078FA3DB1E8896C
:1065800010B1687B800702D52846FEF7C1FF204680
:1065900000214FF4EC72BDE8704007F0B6B800007F
:1065A0002DE9F04387B00546044655F8BC0BBFF310
:1065B0005F8F55E8002F22F0020345E80036002ED9
:1065C000F7D19207BFF35F8F40F19A8001B328683B
:1065D000F9F738FF40F194800846FFF7DFFD0138F6
:1065E000C0B207289ABF7BA1095C0021BFF35F8F6F
:1065F00055E8000F40F0040045E80002002AF7D1FA
:10660000BFF35F8F204607B0BDE8F0430BF02EBA12
:10661000C07A002874D02868F9F714FF05D4204602
:1066200007B0BDE8F0430BF0D3BFF9F7ADFE02D4DD
:1066300094F8A1011EE094F8A001010710D594F888
:10664000A11109070CD5BFF35F8F55E8000F40F487
:106650000030FAF772F8F8D1BFF35F8F94F8A00119
:1066600000F0F70084F8A00194F8A10120F00800E0
:1066700084F8A101C10707D1C0B2810706D4400741
:1066800012D54FF4806003E0402001E04FF48070A9
:1066900004F1B801BFF35F8F51E8002F0243F9F70F
:1066A000F2FFF9D1BFF35F8FBFF35F8F55E8000FA3
:1066B00040F00400FAF741F8F8D1BFF35F8F20688B
:1066C000D0F8B410F9B1F9F75FFE0FD494F8A00137
:1066D000C0070BD020681A21D0F8B4500DF1020089
:1066E000FFF7E2FCD0B13DA0F9F79FFE94F8A001BE
:1066F00030B994F8A10118B9204600210BF0B6F981
:1067000007B0BDE8F0838830FBF77CFF02465348B2
:10671000452107B0BDE8F04308F0A6B920460621A0
:106720000AF0ECFE002851D00746F9F71EFE0DF1E5
:1067300002082A7B0646414606F0A1FF297B0F2965
:1067400005D87018C1F11002002106F0DEFF2046C6
:10675000394600220BF068FF204607210AF0CEFEE2
:10676000B0B3064608300A2107F0A4F908F1100971
:10677000074602300822494606F081FF08F1180852
:1067800038460222414606F07AFF324A2046314618
:106790000BF04AFFD4F8BC00BFF35F8F8004A5D58F
:1067A00028460121FEF7B0FE2B4E05F14A000DF1FF
:1067B00002011022B04705F1400049460822B047C7
:1067C00005F1480041460222B0478FE70BA08BE756
:1067D00015A089E70308020305080A0825633A2083
:1067E000556E61626C6520746F20676574207261FC
:1067F0006E646F6D2062797465730A0025633A20B8
:10680000556E61626C6520746F20616C6C6F6361A2
:10681000746520456E637279707420496E666F20CE
:106820006275666665720A0025633A20556E61627C
:106830006C6520746F20616C6C6F63617465204DB2
:106840006173746572204964656E74206275666652
:1068500065720A00351911017FD61001948F11015C
:106860000A480B4990F8660000F006000638B0FAB6
:1068700080F04FEA5010087005D180B50548FFF749
:1068800089FBBDE880400020704700BF1006100063
:10689000542010004807100080B50E49086090B1E0
:1068A0000D4810F0FBF80D48F9F797FF400609D5A1
:1068B0000A480BF0BBFD28B101460848BDE88040FE
:1068C0000AF0DCBE80BD06A05721BDE8804008F07C
:1068D000CBB800BF38201000280A10004813100061
:1068E00025633A205075626C6963206B6579206E70
:1068F0006F7420617661696C61626C650A000000EA
:10690000F8B50446888978B10D4601F108000121E7
:1069100007F024F90646F9F729FF3278C00607D4B4
:106920000F2A0AD3494804E04948F9F77EFD48E0B8
:1069300025A0572108F098F843E0DFF8C4C05CF8C0
:10694000321021B3012104F1B803BFF35F8F01FAC4
:1069500002FE6FEA0E0253E8007F07EA020043E8F6
:1069600000010029F7D117EA0E0FBFF35F8F15D092
:106970003378AA890CEBC30001798A4219D10268E5
:10698000204629469047E0B10146204617E02E48B0
:10699000572108F069F82046072110E0327822A03C
:1069A000572108F061F8307805280AD020460821E0
:1069B00005E014A0452108F057F820460A210AF006
:1069C0005DFE0020F8BD00BF25633A20534D5020E6
:1069D000636F6D6D616E642028636F64652030782D
:1069E0002530327829207265636569766564206197
:1069F000667465722074696D656F75740A000000B5
:106A0000FC7B110125633A20496E76616C69642034
:106A10006C656E20257520666F7220636F6465203B
:106A20003078253032780A0025633A20556E657833
:106A300070656374656420534D5020636F646520F6
:106A40003078253032780A00CD8F1101EC8F11019A
:106A5000748F11012DE9F04385B00C9C1F4615463B
:106A60000646CDE90223ADF806400AF02BFD0028CA
:106A700067D0DDF83480814674B955EA07000BD140
:106A8000D9F8BC00F9F7DEFC06D509F1BC07386877
:106A9000BFF35F8F800758D4D6F8B40080B906F1F1
:106AA0008807317A20203A46FEF754FDC6F8B40034
:106AB00030B9317A01203A46FEF74CFDC6F8B400F1
:106AC000BDF80610E1B9DDE90212114318D150B347
:106AD000C189890615D5057B00F11A01F9F767FD13
:106AE0000F2D01D8F9F751FE09F1BC00BFF35F8FFC
:106AF00050E8001F41F00201F9F7D5FCF8D138E069
:106B000088B1C189C9070ED0403002A9082206F019
:106B1000A1FD40B9D6F8B4000DF1060102224830BB
:106B200006F098FD48B3D9F8BC00BFF35F8F0004AE
:106B300004D5304606210222FCF776FE48460BF0CB
:106B400047FD002005B0BDE8F08399F8C50099F82D
:106B5000CC5009F1FF01A84238BF0546F9F727FDDF
:106B60000F2D01D8F9F711FEBFF35F8FF9F7DBFCAA
:106B7000FCD1BFF35F8F0120E4E7D6F8B400057BBA
:106B800000F14A01F9F713FD0F2D01D8F9F7FDFDCA
:106B900009F1BC00BFF35F8F50E8001F41F0020114
:106BA000F9F781FCF8D1E4E76FF0220070470000AC
:106BB0002DE9F0410546C078012860D128460AF049
:106BC00081FC40B30446F9F708FEC00644BF6FF0ED
:106BD0000400BDE8F08104F1BC073868F9F732FC25
:106BE00015D43868BFF35F8F800710D4A87A411E90
:106BF000022948D3042812D003281CD103F058FDE1
:106C0000032840D141480068A8B1C06812E06FF085
:106C10000F00BDE8F0816FF03800BDE8F08103F0AF
:106C200047FD032804D13948006820B1C06810B17D
:106C30003548007838BB6868BFF35F8F00051ED405
:106C4000D5F8B40088B905F18806297A20203246A3
:106C5000FEF780FCC5F8B40038B9297A0420324622
:106C6000FEF778FCC5F8B40048B1C18911F0240FD3
:106C700005D0A97A032906D3407BC00703D16FF062
:106C80001500BDE8F081D5F8B40020B9F9F7EEFCA5
:106C9000C5F8B40098B320460AF064FE18B16FF04E
:106CA0003600BDE8F08120460B210AF027FC0028C1
:106CB000F5D0F9F72AFD8046092003F0BFFC88F8DB
:106CC000000028463146FEF7F8FEBFF35F8F57E815
:106CD000000F40F4004047E800010029F7D1BFF35E
:106CE0005F8FF9F72FFB50E8001F41F00201F9F721
:106CF000DAFBF8D10020BFF35F8FBDE8F0816FF0C1
:106D00000B00BDE8F08100BF542010008412100079
:106D100070B504460AF0D6FB00285AD00546F9F7AC
:106D20005CFD000755D5D4F8B40004F1880608B11D
:106D3000FEF7EEFB207A3146FEF772FCC4F8B40091
:106D400090B3D5F8BC00BFF35F8F400405D5D4F8ED
:106D5000B400417B41F00201417395F8C000062860
:106D600055D8012101FA00F010F06E0F4FD0D4F881
:106D7000B400417B41F00101417395F8C51095F8CD
:106D8000CC20D4F8B400914238BF0A460273D5F83B
:106D9000BC20BFF35F8FD4F8B4009206417B0FD4C0
:106DA00001F0EF01417370BDF9F7E9FB02461B48A2
:106DB000F9F74DFC28460821BDE870400AF05EBC9A
:106DC00041F010014173D5F8BC00BFF35F8F800420
:106DD00000D470BDD4F8B4002021FEF795FBD4F8A0
:106DE000B40005F1FF0110221A3006F048FCD4F877
:106DF000B40000210822103006F087FCD4F8B4005B
:106E0000002102221830BDE8704006F07EBCD4F8A4
:106E1000B400417B01F0FE01AEE700BFAE8F11016F
:106E2000BCB58DF8070010B16FF0150519E00C46E0
:106E300081B1002069468DF80600ADF8040000908D
:106E40002046FBF7B1FB28B10020214600250DF0BC
:106E500083FB06E004490DF1070200200025FDF741
:106E60002FF82846BCBD00BFBD45110170B58AB0E2
:106E70000C4601782278914207D102291AD00129C3
:106E800014D0F9B96188408812E00DF11705294640
:106E90000EF02EF90DF10606204631460EF028F9C7
:106EA000681C711C102206F0D5FB0DE0616840687B
:106EB000401A09E00130611C10220AB0BDE87040A0
:106EC00006F0C8BB6FF015000AB070BD102A0ED0D6
:106ED000042A07D0022A15D1002202700122098853
:106EE000418010E001220270096841600BE080B52A
:106EF000022200F8012B102206F0C1FB0122BDE89E
:106F0000804000E0002210467047000001291CBFAD
:106F1000002070471068013806288EBF6FF002000D
:106F200001A151F82000704700000000000000009F
:106F300000000000FDFFFFFF000000000000000057
:106F400000000000F0B587B02F4E304FF06E0028E3
:106F50004DD0C419C15BA088814248D001A814213A
:106F60001425F9F70FF906AA2046142107F004FFAB
:106F7000E8B301460698142838BF054601A82A46FA
:106F800006F07DFB0699204607F036FFBDF8180095
:106F900014282CD1BDF80420B2F5826F14D040F231
:106FA000034082421FD106F10C0005F0D9F9BFF36E
:106FB0005F8F56E8010F40F0020046E8010100290A
:106FC000F7D1BFF35F8F12E01148016841F0806193
:106FD00001601048017841F00801017006F13C00A1
:106FE00005F0BEF903E00CA0452107F03DFD706FF0
:106FF00040B1C15B38448088814203D006F124004F
:1070000005F0AEF907B0F0BD5007100080991000F0
:107010000010004028E0100025633A20756E6B6E6A
:107020006F776E206D7367287479706520257829D5
:10703000210A0000D5483C30704700BF2DE9F041DF
:107040008AB004464FA0F9F7F3F8534D6868BFF3D0
:107050005F8FC00768D1002C00F08280AC604FA029
:107060000FF072FB0028286077D081684FF000088D
:107070000DF127028DF827800B6949499847494E41
:10708000494F4FF48071012206F11C042046B84795
:1070900000F5CD404FF480710122308080B2A866A7
:1070A0002046B84700F5CD40AA6E492183B2B08191
:1070B0003EA0EB6607F0D8FC20464FF4007100229A
:1070C000B847434E4FF400710022304468672046B1
:1070D000B8476A6F83193FA049212B6707F0C4FCAA
:1070E00009F08EFD444C6FF009004449444B4FF4C5
:1070F000C872CDE90688CDE90088CDF81080CDE9C9
:10710000028020460FF04CFD3EA120460FF066FDA8
:10711000BFF35F8F55E8010F40F0010045E8010122
:107120000029F7D1BFF35F8F6868BFF35F8F8007D7
:1071300023D428684FF4503281680B684FF0016106
:10714000984708B132A009E02868002281684B689E
:107150000021984738B1344800E03A48F9F7C4F8BC
:107160006FF015000AE03148F9F762F805F10C00FC
:1071700005F016F92EA0F9F75BF800200AB0BDE87B
:10718000F08100BF25633A206274206472697665DD
:107190007220696E69740A0050071000425443005F
:1071A000456F10018499100051EE100125633A20BB
:1071B0006D73672074782069643A2025642C206DF3
:1071C00073672072782069643A2025640A00000001
:1071D0008066EFFF25633A20686369207278206932
:1071E000643A2025642C20686369207478206964DF
:1071F0003A2025640A000000B01E10000080100034
:1072000059FF1001425420484349205258000000C1
:1072100025633A206C6F61642062742062696E207D
:107220006661696C65640A007B881101F987110148
:1072300025633A20627420637075207265616479F9
:107240000A00000060881101B0B5074C074D206F9F
:10725000411907A007F046FD606F411907A0BDE87E
:10726000B04007F03FBD00BF5007100080991000EC
:10727000484349205458206275663A0048434920E3
:107280005258206275663A002DE9F84FDFF8FCB0DD
:10729000DBF80430BFF35F8F9B0702D46FF012045A
:1072A00070E06FF0150400296CD0002A6AD0384CC9
:1072B000384D4FF00009E8464FF0010AA070D01C8D
:1072C0006160228120F00300011D20806181DBF8D4
:1072D000700089B24246CDF80090284407F008FEBD
:1072E00088B30646E07B38B1A08921890F1A00993E
:1072F000B94238BF0F460FE030462146042206F05F
:10730000BEF9A089218984F80FA00F1A00990439C9
:10731000B94238BF0F4604366168BAB201443046FC
:1073200006F0ADF9A08900993844A081DBF870001F
:10733000284407F03DFE6089009A811A618132B1CC
:107340000804C4D103E014A0F8F7CEFF6189080453
:1073500005D019A0F8F7C8FF6FF036040DE0DBF890
:1073600000008168C9688847A0781AA1228951F86D
:107370002000616807F036FB002405480021142234
:1073800006F0C3F92046BDE8F88F00BF5007100093
:10739000AC2010008099100025633A20616C6C6F5E
:1073A0006320686369207478207262756620666164
:1073B000696C65640A00000025633A2073656E6499
:1073C000206863692072627566206661696C656415
:1073D0000A000000D38811019B881101A9881101BE
:1073E000B7881101C58811012DE9F041A1F1010C07
:1073F0004FF0000E5FFA8EF4A445D8BFBDE8F081CF
:1074000000EBC40475460135EEB28E420FD230F85F
:1074100036702288BA42F6D200EBC602D4E9008761
:10742000D2E90036C4E90036C2E90087EBE70EF185
:10743000010EDFE770B50C4605461BA0F8F7DEFE2F
:10744000204E3068C00402D51FA0F8F7D7FE306880
:10745000000502D52248F8F7D1FE306880050FD527
:1074600020A0F8F7CBFE32693068000408D525A0CB
:10747000452107F0F9FA1DB1306820F40040306072
:107480003068400502D526A0F8F7B8FE3068C00580
:1074900002D52B48F8F7B2FE00202070306840F487
:1074A0007F40306070BD00BF25633A202A2A2A2A17
:1074B0002A20425553204641554C54202A2A2A2A34
:1074C0002A0A000028ED00E025633A2020205374AA
:1074D00061636B696E67206572726F720A000000EB
:1074E0003783110125633A20202050726563697348
:1074F00065206461746120627573206572726F72B9
:107500000A00000025633A202020424641522041D3
:107510006464726573733A20307825780A0000003D
:1075200025633A202020496D707265636973652078
:107530006461746120627573206572726F720A00F3
:107540004F83110110B5084BD2B259B110F8014B5D
:107550000139624002F00F0403EB12121C5D127C31
:107560006240F1E7104610BD887A1101002221B176
:1075700010F8013B01391A44F9E782F0A500C0B2C6
:10758000704700002DE9F04F95B005460DF13A0027
:107590000C4607934FF00009411C804600F1160B82
:1075A000049108AE06F1080A571C17F8010C0028D0
:1075B00000F01E83252808D02146A847013709F18D
:1075C0000109B0F1FF3FF0DC13E330461821F8F772
:1075D000D9FD3846CDF814B0CDF80CA010F801193B
:1075E000252902900DD1791CC44625204FF0FF3A81
:1075F000002300274FF00008069100218DF82B0092
:107600001CE10020464620290FD0232907D030292D
:1076100009D02D2905D02B290ED1082106E02021E3
:1076200004E0042102E0402100E0102108438DF82D
:10763000280017F8011FE6E700F04401442908BFBD
:1076400000F03C00149760F07F008DF82800069051
:1076500038782A2806D1012001374FF0000A8DF82A
:10766000290015E014A802F0E1FA14998F420CD019
:1076700082460B900220069A0F4600EA9A70024357
:10768000002006928DF8282002E04FF0000A00202A
:1076900039782E39B1FA81F14FEA511140EA4108A7
:1076A0008DF8298009D1781C149078782A2806D181
:1076B00008F1040802378DF8298000210DE014A894
:1076C00002F0B4FA01460C900220069A149F00EAD8
:1076D0009170024306928DF82820387801914C2849
:1076E00030D07A2807F1010E29D06A280DD06C28F5
:1076F00011D074280CD0682819D1BE461EF8010F8D
:10770000682833D108F108080CE008F128082FE0B8
:1077100008F138082CE0BE461EF8010F6C2822D173
:1077200008F120088DF8298007F1020E22E04FF0C1
:10773000000B00210022BE468DF829801EE008F1D2
:10774000300815E0069808F1400807F1010E012203
:107750004FF0020B02218DF8298040F002000690C4
:107760008DF828000AE008F1180801E008F1100877
:107770008DF8298000214FF0020B00229EF80000B6
:10778000B446A0F158078DF82B00202F1DD80123F7
:10779000DFE807F0112D2D2D2D2D2D2D2D252D114F
:1077A000122525252D122D2D2D2D34112A2D2D2A72
:1077B0002D112D2D1100022300268DF82A3063286B
:1077C00018BFB346069E16431DE0A0F141010629ED
:1077D0000DD8012202FA01F111F0710F07D0042334
:1077E000069E4FF0020B0CE00323069E09E0069E66
:1077F00000234FF0000B46F0010604E00323069E31
:107800008B468DF82A304BEA0601079E5FEAC87264
:107810008DF828100AD056F804ABBAF1FF3F05DC0A
:1078200041F00401CAF1000A8DF828100EF101029E
:1078300006925FEA487221D4019F07965FEA887238
:1078400058BF4FF0FF37013B4FF0000B4FEAD80213
:10785000032BCDE90BBB42D8DFE803F0021C3C3020
:10786000052A2BD0042A664600F07A80032A40F0CD
:10787000BB80079B53F804BB079301E180CEB7F1AF
:10788000FF3F0796DFDC08F07D084FF0FF378DF8EB
:107890002980D8E7052A11D0042A664600F06080C6
:1078A000032A40F09580079B53F804BB07930023FD
:1078B000632800F0AA80CDE908B311E0079B0733E5
:1078C00023F007031E4656F808BBCDE9076B5B683B
:1078D000099304E0079B53F804BBCDE9073B6646D8
:1078E0008B070BD0029A069B2846214606F088FC9F
:1078F000B0F1FF3F40F37D81814412E0A0F16303CA
:107900004FF00008152B39D8DFE803F08C130B0B70
:107910000B0B130B0B0B0B9346A10B0B850B460BA1
:107920000B46B046DDF814B008AEDDF80CA0069AA0
:107930003AE608074FF02B084FF0200058BF00EA46
:1079400041080998B0F1FF3F26DC08994FF02D0857
:10795000494208914FF0000161EB000009901BE0E3
:10796000079BB446073323F007031E4656F808BBAF
:10797000CDF820B0079666465B6885E058280BD0A6
:107980002528CED125202146A847B0F1FF3F40F35E
:10799000308109F10109C4E7059ADDE908013346A0
:1079A0000092039A01F0CCFF8346002F0ED49DF87D
:1079B0002800059900F0BF000B468DF82800A1EBC8
:1079C0000B00874284BF381A0B9065E0059B63E08B
:1079D000079B53F804BB07930023022ACDE908B3A1
:1079E00013D0012A0ED07BE7079B022A53F804BB71
:1079F000CDE9073B4FEAEB7309933FD0012A7FF4AF
:107A00006FAF00235FFA8BFB01E01FFA8BFB09933A
:107A1000CDF820B064E75846002F37D439460BF034
:107A200032FB35E09DF82000049BB3468DF83A0008
:107A300036E0072A3FF675AF4FEAE970DFE802F05B
:107A400004D2D504CFCF0404CBF8009069E7BBF192
:107A5000000F00F0BF800598039A00213346009084
:107A6000584601F06DFF834678208DF82B009DF875
:107A70002A0040F010008DF82A0096E70FFA8BFBE1
:107A80004FEAEB73CDF820B0099329E70BF0ACFA7D
:107A90000BEB00034FF00008BBF1000F3FF441AFC8
:107AA000BAF1010F029342DB9DF82A109DF82800DD
:107AB000CA064FF0020258BFC1F3C00249061A4479
:107AC0000B9B41461A440C9B48BF1A44B8F1000F67
:107AD00018BF0121079FABEB01015144A1EB020A42
:107AE00041072AD4079710F040004FF000064FF0EE
:107AF000300708BF46460CBF2027B8F1000F08D05A
:107B000040462146A847002873D409F101093027CF
:107B10000026BAF1010F0CDB38462146A847AAF12E
:107B2000010A09F10109B0F1FF3FF2DC61E0079FB2
:107B300003E0079FAAF1010AB046B8F1000F06D092
:107B400040462146A847002853D409F101099DF871
:107B50002A6016F0180F06D030202146A8470028CA
:107B600047D409F10109F00601D4B84608E09DF8B0
:107B70002B002146A84700283BD4B84609F101094B
:107B80000B9FC9F10006012F08DB30202146A847D2
:107B9000013E013FB0F1FF3FF5DC2AE0029B2846A1
:107BA00021465A4606F02CFB0746002824D4BAF199
:107BB000010F08DB20202146A847002819D40137EF
:107BC000AAF1010AF3E7A7EB06090DF13A06CDF891
:107BD0001C80A6E6DFF824B00BF1050360E7CBE9D3
:107BE00000909EE68BF800909BE6ABF8009098E63C
:107BF000484615B0BDE8F08F3846FAE73A891101DA
:107C000070B550F8084C9CB1054604F18806207AFE
:107C10003146FAF7ECFC58B10020314645F8080C23
:107C2000207AFCF745FF2046BDE87040FBF7B2BF65
:107C300070BD10B504460078904203D1601CFAF77D
:107C4000B9FC00B10024204610BD00007CB51446EC
:107C500082682A4B9A4201D001207CBDA268C56887
:107C6000EAB1E06810B31088884221D1F8F7F9FC36
:107C7000064680B900200DF101010022F8F70CFC46
:107C80002846FFF7D6FFA8B1216806460130FAF76B
:107C90009AFC20793070A268508830810BE0F8F7A8
:107CA000E0FC0028D8D000F0EAFED5E700207CBD3B
:107CB000D2D200E0A268101DA060E0680138E06048
:107CC00018BF01207CBD00BFB0B514460D468168C9
:107CD0000A4A91420FD122792168C068FFF7A9FFB3
:107CE00048B1D4F8C810008904EB81025081481CC7
:107CF0001581C4F8C8000120B0BD00BF4940100183
:107D0000002070472DE9F041B8B00E463E98234957
:107D100090466A461D4609F0EEF950B1009F01A950
:107D2000384609F0D3F937B1019840B1F8F75AFB5A
:107D300006E01FA000E01D48F8F7FCFC0CE0002066
:107D40000DF109048DF8140038462146FEF746FA75
:107D500040B11348F8F7F6FB6FF01504204638B031
:107D6000BDE8F08104945EB108AE2846C0223146D9
:107D7000C0470446B0F1FF3F0CDD0696A00801E0C5
:107D800000200690084A079004AB0120F8F797FB03
:107D90000024E3E70348F8F788FADFE76F8E110164
:107DA0000F8E1101E98D11014D7C1001308E1101F2
:107DB00025633A20496E76616C6964206B65790AA7
:107DC000000000007FB500211C4615468DF80F10FD
:107DD00001F054FF089E30B100F108010DF10F00D1
:107DE000012205F04CFC01200DF10F012A4623462B
:107DF000CDE900610290FCF7A1F804B070BD00006D
:107E00002DE9FF4148B10E460DF10901F8F736FCA6
:107E100060B12248F8F796FB02E02C48F8F78AFC9C
:107E20006FF01504204604B0BDE8F08101A9384682
:107E300009F04CF9019818B1F8F7D4FA804601E03E
:107E40004FF000085FFA88F00DF1090101F038FFEA
:107E5000074650B9002001F011FFC8B1074600F8ED
:107E6000018B0DF10901FAF7AEFB66B107F10801CC
:107E700028460122A047B0F1FF3F07DC044608482E
:107E8000F8F713FACEE7384600F004FE0024C9E7FD
:107E900004A0F8F74FFC6FF00B04C3E70F8E11013D
:107EA000E98D110125633A20556E61626C6520747D
:107EB0006F20726573746F72652043463A206E6F4F
:107EC00020636667206C6566740A0000308E1101BD
:107ED0002DE9F04780460898012802D96FF0060A7C
:107EE00055E018449A46012802D96FF00C0A4EE07A
:107EF0004046914601F0C2FE064620B9002001F03E
:107F0000BDFE0646E0B106F1080000210122514500
:107F10001CD019F80140435C00275C40E5B2032FF8
:107F200007D002FA07F42C4218BF1C4203D10137D4
:107F3000F5E70131EBE7514514D26FF0120A26E064
:107F400014A0F8F724FB6FF0100A20E0514649B165
:107F500019F8013B0278013903F007031A4300F8CE
:107F6000012BF4E7701C08F18801FAF72CFB98F854
:107F7000080006F80C0BBFF35F8F56E8000F40F0C7
:107F8000010046E800010029F7D1BFF35F8F50469A
:107F9000BDE8F08725633A204E6F207370616365FA
:107FA00020746F2073746F726520436C69656E7402
:107FB00020537570706F72746564204665617475C6
:107FC0007265730A00000000CD4803F0C0BF00BF17
:107FD0000749096859B1E0B58DF80600C6484078F0
:107FE0008DF807000DF106008847BDE88C4070470A
:107FF000441810007FB5CD4DE878012837D1BE4C2C
:108000006078012898BF012029890E2200260844A3
:1080100000212881684605F078FB60888DF80860AB
:10802000ADF806608DF800602E89ADF80200E88892
:10803000ADF80460202808D3A5484FF4D97200F1A8
:108040000E0105F04EFB2E891F20411CC0EBC00025
:108050006C460E22E9809E4901EB40002146F8F76C
:1080600078F820466E8100F025F800F033F97FBDE6
:1080700010B5481E074CB0FA80F04009207006A0E9
:1080800006F0F2FC207880F00100BDE81040FFF718
:108090009FBF00BF980F100043474D53206D65618F
:1080A000737572656D656E74206363632025750A50
:1080B0000000000070B58AB0D149CC6874B109786D
:1080C00061B1D0F802108279CDF80210017842B186
:1080D00041F0200107268DF8062003E06FF03800FC
:1080E00020E00626C27922B16B4641F040019A5544
:1080F0000136007A20B16A4661F07F019055013661
:108100008DF801108DF8006004ADF8F7E4F86846CA
:108110002946ADF81C600690BA48283005902046E4
:10812000FCF764FC0AB070BD881EB549B0FA80F057
:1081300040094870704700BF114601A006F094BC8A
:108140005241435020696E64696361746520646FB5
:108150006E65206572723D25750A0000F8B5A84E5F
:108160000146F068D8B17078C8B106F1180404224D
:108170000427204605F083FA06F14C05F8F7ABF822
:10818000A0480749A6F86070F46500F58270C6E95A
:108190001401F0682946BDE8F840FCF7BBBAF8BD09
:1081A00039811001964800210822103005F0ADBA3F
:1081B00010B586B04FF6FF74ADF81640064CCDF8FA
:1081C0001240062402940DF112040194089CF8F761
:1081D00053F906B010BD00BF006000231FB5142482
:1081E000ADF80E40022402940DF10E040194069C99
:1081F000F8F742F904B010BDB0B586B0804C258CBC
:10820000ADF80F5094F822508DF81150D4F8235047
:10821000248DADF816400924CDF8125002940DF1CA
:108220000F0401940A9CF8F727F906B0B0BD00BF0F
:1082300010B586B00024ADF81640714C6489ADF8D5
:1082400013402D4C24788DF81540052402940DF12F
:1082500013040194089CF8F70FF906B010BD00BF95
:1082600089B1B0B5F14AD28852B1F14B1C1D00233F
:108270009A4205D02588854208D20E340133F7E7AB
:108280006FF00100B0BD6FF00100704700200B805F
:10829000B0BD00BFC1B170B5E44AD2888AB1E44C28
:1082A0004FF0FF3315040CD013FA82F5013AC5EBF9
:1082B000C50604EB4606B6888642F3D800200D803A
:1082C00070BD6FF0010070BD6FF00100704700BF1E
:1082D00078181000D548C07801280BD1064840789E
:1082E00040B147F23051002300FB01F2034804493A
:1082F00003F058BE704700BFFC0310007017100059
:1083000048181000E0B58DF8060006208DF807101B
:10831000ADF8040001A8FFF721FF8CBD881EC349FA
:10832000B0FA80F040098870704700BF980F1000C5
:1083300080B179B14278022A0CD1406850B10088EE
:108340004FF6FB720880A0F2FE710120114208BFB7
:108350000520704703207047114601A006F084BB3A
:10836000534F435020696E64696361746520646F84
:108370006E65206572723D25750A0000F0B585B006
:1083800018288DF8000032D801251C4C05FA00F0A1
:1083900020422CD043B10A9C34B16846194622468B
:1083A000284405F06CF92544A04FF868E8B1B87886
:1083B000D8B1ECB207F1360569462846224605F0E9
:1083C0005EF907F1640600211822304605F09DF998
:1083D0000C480D49A7F878407D6700F5A070C7E903
:1083E0001A01F8683146FCF795F905B0F0BD032590
:1083F0008DF802208DF80110CCE700BF48922401CF
:10840000980F10000079110159831001E0B5ADF803
:10841000061002210DF10603012200910021FFF751
:10842000ADFF8CBD2DE9FF410A9828B16FF006041D
:10843000204604B0BDE8F0817C4E707830B11C4617
:108440003BB11078012C09D1FF210DE06FF0FC0445
:10845000EEE7307C0028EBD1FF2029E05178032C97
:1084600002D30232A31E01E000220023357C032840
:1084700004D1FDB109B3032103202EE0002DD7D193
:10848000042801D0012813D1062925D801258D40C3
:1084900015F0620F15D115F00C0F1BD0DBB2032BBA
:1084A00011D11378012B1DD0022B0CD1082114E01F
:1084B000022112E0032007210FE0180605D0032057
:1084C00001E01B060ED0052107E0FFF76BFE03203D
:1084D000012102E0042900D0032100223274FFF7B9
:1084E00011FFA5E7012810D004287FF4A1AF0139BE
:1084F000052938D8F588280ADFE801F0372E23351A
:108500000303002D18BF01252EE0F7880025012068
:108510007174F582C6F812503074ADF80E50ADF893
:108520000C50002F3FD0481E052800F27980DFE86C
:1085300000F0033427773D420021781EADF80E107D
:1085400028E0B2F801000DF10601FFF789FE50B9ED
:10855000BDF806002D1A38E0B2F801000DF1060151
:10856000FFF798FE70B3002500208DF80B00052062
:108570008DF80A50ADF8080002A8FFF7EFFD57E7A5
:10858000B2F801000DF10E01FFF76AFE58B9BDF80F
:108590000E10781EADF80C001FE0B2F8010003A920
:1085A000FFF778FEA0B1357406213CE000200021E1
:1085B000ADF80E0011E0781EADF80C00ADF80E001D
:1085C00001460AE0BDF80600451CA8B2000ACCE747
:1085D0000021BDF80C00ADF80E1071828FB2144965
:1085E000B0824FF00008C7EBC70001EB4005BDF8B3
:1085F0000C0087420DD82846FFF75CFD80B9013793
:108600000E3508F10108B7F5803F7782A6F816808D
:10861000EDD1002030745FEA0840C5D0012102E0AE
:10862000002008213074012059E700BF980F100086
:1086300078181000F0B585B00A9810B16FF00604F4
:10864000EAE09D4DA87868B100201C4604908DF8A2
:108650000D0053B11178012C8DF80C1007D10022B8
:10866000002309E06FF0FC04D6E0FF2117E001329F
:10867000631E04928DF80D304E1E1A2E0FD8DFE8BF
:1086800006F012610E7A720E496C0E86920EA9A443
:108690000E3D6F0E553A0E95A10EBEB52A00009004
:1086A0001C200222B5E0180600F0D98010786F4E29
:1086B000FF2808BF012070700420FFF789FCFFF736
:1086C00083FCE878012803D1707808B1FFF702FE37
:1086D000002001219AE065480026EE70017841F003
:1086E00001010170FFF770FC0320FFF771FC009699
:1086F0001C201B218CE0698E152068E003A80DF179
:108700000A01F7F76FFD04BFBDF80A0028860020B4
:10871000102171E003A80DF10A01F7F763FD04BF12
:10872000BDF80A0068850020072165E003A80DF167
:108730000A01F7F757FD04BFBDF80A00688600205C
:10874000132159E049480DF10A03022140788DF8C0
:108750000A000120009003200BE0698D092036E01B
:10876000298E122033E00A20052100903F48031D86
:10877000062001224EE0D8B20A2850D13B481146CB
:108780000A22043004F07BFF002004213EE003A80D
:108790000DF10A01F7F726FD04BFBDF80A00A88510
:1087A00000200A2128E0A98D0C2010E003A80DF17B
:1087B0000A01F7F717FD04BFBDF80A00A8860020DC
:1087C000162119E0A98E182001E0E98D0F20FFF78E
:1087D0001DFE21E003A80DF10A01F7F703FD04BF18
:1087E000BDF80A00E88500200D2105E0E8780128A1
:1087F00018D100201A21042200901C2009E01B48F7
:10880000017801F0EF0101700020192100901C2077
:1088100001220023FFF7B2FD204605B0F0BD002085
:1088200004211EE0012000260A22E8702879AE60AB
:10883000013028710D48017801F0FE01017005F149
:108840002000002104F061FF0220FFF7C1FBFFF7C9
:10885000BBFBFFF73FFD00961C201A21D8E7002044
:10886000012100901C200322D3E700BFFC0310006D
:10887000009810B16FF006007047092B1CBF6FF015
:108880000C00704710880C490884907881F8220009
:10889000D07881F82300107981F82400507981F88C
:1088A0002500907981F82600D07981F82800107A87
:1088B00081F8290009207047980F10007047F8B51B
:1088C0008D680746B0F85E600C46284605F0ABF8A8
:1088D000B04202D96FF023060BE000263846294645
:1088E0000022C7F8C440A66000F016F808B106469A
:1088F000A5603046F8BD0000D0F8C41039B100F1D1
:10890000E001034843F69822002303F04BBB704775
:1089100070171000704700002DE9FC470C46814697
:1089200017460D4654F8080F0078D2280FD1D9F811
:10893000000029460068FEF737F940B1064622A03C
:10894000452106F091F8284605F024F938E0204644
:1089500005F0EAF8B5F80CA080465FB92068007809
:10896000F9F778FA0138C0B204289ABF1CA151F86F
:1089700020700027D9F800001F49C9F8107100685D
:108980008F4209D01E498F4208D01E491F4B1E4AF4
:108990008F4208BF134602E0164B00E0174B09F167
:1089A00008012A4600910421FDF790F838B10646E7
:1089B0002869A5F80CA010FA88F0A86000E000264D
:1089C0003046BDE8FC8700BF25633A204572726FD0
:1089D00072207369676E696E6720646174610A0052
:1089E000F98810011589100100000000BD881001F0
:1089F000F9881001AD21100115891001911810019D
:108A0000BD881001F988100195211001C5211001C0
:108A1000A0F13002D3B20A2B11D3A0F16102D2B27D
:108A2000052A02D8A0F1570209E0A0F14102D2B212
:108A3000052A84BF6FF015007047A0F137020020AF
:108A40000A7070470A6801320A60014909680847DC
:108A5000E405100000EBC1018068B0F5004F34BFA1
:108A6000488848684008704700EBC1018068B0F54D
:108A7000004F34BF4888486800F001007047BCB51B
:108A80000025044601300DF10101F7F767FE25814D
:108A90002570BCBDBCB50025044601300DF10101B7
:108AA000F7F75CFE04F108000021012204F02DFE1E
:108AB00004F10C00BFF35F8F50E8001F40E8005145
:108AC0000029F9D1BFF35F8FBCBD70B501EB810305
:108AD000012400EB83000023073839B3058840F8F0
:108AE000053C05F00F05042D11D804FA05F515F025
:108AF000160F0CD050F80D5C4DB150F8096C356074
:108B000050F8096C6E6040F80D3C40F8093C82F367
:108B10001188BFF36F8F013914384FF02005EFF340
:108B2000118285F31188BFF36F8FD6E770BD0021E6
:108B30000C2204F0EABD000010B5024601380E28F0
:108B400040D8DFE800F01313134545454A080808EC
:108B5000080808454F00B1F5FA4F0ED888B24FF417
:108B6000FA410123B1FBF0F1002017E03748384B00
:108B7000084498421AD20E2046E032480023B0FB47
:108B8000F1F00221062B04D8884202D901334900B2
:108B9000F8E743F4007005E001305B00062898BF59
:108BA0008B42F9D3284941F8220049E02948431C67
:108BB000B3EB410F21D9284C01EB8103A3421CD90F
:108BC0000F2021E0212A03D11F480021C16537E091
:108BD00022A0114605F048FF32E01B4840F2011187
:108BE000C1612DE0B1F5FA4F13D888B24FF4FA41C4
:108BF0000122B1FBF0F100201CE00844B0FBF1F0D1
:108C000001380D2828BF0D200F4901EB8201486073
:108C100016E00C480022B0FBF1F00221062A04D82D
:108C2000884202D901324900F8E742F4807005E039
:108C300001305200062898BF8A42F9D30249C8631E
:108C4000002010BD001BB7000810004055F574FD52
:108C500055854501FF8FD003FF1FA107636C6B692A
:108C6000643D2564206E6F7420737570706F72742C
:108C700020636C6B207365740A000000B0B5164D5C
:108C8000E87918B9FDF74EFBE879D0B1D5F8900036
:108C9000BFF35F8F800758BFFBF78AF8BFF35F8F82
:108CA00055E8240F20F4004145E82412002AF7D1AA
:108CB0000004BFF35F8F48BFFDF71CFB0024204674
:108CC000B0BDFDF787FB0028E0D0044603A0452196
:108CD00005F0CAFEF3E700BF1006100025633A2036
:108CE000556E61626C6520746F20736574757020B9
:108CF000616E206964656E74697479206164647260
:108D00006573730A000000002DE9F04F99B0D0E9B7
:108D1000029CD0E904B2D0E9007ED0F81880D0F8E7
:108D20001CA0089000266046CDF810C0CDF80CB00D
:108D30000292CDF80480CDF800A0CDF81490CDF8C3
:108D400018E0079758461046404650464846704639
:108D50003846434690465A46102E31D001EB8605E0
:108D60008EEA09042D6809A83C402DBA40F8265027
:108D70000EEA090060404FEAB70484EA773484EAD7
:108D8000B75404EB000B4FEAB21008EA020480EA81
:108D9000F22080EA7260204423EA020450449A469A
:108DA0002044454C54F826400136204428440BEB1F
:108DB000000400EB0C0BCC46F146BE462746C8E744
:108DC00000219B4643469046302953D001F11E02B4
:108DD00009AE01F1100002F00F0200F00F0056F88A
:108DE00022204FEA724484EAF24484EA922201F19A
:108DF000110404F00F0456F824404FEAF41585EAF4
:108E0000B44585EAD40401F1190505F00F0556F8BB
:108E100025502C4456F820502C4422444FEAB814D4
:108E200084EAF82446F8202003EA080084EA7864FB
:108E300020442BEA08045044DA4620441E4C04EB3C
:108E400081040131246C20448EEA090410440EEAA6
:108E500009023C4062404FEAB70484EA773484EA6E
:108E6000B7542244141800EB0C02CC46F146BE461F
:108E70002746A6E70098824401980BEB0001029870
:108E80001A18039808EB000304980CEB00040598EB
:108E900009EB000506980EEB0006079807440898B2
:108EA000C0E90076C0E90254C0E90432C0E9061AFC
:108EB00019B0BDE8F08F00BF987C11012DE9F04F8B
:108EC000A5B0054607A80021102204F01EFC95F865
:108ED000C020052A70D8DFE802F00F03030F6F08E7
:108EE00005F5C87107A8042204E0D5F89C1119B152
:108EF00007A8102204F0C3FB2C46352154F8FF7B51
:108F000017AE3046F7F73EF901200DF12C0B05F2B4
:108F10004F1120228DF88F005948CDF85D0058463A
:108F20000AF042FB574813AB59462022FDF780FA5E
:108F3000D8BBDFF8548105F1EF01701D102205F256
:108F40007F1A05F1DF090591C04706F11500494672
:108F50001022CDF81890C04797F88F0007F19001C4
:108F600006228DF8810006F12600C04797F896008A
:108F700007F1970106228DF8880006F12D00C04701
:108F800013A8314635225346FDF752FA68B95046C8
:108F90000AF0F4FA0120352223468DF85C0013A86C
:108FA00017AE3146FDF744FA50B138A0F7F73DFA55
:108FB000082025B0BDE8F08F5048F7F748FBF7E7E9
:108FC00020460AF0DBFA284650F8C91B01F18F024F
:108FD00096318DE8070807AB069C059F5046214651
:108FE0003A4608F09BFB08B12FA0DFE795F8C000D8
:108FF00005280AD1D5F8981107A811B1F7F7DEF9BD
:1090000003E00021102204F080FB284650F8C21B28
:1090100001F196028F318DE8470007AB5046394683
:10902000224608F07BFB08B129A0BFE705F26F10CC
:1090300017A9102204F00EFB08B10B20B9E728464F
:109040000D2108F05BFA0028B2D00446F7F78DF93D
:109050000BA9F7F7B3F928462146002209F0E4FAF4
:1090600005F1BC00BFF35F8F50E8001F41F0020123
:10907000F7F719FAF8D10020BFF35F8F99E700BF27
:1090800062746C65D8801101A935110125633A20FD
:1090900043616C63756C617465204C544B20666150
:1090A000696C65640A00000025633A2043616C63C3
:1090B000756C617465206C6F63616C2044484B650E
:1090C0007920636865636B206661696C65640A007A
:1090D00025633A2043616C63756C61746520726529
:1090E0006D6F74652044484B657920636865636BD8
:1090F000206661696C65640A00000000538F1101ED
:10910000B0B50446407B07281DD16068BFF35F8F70
:10911000800418D4E07820B1304890F89800000717
:1091200011D542F21600F7F7A6FA60B10546F7F737
:1091300030F9218801802948294600F58E70BDE864
:10914000B04004F0A5BCB0BD70B5044600F13405D4
:1091500028460022002304F06EFC40B10646406918
:1091600008B10AF0B1FF304604F014FDF0E72046E4
:10917000FAF751FB04F1580000220023BDE87040CB
:1091800002F0FEBEF8B514460D46064601279DB115
:109190003046FAF723FB60B1417B082907D807FA6C
:1091A00001F111F4C17F02D00188A14205D0FAF784
:1091B000F1FCC036013DEAE70020F8BDE0B5084902
:1091C00006480968B0F8C400ADF8060021B10DF1F9
:1091D00006008847BDF806008CBD00BF10061000D1
:1091E0007C151000E0B54FF0C87001900B4800905E
:1091F00009F074FE0A48006820B10A48084900686E
:10920000FBF708FA074869460068FAF7DCF8C1B2CC
:1092100011B105A005F028FC8CBD00BF2003200380
:109220000408100070201000436F6E6E2070617291
:10923000616D20757064617465206661696C656438
:1092400028657272202564290A00000070B588B074
:109250000D460446FAF734F80DF102063146F9F7E7
:1092600017FA0DA0314605F0FFFB25B10EA02946E7
:1092700005F0FAFB0EE014A005F0F6FB2046FAF725
:10928000ADFA144908602046F9F766F80320022178
:10929000F8F706FA08B070BD436F6E6E65637465CB
:1092A000643A2025730A0000436F6E6E656374692B
:1092B0006F6E206661696C6564202865727220306B
:1092C0007825303278290A00436F6E6E65637465C5
:1092D000640A00007020100010B504460A2805D169
:1092E0000648006881684A680D2190470348006875
:1092F00081684A68E1B29047204610BDA021100065
:10930000B0B5104D04466878012806D10E49EFF338
:10931000098048610D4880F3098805F0BDFA30B135
:109320002046F6F7DBFE044605F0A0FA00E0002434
:109330006878012803D10448406980F309882046F1
:10934000B0BD00BF0E041000240D10008099100065
:10935000F8B5064600204FF0FF324FF0FF330D46C0
:109360000027F9F72BFF0446707B07280DD16761B2
:10937000FFF724FF04F108060746304604F002FC1C
:10938000B84206D9FFF71AFF06E0F6F7D2FF00242D
:109390000DE0304604F0F6FB87B255F8081F304662
:1093A0003A4604F0AEFB2846394604F0C6FB204698
:1093B000F8BDD0E9031241EA02039B071CBF6FF01E
:1093C00015007047B0B583680024446133B1551867
:1093D000146042611446013B2A46F7E70020B0BD05
:1093E000012100F8011B0621FCF75EBE10B5784C88
:1093F00004F1300002F0ABFD10B9002000F048F895
:1094000004F11C0004F10C01102204F023F9A0B1B6
:109410001E4CBFF35F8F54E8140F40F0010144E885
:109420001412002AF7D1C007BFF35F8F4FF6FF7009
:1094300015D16083012020831BE0144C04F120002F
:1094400002F085FDBFF35F8F54E8140F20F0010098
:1094500044E814010029F7D1BFF35F8F14E004F151
:10946000180004F11A0101224FF6FF730BF0A4FD5E
:1094700040B1206DBFF35F8F800703D4052000212A
:1094800007F0A0F800F092F8002010BD10171000AF
:1094900070B5C8B004460020CDE94600CDE94400CF
:1094A00044A9684618AA0AF0E3FBD0B16E46104AF8
:1094B000F6F77EFF0F48314600F10C0528460AF00A
:1094C0008FFB80B10020082807D080F00F02295CB4
:1094D000AB5C2B54A9540130F5E73CB100F066F8C1
:1094E00004E00DA000E004A0F7F724F948B070BD37
:1094F0007FA51001C00E100025633A20556E6162F1
:109500006C6520746F2063616C63756C6174652099
:10951000686173680A00000025633A20556E616235
:109520006C6520746F2073657475702041455320FD
:10953000434D41430A0000000120FFF7A9BF00008E
:109540002DE9FF41224F06461C46154607F1300023
:1095500002F0FDFCDDF8288010B90120FFF798FF2C
:1095600030460121FAF700FE102007F10C012A46CF
:109570002346CDE900810290FAF7E0FC04B0BDE893
:10958000F08100BF10B512491846134610221C3155
:109590009847B0F1FF3F01DD002403E00446024894
:1095A000F6F783FE204610BDE98D110180B508480D
:1095B000102200F10C01074807F076FE30B1024698
:1095C00005A04521BDE8804005F04EBA80BD00BF32
:1095D000C00E1000828E110125633A204661696C2D
:1095E000656420746F2073617665204461746162E4
:1095F0006173652048617368202865727220256454
:10960000290A00007CB50546A0F1580410F84B0C5F
:1096100040B315F8560C012823D1A5F15406BFF329
:109620005F8F56E8000F20F4007146E80012002A10
:10963000F7D18005BFF35F8F07D5A86C296D009027
:1096400001916946204607F0E9F9BFF35F8F56E8BC
:10965000000F40F4807046E800010029F7D1BFF305
:109660005F8F7CBD2046FCF776F90848066846B156
:1096700072681AB115F84C1C2046904706F11C0080
:10968000F4E72046BDE87C40FAF784BA24151000C0
:109690006FF0220070470000013804288EBF024896
:1096A00002A151F8200070472C8111017689110127
:1096B000818911016E891101688911017D8911016A
:1096C0001CB50469019100212CB1009101AA01216E
:1096D0000023A0471CBD009101AA01210023FFF730
:1096E000D7FF1CBDF0B589B0104F04463868A042C2
:1096F00019D120460D46F9F7E3FD0DF10606314676
:10970000F8F7C6FF0AA031462A4605F0ADF9204613
:10971000F8F726FE2046FAF73DFA00203860FAF7FF
:109720004CFA09F037FB09B0F0BD00BF7020100003
:10973000446973636F6E6E65637465643A20257364
:109740002028726561736F6E203078253032782959
:109750000A0000002DE9F0478146806824498842CC
:1097600002D00120BDE8F087D9F80C5068890028A4
:10977000F7D0924602F188086F1C00240120C00730
:109780002AD0288940B3297850463A46F9F7D8FDBF
:1097900070B928783946F9F759FEE8B1467BFAF7EF
:1097A000F9F9F01FB0FA80F0400904430020E6E721
:1097B0009AF808004146F8F71AFF20B138464146AA
:1097C000F8F701FF08E00B48854202D1504606F049
:1097D0006FFD2846FFF753F9E007C2D1EA68002081
:1097E0006881002ABDD0484600219047B9E700BFF4
:1097F000494010015C0810002DE9F84F3349044638
:109800004FF02000EFF3118880F31188BFF36F8FC2
:109810002F4AD1F800908A46934649F0200008600C
:109820000D201768394660F303011420116002F01F
:109830008AFB284E706820F000607060706840F00D
:1098400040507060306840F0040030600A2002F040
:109850007AFB0DF013FA05463068C00707D10DF00A
:109860000DFA401B40000B28F6D322A008E01A484E
:10987000F0600A2002F067FB3068800704D418A06B
:1098800005F0F2F8012017E00020102804D031186C
:10989000C96821500430F8E710492068096801F0D0
:1098A0000F01072907D14FF04021C0F357100A6874
:1098B00060F30C220A600020CAF80090CBF8007018
:1098C00088F31188BFF36F8FBDE8F88F0810004050
:1098D000044000400080004059454B00A00000407B
:1098E000656675736520726420707364206572729A
:1098F0000A00000065667573652072656C6F6164AF
:109900002074696D656F75740A00000010B5064C0F
:10991000207830B9201DFFF76FFF00B110BD012086
:109920002070002010BD00BF940D10000348006897
:1099300008B1002070470CF055BD00BF000E1000AC
:109940002DE9F0470E46D178044608989A4690468D
:10995000582908D0782906D0702904D06F290CBF67
:1099600008270A2700E01027A1F15B09451E2046C1
:1099700031463A460023F6F7BBFB00FB1742092AA3
:1099800002D842F0300306E019F11A0F34BF02F199
:10999000570302F137032A4602F80139E31B76F137
:1099A000000304D35545154604460E46DFD898F803
:1099B0000010501C89060BD5082F03D0102F07D19B
:1099C000102100E0082198F80220114388F80210C5
:1099D000BDE8F0872DE9FF41B0F80180654D0446F0
:1099E000BFF35F8F55E8240F20F4804145E824122F
:1099F000002AF7D14004BFF35F8F04D55E490220EF
:109A00000022FBF7FFFD2278CAB13C2A33D1BFF315
:109A10005F8FF6F74CFDFCD101200021BFF35F8F73
:109A200000F0B2F9002800F0918004463C20F6F7DF
:109A30004CFE204604B0BDE8F041FAF7ABB826462C
:109A400016F8040F00F0FE0002281BD10DF10200F1
:109A50003146F8F7B5FD9DF8020004F11101023816
:109A60008DF802000DF109000130F8F79AFD012090
:109A70008DF809001AE053A0572104B0BDE8F04169
:109A800004F0F2BFE07895F83310012818BF0021E8
:109A9000C8B23146FCF774FA01460DF10200F8F73E
:109AA0008FFD0DF109003146F8F78AFDE0780DF1E0
:109AB000020100F069F90746E078012806D1BFF3FA
:109AC0005F8FF6F7F4FCFCD1BFF35F8F002F44D01B
:109AD00007F188000DF10201A7F80080F8F770FD8A
:109AE000B4F8170040F20111A7F89E00B4F819006D
:109AF000A7F8A400B4F81B00A7F8A600002038734C
:109B0000E078A7F8B8100128F87013D107F18F009A
:109B10000DF10901F8F754FD387AC0EBC00029189F
:109B200007F19600F8F74CFD95F8A400400648BFF1
:109B3000FCF708F838460721F9F74EFF3846FFF7DB
:109B4000DFFA3846FAF726F8BDE8FF810BA0452179
:109B500004B0BDE8F04104F087BF3046F8F752FD8D
:109B600002460FA0F6F721FC40461F21FBF748F9FB
:109B7000BDE8FF811006100071E4100125633A2052
:109B80004E6F2070656E64696E6720736C617665D8
:109B900020636F6E6E656374696F6E0A000000006B
:109BA00025633A204E6F2070656E64696E6720638E
:109BB0006F6E6E20666F7220706565722025730A65
:109BC0000000000025633A20556E65787065637467
:109BD0006564207374617475732030782530327831
:109BE0000A00000010B50AA406A2002908BF144606
:109BF000FAF78EFD024608A02146BDE8104004F0A9
:109C000033BF00BF7375636365737366756C000063
:109C10006661696C6564000045786368616E6765BC
:109C2000202573206D74753A25640A0010B502680A
:109C300000211378A3F13A0414F10A0F06D301EBC3
:109C40008101013203EB41013039F2E7026008463D
:109C500010BD1CB50C4628B1F6F78CFC00B90024E9
:109C600020461CBD00200DF10101F6F715FC601C1B
:109C7000F8F7A0FC0028F2D1F2E700002DE9FC473C
:109C8000DFF86C9004464FF0000A0DF10108002740
:109C90000025202F0CD009EB07061CB1F6F7CCFBF2
:109CA00018B107E0F6F72FFC06D010370135F0E7C2
:109CB000002601E009EB05163046BDE8FC8700BF31
:109CC0002DE9F0410A4C884605460027202F0AD08E
:109CD000E05DA84205D1E6194046711CF8F76AFC20
:109CE00010B11037F2E700263046BDE8F08100BF22
:109CF00044151000F8B505469068176814460E46DE
:109D000008B101780BE060680121F6F74BFD296886
:109D1000A0600A780221002A08BF012101700229EF
:109D200016D001292ED12868007858BB606804211C
:109D3000F6F738FDE06006802968E06849884180D0
:109D40006168B7F85E008989401A042818D819E0BC
:109D500028680078022815D160681221F6F722FDE4
:109D6000E06006801022E06829680131023003F0CB
:109D700086FC6168B7F85E008989401A122801D90B
:109D80000120F8BD0020F8BD01281CBF002070474D
:109D90001CB50D4C052294F83300F9F775FB00B1A2
:109DA0001CBDFF200DF1010104228DF807004FF6C4
:109DB000FF70ADF805006FF0FF00CDF8010094F8DA
:109DC0003300F9F761FB1CBD100610002DE9F041CE
:109DD0000A4C884605460027182F0AD0E05DA842A5
:109DE00005D1E6194146701CF8F7E4FB10B10C37B9
:109DF000F2E700263046BDE8F08100BF20201000C9
:109E00002DE9F04F93B0074642F6010016684FF077
:109E1000000A0C469046ADF83A0038688DF838A034
:109E2000D6F808B00EA9FDF721F8002800F09A80B6
:109E30004FF420508DF834A0ADF8360038680DA9E5
:109E4000FDF714F848B1D8F80800002800F08C801D
:109E50004188A14238BF448086E0D8F80450B6F863
:109E60005E90284603F0DFFDA9EB0000042801D234
:109E700000257AE02846039403F0CFFD8146D8F808
:109E80000400B6F85E5003F0CEFD2C1A09F1080567
:109E9000CDF80890284603F075FE844207D2D8F822
:109EA0000400B6F85E4003F0BEFD201A02E028462A
:109EB00003F068FEDDF80C9088B9D8F804008079CA
:109EC00003F0E0FD00220023002503F0FBFC002846
:109ED0004BD00146D8F80400029103F083FD7C6862
:109EE00000203946102300900FAA5846A0470028AA
:109EF00038D498F810200646904214D1D8F80C00B7
:109F00000FA9324603F0A6FB60BB0020042188F8AD
:109F100011000298F6F746FCC8F80800A0F8029075
:109F2000A0F8009020E0D8F80C100DF11200FCF71A
:109F3000CDFF68B1F2B20DF123000FA9FCF7C6FF07
:109F400058B10DF112000DF12301FCF78FFFDBE793
:109F500098F8102007A0572102E00FA057213246A1
:109F600004F082FDC8F808A00125284613B0BDE81A
:109F7000F08F00BF25633A20556E61626C652074D6
:109F80006F2063726561746520555549443A2073AA
:109F9000697A652025750A0025633A20556E61624D
:109FA0006C6520746F206372656174652055554936
:109FB000443A2073697A652025640A0070B5827975
:109FC0000B4B0E6802EB820203EBC202D2E90823BC
:109FD0005268D2E90045B44238BF26460E60C01A26
:109FE000182190FBF1F0116800FB015070BD00BF1B
:109FF000980A10007047B0B50C46054605F09AFF68
:10A00000014605EBC002A868B0F5004F34BF528886
:10A010005268D2070CD1284600F08FF82846214616
:10A0200005F088FF02462846214603F09CFBA868FD
:10A03000B0F5004F06D355F83400211A05EBC100E6
:10A04000007905E035F83400211A05EBC10040889D
:10A05000C00718D1284600F070F8A8682246B0F56D
:10A06000004F34BF35F8340055F83400211A284623
:10A0700003F079FBA868B0F5004F34BF35F8340021
:10A0800055F83400241A28462146BDE8B040AFF305
:10A090000080F8B50C46054608F004FE00B1F8BD96
:10A0A00028462146FEF7D6FCA96800234FF0FF3270
:10A0B00005F11007B3EBD13F18BF6FF00102104458
:10A0C0000130B0FA80F2C2F11F0657F8260088B1BD
:10A0D00005EBC002B3EBD13F21D0916805EBC4037F
:10A0E0009960AE68B6F5004F1DD3D860946005EB5B
:10A0F000C10012E04FF0004047F82640D040EA6827
:10A100001043E86005EBC400B3EBD13F12D084608C
:10A110000022A968B2EBD13F0DD0C460F8BD918890
:10A1200005EBC403998005EBC4039480D88005EB4C
:10A13000C10000E08480C480F8BDB0B50C4605467F
:10A1400008F0B0FD00B1B0BD28462146FEF782FC04
:10A15000A96800224FF0FF33B2EBD13F18BF6FF078
:10A160000103184421460130B0FA80F0C0F11F020B
:10A170002846BDE8B040AFF30080B0B5856800EB7D
:10A18000C10400F11003B5F5004F0CD3E5688D4212
:10A190000CD0A16843F8225000EBC50200EBC100CF
:10A1A0009160C560B0BDE5888D4209D1002143F8BA
:10A1B000221001219140C26822EA0101C160B0BDB4
:10A1C00043F82250A28800EBC50100EBC2008A8050
:10A1D000C580B0BD0A4609895389994203D051818F
:10A1E000D26802B11047704780B50830022103F0F1
:10A1F00061FC41210180002080BD00001FB50A469E
:10A2000008490446002000232060A08802940191A0
:10A2100001210091F6F766F92068002818BF012097
:10A2200004B010BD59D510012DE9FC478146908A34
:10A2300088461646114600221D23871C1A4800979F
:10A2400000F0A8F810B3044648461D213A46F8F736
:10A25000BDFBF0B100F1080A07460221504603F0A9
:10A2600029FCB18A0546504625F8028B03F022FCF2
:10A270003169B28A284603F002FA48462146A760AF
:10A28000F8F78AFD054648B900250AE06FF00B058E
:10A2900007E006A0F6F77BF96FF00B052046F8F70C
:10A2A0006BFD2846BDE8FC87D9A2100125633A2042
:10A2B0004E6F2062756666657220617661696C61B9
:10A2C000626C6520746F2073656E6420696E6469CA
:10A2D000636174696F6E0A0010B5029CA36813B1C4
:10A2E0000A4621469847A07DE1680138A07529B14A
:10A2F000000603D12046BDE81040084710BD009A73
:10A30000136818472DE9F84381469089144688461A
:10A310001B21821C4846F8F759FBD8B100F1080709
:10A3200006460221384603F0C5FBA189054638469A
:10A3300025F8028B03F0BEFBA168A289284603F032
:10A340009EF9D4E904234846314601B0BDE8F04304
:10A35000F8F758BD03A0F6F71AF96FF00B00BDE847
:10A36000F88300BF25633A204E6F206275666665EC
:10A370007220617661696C61626C6520746F207314
:10A38000656E64206E6F74696669636174696F6E6F
:10A390000A000000F8B50D46044643F69820002157
:10A3A0001F461646F8F7A0FC28B106994774C66008
:10A3B0004460C0E90515F8BD2DE9F843089DDDF8B6
:10A3C0002490804608461E46174611461A462B46DC
:10A3D000CDF80090FFF7DEFFA0B1044640462946C5
:10A3E0004A46F8F7F3FA80B149463A46A060B047CA
:10A3F000064660B940462146F8F7CEFC064630B91D
:10A40000002607E06FF00B0604E06FF00B06204615
:10A41000F8F7B2FC3046BDE8F88300002DE9FC47B0
:10A42000DFF83C9004464FF0000A0DF101080027C8
:10A430000025202F0CD009EB07061CB1F5F7FCFF17
:10A4400018B107E0F6F75FF806D010370135F0E7EE
:10A45000002601E009EB05163046BDE8FC8700BF89
:10A4600078201000FEB50C4673B11D461433064625
:10A47000114604F108001A4609F0E2F92F68304647
:10A48000294600220023B847A06800B1FEBD002085
:10A490000DF10501F6F796F8601CF8F794F8FEBD8B
:10A4A000E0B50A4604211223CDE900310249034BED
:10A4B000FFF782FF8CBD00BFFDA41001C1A41001F5
:10A4C000B0B500F1080502211446284603F0F2FA5F
:10A4D00061890180A189284603F00CFB04F110007A
:10A4E000BFF35F8F50E8001F41F0040140E8001205
:10A4F000002AF7D10020BFF35F8FB0BDF8B5BFF3DE
:10A500005F8F0C460546069E06F1100050E8001FBE
:10A5100021F0040140E80012002AF7D1BFF35F8F59
:10A5200044B12846FFF77AFF40B30146806850B136
:10A53000076809E0B089C0B937682846314600226B
:10A540000023B84711E0002706F1140368B13A462A
:10A55000984206D000271046002AF7D01768104608
:10A56000F4E728463346FFF77DFF736833B128468A
:10A570002146002201B0BDE8F0401847F8BD70B593
:10A5800086B006680546307808B1012041E0708841
:10A59000144642F60112821A052A22D3A0F520524F
:10A5A000042A38D2ADF806100DF106012046022229
:10A5B00009F08BFB48B370880DF106010222ADF85B
:10A5C0000600204609F081FBF8B16E68002029469C
:10A5D0001023009002AAB0470246002817D402A90F
:10A5E0000EE0ADF806100DF106012046022209F03A
:10A5F0006CFB50B170880DF106010222ADF8060027
:10A60000204609F062FB0028BFD16FF01502002040
:10A61000A26506B070BDB0F5245FB6D1C2E70104F3
:10A620004FF0060158BF0721C20348BF01F00501E2
:10A63000800348BF01F0030108467047B0B52F49B9
:10A640000F220978002908BF072202EA000444F01B
:10A65000040500F02DF80649032808BF04F00B0597
:10A6600045F001000978002908BF05F00E00B0BDD3
:10A670000C06100010B50446FFF748F9002812BF79
:10A680004FF0FF300020206010BD000010B50446E0
:10A69000FFF73CF910B14FF0FF3010BD03484068A0
:10A6A000C0F303502070002010BD00BF940D1000B7
:10A6B0001148006878B1D0E9002122B169B1806801
:10A6C00090B10420704742EA0100002918BF01211F
:10A6D00008B148007047032070470849097849B11C
:10A6E000806838B101207047044800780028E8D01D
:10A6F0000220704700207047841210005420100080
:10A7000010B591F900206FF0780303EAE2730F228D
:10A710008C5C83EA440383541AB18B5C013ADB09F5
:10A72000F6E710BD2DE9F0414768064615460C4690
:10A73000900597F8088003D4802000EA550010E0C7
:10A74000280505D5012000FA04F1304600F06AF929
:10A75000680505D5012000FA04F1304600F035F90E
:10A760004020202105F0300201EA953141EA021132
:10A770004FF02002EFF3118382F31188BFF36F8F44
:10A780000843A1007A6840F6FF7401EBC811114438
:10A790004A68A24310444860002083F31188BFF345
:10A7A0006F8FBDE8F081000010B54168097A022979
:10A7B00006D8174C04EB810253682BB115A005E0B5
:10A7C0000EA004F051F917E0506019A004F04CF904
:10A7D000207888B91A481B491B4AC0E914210A206D
:10A7E000002100220BF0AAFC0A20F6F799FF0120B5
:10A7F000207016A004F038F9002010BD6770696F52
:10A800003A6772703D2564206572720A000000008C
:10A81000280E10006770696F3A6772703D256420DA
:10A8200069732072656769737465720A00000000BD
:10A830006770696F3A6772703D2564206F6B0A001C
:10A84000000C10005DA81001540910006770696FBA
:10A850002069727120696E69740A00002DE9F84F51
:10A86000D0F804B0DFF868A0044600254FF49079D2
:10A87000022D08BFBDE8F88FDBF8040049EA850621
:10A8800037588FB10AEB8500406828B1C06841682D
:10A8900061B94FF000080BE00EA029463A4604F0DB
:10A8A000E3F8DBF8040037500135E1E7D1F8008028
:10A8B0000029F6D0886810EA070202D04B682046CB
:10A8C0009847B8F1000F41464FF00008F0D0EDE78F
:10A8D000280E10006770696F2D6972713A65727287
:10A8E0002C6772703D25642C737461743D3078253B
:10A8F000780A000070B5C3685E6846B1002530462E
:10A90000044638B18C4207D020682546F8E700207D
:10A91000AAB970BD304609E00868CDB128609868D2
:10A920008842304600D19D6000250D606FF015050E
:10A93000002A18BF0025002C18BF002532B108607E
:10A940009868596000B99960002070BD284670BDB4
:10A950009D6858608D420546E6D1E4E710B5406831
:10A96000B2F5005F047A0AD0B2F5804F09D14FF0FA
:10A970000142B3F5003F08BF4FF003420DE0002253
:10A980000BE04FF00942B3F5802F08BF4FF00542AE
:10A99000B3F5003F08BF4FF00742890001EBC41137
:10A9A0004FF02003EFF3118483F31188BFF36F8F0F
:10A9B00040680844416821F00F4111434160002084
:10A9C00084F31188BFF36F8F10BD10B54068027A11
:10A9D0004FF02003EFF3118483F31188BFF36F8FDF
:10A9E000406800EB8200C0F81011002084F3118849
:10A9F000BFF36F8F10BD10B54068027A4FF020038F
:10AA0000EFF3118483F31188BFF36F8F406800EB7D
:10AA10008200D0F818010860002084F31188BFF389
:10AA20006F8F10BD10B54068027A4FF02003EFF32E
:10AA3000118483F31188BFF36F8F406800EB8200AD
:10AA4000C0F80811002084F31188BFF36F8F10BD88
:10AA5000B0B540680A40037A4FF02004EFF3118547
:10AA600084F31188BFF36F8F406800EB8300D0F848
:10AA7000003123EA01011144C0F80011002085F3E0
:10AA80001188BFF36F8FB0BD10B54068027A4FF0E8
:10AA90002003EFF3118483F31188BFF36F8F4068B5
:10AAA00000EB8200D0F800215140C0F800110020D6
:10AAB00084F31188BFF36F8F10BD0000BCB504464E
:10AAC00093B112F8080B013BA042F9D18B8912F81F
:10AAD000070C834215D21A460DA04521234602B029
:10AAE000BDE8B04003F0C0BF8D8988682946FAF7F9
:10AAF000B1F9009010A0572122462B4603F0B4FF75
:10AB0000BCBD52F8042C0846BDE8BA40104700BF4F
:10AB100025633A20546F6F20736D616C6C2028257B
:10AB20007520627974657329206576656E742030AE
:10AB300078253032780A000025633A20556E686126
:10AB40006E646C6564206576656E7420307825309F
:10AB50003278206C656E2025753A2025730A000036
:10AB6000E0B505F02BFF01A8694605F039FF05F0B7
:10AB700019FF01988CBD0000B0B5044608300321D0
:10AB800002F0ECFFA1680578B0F8010022460978D0
:10AB900000F008F82DB16648E830BDE8B04001F09B
:10ABA000E1BBB0BDFEB50646907914460D4602F0F5
:10ABB00069FF364FB8420CD0A479204602F062FFFC
:10ABC000CDE9000732A057213246234603F04CFF5F
:10ABD000FEBDF5F7BBFD3D4FF5F788FD4088B0425F
:10ABE0000BD0F5F7B3FD00EB40005721324607EBE1
:10ABF0008000438836A003F037FFF5F7A7FD55BB6B
:10AC0000F5F774FD406830B3F5F7A0FDF5F76EFD7C
:10AC10004268D2E90001127A4B0901F01F0100EBF2
:10AC20008300012303FA01F14AB1BFF35F8F50E8BB
:10AC3000002F0A4340E80023002BF8D109E0C94364
:10AC4000BFF35F8F50E8002F0A4040E80023002B3D
:10AC5000F8D1BFF35F8FF5F779FD00EB400007EB0C
:10AC60008000806880B1F5F771FD00EB400007F8C7
:10AC70002050F5F76BFD00EB400007EB800080688B
:10AC8000BDE8FE4001F06EBBFEBD00BFE80A10004B
:10AC900025633A206F70636F646520307825303407
:10ACA0007820706F6F6C20696420257520706F6F3D
:10ACB0006C20257020213D20266863695F636D64E8
:10ACC0005F706F6F6C2025700A0000006415100023
:10ACD00025633A204F70436F646520307825303407
:10ACE0007820636F6D706C6574656420696E737431
:10ACF000656164206F6620657870656374656420A3
:10AD00003078253034780A00B0B504460830042184
:10AD100002F024FF0178457840882246FFF742FF81
:10AD20002DB10348E830BDE8B04001F01BBBB0BD19
:10AD30001006100080685721027801A003F094BE2D
:10AD400025633A20446174612062756666657220ED
:10AD50006F766572666C6F7720286C696E6B2074F5
:10AD600079706520307825303278290A000000009B
:10AD700070B58668054614A04921B6F8014003F075
:10AD800073FE284600F03AF81B48002101F0A4FBAE
:10AD9000307800B170BD2046F8F770FB68B1054609
:10ADA000F0780021002428732846F8F715FE2C803F
:10ADB0002846BDE87040F8F7EDBE544845212246CC
:10ADC000BDE8704003F050BE25633A202A2A2A2AA3
:10ADD0002A2A2A2A2A2A2A2A73686F77206B657200
:10ADE0006E656C20737461636B732A2A2A2A2A2A7F
:10ADF0002A2A2A2A2A2A0A008DC61001B0B580689C
:10AE0000017801B1B0BDB0F801402046F8F736FB3B
:10AE100040B101210546F8F7DFFD2846BDE8B04006
:10AE2000F8F7B8BE394845212246BDE8B04003F0E6
:10AE30001BBE00BFF8B58768B7F801603D783046A3
:10AE4000F8F71CFB20B104464DB1F5F766FA22E095
:10AE50002E4845213246BDE8F84003F005BEA178F2
:10AE6000F8780129E07207D110B12046FBF750FFB6
:10AE700020460AF0B2F810B10025012601E00525B0
:10AE80000026F5F74AFA36B91F48F5F706FA2046C4
:10AE90002946F8F7C9F92046BDE8F840F8F77ABE28
:10AEA00070B58068B0F8016005783046F8F7E6FACA
:10AEB00020B104464DB1F5F730FA1FE013484521A3
:10AEC0003246BDE8704003F0CFBDA078012806D11E
:10AED0002046FBF71DFF20460AF07FF810B1002541
:10AEE000012601E005250026F5F717FA36B90648D0
:10AEF000F5F7D3F920462946F8F796F92046BDE83C
:10AF00007040F8F747BE00BFB68A1101428B1101AD
:10AF1000F8B500F108060446304602F005FEA789A0
:10AF20000546012F0CD81E481E491F4A41F6E7036B
:10AF300003F09AFD404080F311884FF0030002DFD8
:10AF40003046022102F00AFE064600781A280ED882
:10AF50000121164A8140114209D0154A2146052394
:10AF6000FFF7ACFD2046BDE8F84002F013BE0C48E8
:10AF70000D4A10A141F6EB0303F076FD404080F34B
:10AF800011884FF0030002DF094A2146052330787B
:10AF9000FFF794FD2069A78110FA85F0A060F8BD45
:10AFA000378A1101398C1101948C110100C00804F9
:10AFB000287F11016576745F666C616773202620B7
:10AFC0002831554C203C3C20283029290000000025
:10AFD0001CB504460238032820D8DFE800F0021729
:10AFE0000A1342B3009203204FF0FF324FF0FF33B9
:10AFF00011E0BAB100920846002100220023F7F7C1
:10B00000EDFF23E0AAB10092052002E0CAB10820BA
:10B01000009200220023F8F725F817E011480021DC
:10B02000016018E00846002100220023F7F7BAFF6C
:10B030000CE0052006E003204FF0FF324FF0FF3315
:10B0400002E0082000220023F7F7FCFF0549086012
:10B0500008B180681CBD04A0214603F005FD002056
:10B060001CBD00BF201510004572726F7220746FF6
:10B07000206765742062756628747970652025756F
:10B0800029210A0080B50830012102F067FD02780D
:10B0900002A04521BDE8804003F0E6BC25633A20CC
:10B0A0004861726477617265206572726F722C20DC
:10B0B000686172647761726520636F64653A202508
:10B0C000640A0000F8B50D46064642F22700272123
:10B0D000F9F79EFDD8B104460830272102F0EAFCBA
:10B0E00031460746F7F76CFAF81D2946102202F0A0
:10B0F000C6FA07F117000021102202F006FB42F207
:10B10000270021460022BDE8F840F9F7BFBD6FF0E7
:10B110003600F8BD10B504460830012102F01EFDCE
:10B120000078034A21460923BDE81040FFF7C6BC5A
:10B13000C07D11012DE9F84FD0F808A000250FF2CD
:10B14000F80900240AF1010B9AF80000844228BF94
:10B15000BDE8F88F3BF824700BEB8400B0F8028058
:10B160003846F8F78BF9002845D0064600F1280745
:10B170005FEA08404CD04FF02001EFF3118081F3DB
:10B180001188BFF36F8FF16931B10139F16180F33B
:10B190001188BFF36F8F26E07169002931D00A68EA
:10B1A000B36972618B4208BFB26180F31188BFF34B
:10B1B0006F8F4FF02000EFF3118280F31188BFF3FF
:10B1C0006F8F0D60C868736ACD60002B08BF06F1F1
:10B1D00020031960F0617162384682F31188BFF371
:10B1E0006F8F01F00DFA3046A8F10108F8F76AF800
:10B1F00001F0B8F8BCE7484645213A4603F034FC74
:10B2000009E080F31188BFF36F8F04A0F5F745F8CC
:10B210003046F8F7BFFC013496E700BF25633A20BB
:10B220007061636B65747320636F756E74206D69F4
:10B23000736D617463680A0025633A204E6F206362
:10B240006F6E6E656374696F6E20666F72206861E1
:10B250006E646C652025750A0000000010B5094C6D
:10B260000146206838B1083002F024FC2068BDE8AF
:10B270001040FAF733BF04A003F0F6FB6FF00B00A9
:10B2800010BD00BF201510006863695F72656376AA
:10B2900020627566204E554C4C210A002DE9F84F6E
:10B2A0004E485F4D4E4CDFF840A14E4F00F582797D
:10B2B0004846F5F7A0F802F0BEFB027D8346012A5E
:10B2C0003DD0032A40F06F80BBF80C0003280CD857
:10B2D0002046394652464FF4976303F0C5FB404081
:10B2E00080F311884FF0030002DF0BF10800042106
:10B2F00002F034FC0146FF20BBF80C200E884B887E
:10B300008BF8150030469A426FF31F30ABF81600E9
:10B310004DD1A0463C462F46F8F7B0F8002850D053
:10B320000546360BF7F7F0FF8BF81500284659460F
:10B330003246F8F7BFF92846F8F72CFC49E0BBF88D
:10B340000C0001280CD820463946524641F23443BD
:10B3500003F08AFB404080F311884FF0030002DFC6
:10B360000BF10800022102F0F9FB804600781A2850
:10B3700013D801211D4A814011420ED020461CA144
:10B38000524641F2384303F06FFB404080F311888E
:10B390004FF0030002DF98F8000059462A460623C2
:10B3A000FFF78CFB07E03448F4F7FFFF03E01DA034
:10B3B000452103F059FB584602F0ECFB0BF060FC12
:10B3C00076E7BBF8162022A0F4F7EFFF584602F00C
:10B3D000E1FB3D4627464446F0E700BF100610005B
:10B3E000378A1101398C1101948C110100C00804B5
:10B3F00062745F6863695F6576745F6765745F66D2
:10B400006C616773286864722D3E65767429202606
:10B41000202831554C203C3C2028312929000000AF
:10B42000C07E110125633A2041434C206461746160
:10B43000206C656E677468206D69736D61746368F4
:10B440002028257520213D202575290A00000000AF
:10B4500025633A20556E61626C6520746F206669C1
:10B460006E6420636F6E6E20666F722068616E641A
:10B470006C652025750A0000968B11012DE9F04FAF
:10B4800089B0CDE9051220210446F9F7C1FB002857
:10B4900059D0CDE903400830202102F00BFB0021F8
:10B4A00020220446002502F030F904F1010A0027A9
:10B4B0000294069885424BD00598079550F8359030
:10B4C00000EBC500002508900898406885422ED200
:10B4D00009EBC50B19F83580FEB29BF8014054FA10
:10B4E00087F01E2811D31F20452132464346CDE95F
:10B4F00000401C4803F0B8FAB8F1090F1AD11C2E0D
:10B5000018D8C6F11D044FF00808601C22460AF83E
:10B510000600781CBE1CC0B20AF800805AFA86F0F9
:10B52000DBF8041002F0ABF837190135CCE7079DC2
:10B530000135BEE70CA0F4F7B0FE049802F02AFB38
:10B540006FF0150001E06FF0360009B0BDE8F08F34
:10B55000029800220770DDE9030109B0BDE8F04F51
:10B56000F9F794BBAF8B110125633A20546F6F201C
:10B57000626967206164766572746973696E6720B9
:10B58000646174610A0000002DE9FE4F5248564C78
:10B5900000250FF2841800F11401103004F58E76A6
:10B5A000029101904C4F384630F80D1F21F4F8718C
:10B5B00001800298F7F7B6FF00F101093846F4F769
:10B5C0001AFF49460BF0B4F960B144484449454A72
:10B5D00041F2AA4303F048FA404080F311884FF04B
:10B5E000030002DF019FB9F1000F71D017F8010CC1
:10B5F00037F8031C41EA0040C0F30411022963D369
:10B60000042955D117F8040C012859D000285BD122
:10B6100030460022002302F00EFA824660B92F481D
:10B62000304A32A141F2474303F01EFA404080F312
:10B6300011884FF0030002DF04F1E80BF4F7DBFEA2
:10B64000584600F0B3FED4F8000140B128A0F4F74A
:10B6500024FED4F8000102F09DFAC4F800515046CF
:10B6600002F024FAC4F80001D4F83401016950460C
:10B67000884748B302462648F4F797FE584600F03C
:10B6800071FE504602F0F2F9224900EB40005246AA
:10B6900001EB80001F214088FFF784FAD4F80001F5
:10B6A00002F078FA5046C4F8005102F073FA0BE049
:10B6B0000009572100F01F02404603F0D5F903E0CE
:10B6C00038683438F7F774FF1437A9F101098AE7AD
:10B6D0000BF0D6FA66E700BF08081000378A1101A0
:10B6E000528C1101948C11011006100062756600D5
:10B6F00025633A20556E636C6561726564207065E0
:10B700006E64696E672073656E745F636D640A00B2
:10B71000DA8911016415100025633A20556E6578A9
:10B72000706563746564206B5F706F6C6C20657608
:10B73000656E742073746174652025750A000000BD
:10B74000704700002DE9FC478568044636A0214675
:10B750002A4603F089F94FF000094FF0FF304FF00F
:10B76000FF380FF2E40AB9EBD53F18BF6FF00100C4
:10B77000284404F1100500260130B0FA80F0C0F131
:10B780002007BE421FD055F826100023A06851B1F3
:10B790000A4604EBC202B0F5004F34BFD288D2682B
:10B7A00001338A42F5D1B9EBD03F4FF0010008FADE
:10B7B00006F118BF0220C94342185046314603F033
:10B7C00053F90136DDE7A56800260FF2A4082046EC
:10B7D0003146FDF749F900284FF02D0704EBC6016B
:10B7E000204618BF2A27B5F5004F3ABF4D88B1F85B
:10B7F0000090D1E90095314604F0A2FB6908A6EB60
:10B8000009033A46CDE900104046314603F02CF9D1
:10B81000A568AE4208BFBDE8FC872046314604F06B
:10B820008FFB0646D3E700BF486561702061742036
:10B83000257020636F6E7461696E732025642075B6
:10B840006E6974730A0000006275636B657420256D
:10B850006420286D696E20256420756E69747329D3
:10B860003A202564206368756E6B730A000000003F
:10B870006368756E6B2025337A643A202563202532
:10B88000337A645D2025337A64205B257A640A006C
:10B890002DE9FC41064601F0010000EB51089845F6
:10B8A00004D94FF000084046BDE8FC8115460F461C
:10B8B00058B130780DF10701FDF7AAF80028F0D44F
:10B8C0009DF80700013605F8010B741C7F080DF187
:10B8D0000706002FE7D014F8010C3146FDF798F861
:10B8E0000028DED49DF8070031460001287020783A
:10B8F000FDF78EF80028D4D428789DF8071002347C
:10B90000013F084405F8010BE3E700007FB50C4652
:10B91000054659B100200DF10901F4F75EFE05D08E
:10B920001D49C5EBC5000844214616E00DF102068D
:10B930003046F6F751FE304600F018F8B0F1FF3F00
:10B94000F6DC1549C5EBC5000D180DF102012846BE
:10B95000F6F736FE1CB120462946F6F731FE0E48B2
:10B96000F4F72FFD48BFFAF7C5FC7FBDF8B50A4FC5
:10B97000044600263D46F879864224BF6FF0010058
:10B98000F8BD20462946F6F70FFE07350136002898
:10B99000F1D1701EF8BD00BF100610002DE9F8436C
:10B9A000DFF88880DFF8649B0446002601274FF00B
:10B9B0002000EFF3118180F31188BFF36F8F2069AE
:10B9C00088B1266181F31188BFF36F8F0BF004FCFF
:10B9D0004FF02001EFF3118081F31188BFF36F8FD7
:10B9E0000BF04EFAE3E7FBF725FB002200230BF0F8
:10B9F0008DF808B903F086FB0AF084FE032805469B
:10BA0000B8BF012001210BF0EDFA88F80070002882
:10BA100018BF3D462846C9F8245002F08FFE002882
:10BA2000C5D188F80060F5F749FEC0E7391D100060
:10BA3000B0B5074C074DAC4224BF0020B0BD204636
:10BA4000FDF7B7FC1C34B0F1FF3FD8BFB0BDF2E743
:10BA5000A4091000F809100080B5F9F7B7FB0349F5
:10BA6000096811B1BDE88040084780BD941E1000F0
:10BA7000B0B50A4C0A480B4D00210022C4E93A50E7
:10BA80001D200AF05BFB084800210022C4E93C505D
:10BA90001E200AF053FB0020B0BD00BF000C1000B8
:10BAA000ADBA10013C091000C1BA10018D49012244
:10BAB0000A60C068026812B1002000211047704778
:10BAC0008848022101607047F0B589B02420F5F75D
:10BAD0004BFB424E306840F080603060404804F0DC
:10BAE000DFFDB0B342684FF48711044604F07AFEDC
:10BAF00063683B4A054600903AA0F4F79CFB6768F0
:10BB0000204604F089FDBD421ED14FF4871009F094
:10BB1000A9F8414C424D608AA0F58070608220787F
:10BB200000F0FE0020703D4844F8100C002084F81E
:10BB300034002888B0F5B05F02D0B0F5A85F0BD113
:10BB4000207840F008000AE0254A2DA0452102F0A7
:10BB50008BFF6FF015003BE0207820F0080020708C
:10BB6000C0F3C0022FA0492102F07EFF48F68510E5
:10BB7000A4F85C00F5F7BAF8044631A04921224642
:10BB800002F072FF24B1012C0DD13D4938A401E02F
:10BB900030A433A10DF10A0007F01DFA0DF11700D2
:10BBA000214607F018FA37480DF117020DF10A0384
:10BBB000F4F741FB2888B0F5B05F02D0B0F5A85F7C
:10BBC00002D10DF1170001E00DF10A0001F022FB96
:10BBD000316821F08061316009B0F0BD0010004093
:10BBE0002F89110125633A2025732073697A653AFC
:10BBF0002025642C206C6F61643A2025640A0000C3
:10BC000025633A206C6F6164202573206661696C3E
:10BC10006564210A0000000028E0100080991000EF
:10BC20008212100025633A20666F7263655F6C694B
:10BC30006768745F736C6565703D25640A00000079
:10BC400025633A20726333326B5F706172616D3DC0
:10BC500025640A0062745F7073742E62696E00005E
:10BC600062745F70617463682E62696E0000000028
:10BC700062745F7073745F312E62696E0000000041
:10BC800022891101E788110103480168C907FCD125
:10BC9000012101600020704700200040C068016061
:10BCA000704780B52520F5F75FFA1D20F5F738FDC0
:10BCB000002080BD80B51D20F5F71EFD1E20F5F784
:10BCC0001BFD0848016801601D20F5F705FD1E20D9
:10BCD000F5F702FD2420F5F750FA2520F5F74DFA87
:10BCE000002080BD0420004018B10A46002101F068
:10BCF0000CBD70471022F0B1B0B591FBF2F20021FB
:10BD0000202A05D3046874B92039203A0430F7E7B3
:10BD10004B426AB1C2F120044FF0FF35006825FAAA
:10BD200004F4044009D094FAA4F0B0FA80F0431A65
:10BD30001A01BDE8B040104670471343F8E7A8B3B6
:10BD4000102391FBF3F192FBF3F38B422DD210B54C
:10BD50005A0900EB820223F01F00091A13F01F0397
:10BD600010D04FF0FF3404FA03F310CA2340202907
:10BD70000CD39BB92030203904E0136873B9203903
:10BD8000203004322029F8D291B11368C1F1200289
:10BD90004FF0FF3424FA02F2134003D093FAA3F1D8
:10BDA000B1FA81F10144BDE810400A011046704724
:10BDB0000146F8E7B0B110B51023012491FBF3F36D
:10BDC00003F01F0304FA03F3CC1701EBD45149121B
:10BDD000002ABDE8104050F821200CBF9A431A43B6
:10BDE00040F82120704700002DE9F84F1478934661
:10BDF000492C42D19BF801205A2A49D0FF2A4AD126
:10BE0000334F1D469BF8053001F1080688468146F0
:10BE100031463A4603F032FD9BF80540384621464C
:10BE2000FBF7A4FB0146584610F8032F8A4236D18F
:10BE3000EDB305210022FBF785FBDFF894A0024655
:10BE400021465046FBF77EFB3519BBF806600746D6
:10BE50008024012E26DBA642B8BF34464846294638
:10BE60005246234603F00AFDFAB250462146FBF73C
:10BE700069FB0746361B2544EBE7584600F04CF8B3
:10BE800010B10020BDE8F88F10484521224604E09B
:10BE90000220BDE8F88F1F48452102F0E5FD032090
:10BEA000BDE8F88F9BF80200FBB2984202D1012056
:10BEB000BDE8F88F009007A0F4F712FAD9F8240033
:10BEC000A8EB0001484600F033F8E8E7A586110129
:10BED0009625100025633A206974656D20637263AE
:10BEE000206572726F7221206F66667365742030F0
:10BEF0007825782C20637263203078257820213DC6
:10BF0000206974656D2D3E63726320307825780A50
:10BF1000000000005B8711010021082904BF0120F7
:10BF20007047425CFF2A1CBF002070470131F4E7D4
:10BF3000E0B55A22013101238DF807200DF10702E7
:10BF400003F028FF8CBD0AF023BC0AF021BC10B519
:10BF50004FF02001EFF3118481F31188BFF36F8F4D
:10BF6000816A11B109F046FE01E06FF0150084F31B
:10BF70001188BFF36F8F10BD0146084800F012B85A
:10BF80000146064800F00EB80146044800F00AB821
:10BF9000024803490022002300F004B87017100083
:10BFA000502610002DE9F04107464FF02000EFF336
:10BFB000118880F31188BFF36F8F1C4616460D461B
:10BFC000886A20B1B84202D06FF02F0016E0B84264
:10BFD0000CD056EA0400AF6216D0114905F11000EA
:10BFE0003246234609F0C6FE002007E0284609F045
:10BFF00001FE10F14501ECD00028EAD588F3118844
:10C00000BFF36F8FBDE8F08188F31188BFF36F8FA6
:10C010003846294600F00EFB0020BDE8F08100BF45
:10C02000835C110120B1014651F8040D00F054B8B1
:10C03000704700002DE9FE4F8A468146DDE90C017C
:10C0400002920BF0D3F907460D4609F10C0B09F1EA
:10C0500014064FF02000EFF3118480F31188BFF332
:10C060006F8F029A4846514607F050F980460BF010
:10C0700061F9B8F1000F16D1381A65EB0101421EC3
:10C0800071F100020FDBCDE90001304621465A462E
:10C090000AF092FE4FF02000EFF3118480F3118834
:10C0A000BFF36F8FDDE784F31188BFF36F8FB8F1B3
:10C0B000000F06D1029904A002F0D6FC484607F012
:10C0C000DBF94046BDE8FE8F6B616C6C6F63202529
:10C0D00064206661696C0A00B0B505464FF0200027
:10C0E000EFF3118480F31188BFF36F8F284607F0B8
:10C0F000C6F905F10C000BF0A9F930B105F11400F7
:10C100002146BDE8B0400AF0A9BE84F31188BFF310
:10C110006F8FB0BD00F10C03C0E9033307F0CAB95B
:10C12000EFF30580002818BF01207047BCB50C460E
:10C1300005464FF02000EFF3118180F31188BFF323
:10C140006F8F686960B12060A8690130A861686973
:10C1500000686861002081F31188BFF36F8FBCBD58
:10C1600052EA030007D01F48CDE900232A460AF00F
:10C1700023FE28B1BCBD002020606FF00B00EAE771
:10C18000E2488068406920600020BCBD70B506466A
:10C190004FF02000EFF3118480F31188BFF36F8F0D
:10C1A0000D46706958B129680860B0690138B061FE
:10C1B0002868706184F31188BFF36F8F70BD3046BB
:10C1C0000BF055F960B10021C0F8B4102968416145
:10C1D0000AF033FE03482146BDE870400AF03EBE37
:10C1E0007069E0E74018100005484FF0FF324FF04B
:10C1F000FF330AF0E3BA00BF01480AF057BB00BFA3
:10C20000540A100010B501F00F010024036162F31D
:10C210004921C4738460A0F80D1010BD01480021AD
:10C220000AF0DABBF4071000E0B50A46012100234A
:10C230000091002102F0FEFC8CBD11B32DE9F0410C
:10C2400017460AB30D46064600F108044FF02000D9
:10C25000EFF3118880F31188BFF36F8F20460BF046
:10C2600006F92DB120B1294602F0B6FB2D68F5E79D
:10C2700085B1706860B1016801F003012943016074
:10C2800007E06FF0150070476FF01500BDE8F08112
:10C2900035607760F3F7B5FF204641460AF0DEFDD2
:10C2A0000020BDE8F0810AF0B9BB0AF0EBBBE0B5B5
:10C2B0000A4600210023009102F0BCFC8CBD000066
:10C2C0004FF02000EFF3118180F31188BFF36F8FDF
:10C2D0001E484069C27B013AC27381F31188BFF3E3
:10C2E0006F8F704710B54FF02002EFF3118482F387
:10C2F0001188BFF36F8F0023144A013013624FF08F
:10C30000004338BF4308C2E900310AF0CFFD84F38F
:10C310001188BFF36F8F10BD10B54FF02000EFF301
:10C32000118480F31188BFF36F8F08484069C17B87
:10C330000131C173002008F077FD84F31188BFF349
:10C340006F8FBDE810400AF0A7BD00BFB80D100008
:10C350000D480AF0A3BB00BF10480AF09FBB00BF06
:10C360000AF09CBB0AF09ABB0148C8300AF096BBA1
:10C37000100610000AF0B8BB03484FF0FF324FF030
:10C38000FF330AF0C3BB00BF100A100003484FF090
:10C39000FF324FF0FF330AF0B9BB00BFF8091000BD
:10C3A0004FF0FF324FF0FF330AF0B0BB0AF0AEBBE4
:10C3B000F0B585B00120009059B3888B0C46C005BC
:10C3C00027D00026EFF30887B6F5007F08D0BD1907
:10C3D00021462022284601F03DF928B10436F3E732
:10C3E0001CA002F041FB14E0D4E9050105F1200492
:10C3F0000294CDE9030111A0019102F035FB14492B
:10C4000005F58460086001A808F098F9204608F056
:10C4100031FB15A002F028FB1748002100F05CF862
:10C420004FF02001EFF3118081F31188BFF36F8F7C
:10C4300000980028FCD105B0F0BD00BF73686F778D
:10C440002069727120737461636B3A0A0000000006
:10C450008C0D10006E6F742066696E6420697271B5
:10C460002073700A0000000073746F70207379737A
:10C4700074656D0A00000000A140110110B5084C60
:10C4800008494FF462724FF0FF33204600F090F8F5
:10C4900004F1180004A10AF0A1FB002010BD00BFA8
:10C4A0007017100020871000737973776F726B71AB
:10C4B000000000000AF052BBB0B588B00C9D00240B
:10C4C000CDE906440494CDE90044CDE902450AF0E3
:10C4D00067FB08B0B0BD0000F8B505460B480C4638
:10C4E0004FF02001EFF3118781F31188BFF36F8FB5
:10C4F000343006682EB130462146A84706F1780050
:10C50000F7E787F31188BFF36F8FF8BDC40D1000F4
:10C510007C3070470AF062BB417B082909D80F487C
:10C52000DFE801F0140519131513131317001BA0EE
:10C530007047102904BF0FA07047202904BF0AA02C
:10C540007047802904BF06A0704716A070470EA050
:10C5500070470BA070470FA0704700BF2C811101DE
:10C56000717565756564000061626F7274696E67EC
:10C570000000000073757370656E646564000000F0
:10C5800064656164000000007072657374617274A8
:10C590000000000070656E64696E670064756D6D03
:10C5A00079000000756E6B6E6F776E000AF038BB15
:10C5B000F0B589B01C4615460E4607460AF062FAE9
:10C5C00000200B4B31462A46CDE9020407F118043E
:10C5D000CDE90600CDE90070049020460AF0E0FAAB
:10C5E00004A1204609B0BDE8F0400AF0F7BA00BF48
:10C5F000E1741101776F726B7175657565000000EC
:10C6000010B501460830BFF35F8F50E8002F42F0AD
:10C61000010340E80034002CF7D1D007BFF35F8F4F
:10C6200018BF10BD0248BDE81040FFF7FDBD00BFB8
:10C6300070171000B0B501F10802BFF35F8F52E828
:10C64000003F43F0010442E80045002DF7D1DA072E
:10C65000BFF35F8F18BFB0BDBDE8B040FFF7E4BDCA
:10C66000B0B501F10802BFF35F8F52E8003F43F01D
:10C67000010442E80045002DF7D1DA07BFF35F8FD0
:10C6800018BFB0BDBDE8B040FFF7CEBDB0B586B0B5
:10C69000D0F8A45005A904460AF0B2FA20B1024627
:10C6A0000EA0F3F782FE16E02046FFF731FF059952
:10C6B00064236A1ACDE900515343CDE9022522468D
:10C6C000B3FBF5F30028049311A318BF034611A090
:10C6D000492102F0C9F906B0B0BD00BF25633A2078
:10C6E000556E61626C6520746F2064657465726D4F
:10C6F000696E6520756E7573656420737461636B14
:10C700002073697A6520282564290A0A0000000040
:10C710004E41000025633A20257020252D313073CD
:10C7200020287265616C2073697A6520252D347527
:10C73000293A20756E7573656420252D3475207532
:10C74000736167652025752F25752028257520259F
:10C7500025290A00017A490758BF7047421C00F199
:10C760002A011046FEF7AEBC7248418B890705D5F9
:10C7700080B50C30F8F78EFBBDE880400020704794
:10C7800070B598B0A0B1154604460DF105011846E4
:10C790005422A8470546B0F1FF3F0EDD0DF15901C7
:10C7A0002046F9F71BFD90B14FA04521224607E036
:10C7B0007048452102F058F904E06D4845212A46A9
:10C7C00002F052F96FF01504204618B070BD6946AA
:10C7D000204604F07BFC009820B100210A2206F0DC
:10C7E0007AFC00E000200DB3C0B20DF15901F8F75A
:10C7F00017FF40B30446542D0AD0502D3AD10DF105
:10C800005900F5F7FFFE024640A0572102F02CF92F
:10C8100004F10C000DF105012A4600F030FF4549F6
:10C82000E06D4A68824238BF486021E0C1B20DF134
:10C8300059023F20F8F78EFE88B1002160220024C3
:10C8400000F063FFC0E70DF15900F5F7DBFE02468B
:10C850004548452102F008F96FF00B04B4E70DF1EB
:10C860005900F5F7CFFE02464048572102F0FCF888
:10C870000024A9E730A045212A46542302F0F4F809
:10C880002C4D2978481C052928709BD8697879B9DE
:10C8900001200021362200266870304800F035FF64
:10C8A0002F483049E0E802612821F3F76BFC287833
:10C8B000C1B2C90051FA80F028490844002100F8AB
:10C8C000081C217800F8091C0738611CF5F77EFE6A
:10C8D000207A400702D52046F8F7DEFBF3F7E9FCA3
:10C8E000FFF756FB6EE700BF25633A20556E616285
:10C8F0006C6520746F206465636F64652061646497
:10C90000726573732025730A0000000025633A20C6
:10C910004B65797320666F72202573206861766598
:10C92000206E6F206167696E6720636F756E746536
:10C93000720A0000200F100025633A20496E7661CC
:10C940006C6964206B6579206C656E67746820255E
:10C950007A6420213D20257A750A000016261000F1
:10C9600050261000B93010011F8F1101F78E1101F0
:10C97000928E1101308E11010246084803683BB1C6
:10C9800080B507A0452102F06FF86FF00B0080BD65
:10C990000E4A426008600020704700BF88121000F5
:10C9A00025633A204E6F20617661696C61626C6527
:10C9B000204C3243415020636F6E7465787420665A
:10C9C0006F7220636F6E6E2025700A00987D1101D2
:10C9D00070470000F8B517460E46044600200421B3
:10C9E0004FF47A720023F6F7EFFB054640B105F1EC
:10C9F0000800042101F05EF847804670047004E0EE
:10CA000003A04521224602F02FF82846F8BD00BFBA
:10CA100025633A20556E61626C6520746F20616CED
:10CA20006C6F636174652062756666657220666FFF
:10CA300072206F70203078253032780A00000000B4
:10CA40007047000070B504468889032804D83A4826
:10CA5000452102F009F819E00E4601F10800042111
:10CA600001F07CF84388B2899A420BD105464078A0
:10CA700070B12A78012A09D0132A0BD1012B05D8CD
:10CA80001AA0E5E70FA0452101F0EEFF002070BDE0
:10CA90002848DDE71EA0572101F0E6FF69782468E9
:10CAA00001200222FFF796FF0028EFD0054608304C
:10CAB000022100F0FFFF0021018020462946F8F7FF
:10CAC000F3FFE3E725633A204C32434150206C6585
:10CAD0006E677468206D69736D61746368202825C2
:10CAE0007520213D202575290A00000025633A2084
:10CAF000546F6F20736D616C6C204C4520636F6EBA
:10CB00006E20706172616D207273700A0000000007
:10CB100025633A20556E6B6E6F776E204C32434121
:10CB2000502050445520636F6465203078253032A2
:10CB3000780A0000898D1101AF8D1101B0B504464E
:10CB400007A0452154F8105D224601F08DFF2846CC
:10CB50002146F8F781FE2046BDE8B040F8F766BEF2
:10CB600025633A206368616E2025702074696D65C5
:10CB70006F75740A00000000FEB5007815461C466B
:10CB8000C0EBC002B1488618CA0713D1480725D4A4
:10CB90000DF106000621F9F787FA48B99DF80B0058
:10CBA00000F03F008DF80B000DF1060004F03CF999
:10CBB00001211AE04FEA816745B1002F06D590F8B0
:10CBC000980040065CBF6FF02200FEBD307801285F
:10CBD00010D1701C04F028F958B1FEBD307801283E
:10CBE0000ED1701C04F020F9317800282170F4D1A6
:10CBF00007E03078207025B1002F02D540F0020008
:10CC000020700020FEBD00BF7FB50C4605460178B0
:10CC1000F648826ABFF35F8F520607D5826ABFF378
:10CC20005F8FD20502D5027E914230D1297805F17D
:10CC3000090680F8331000200DF10901F3F7BBFC61
:10CC40003046F5F7B1FC0146287831B13146F6F7A8
:10CC50000DFB68B16FF015001BE0FF21F3F789FBB6
:10CC60000DF10201F6F772FA70B10546042106E0F3
:10CC700028783146F6F76AFA30B105460521F6F70D
:10CC8000ABFE0020256004E06FF00B0001E06FF0C8
:10CC9000220004B070BD00BF2DE9F04F87B0DDF871
:10CCA00048A081460020DDE9108B1D4617460E4640
:10CCB000CDE90500CDE90300BAF1000F0ED026B191
:10CCC00030463946F4F70AFB28B9BDB32846414639
:10CCD000F4F704FB90B36FF015002CE00122042060
:10CCE000039603A90F5003A942F20800FEF7C6FB02
:10CCF00008BBBBF1000F0FD00122CDE90358BAF1F8
:10CD0000000F03D0069201A80222059003A942F267
:10CD10000900FEF7B3FB70B909F11000BFF35F8F94
:10CD200050E8001F41F0040140E80012002AF7D14A
:10CD30000020BFF35F8F07B0BDE8F08F0B4C20469B
:10CD400006F052F98DF8050009200294CDE9036739
:10CD5000BBF1000F8DF8040001D00122C3E701A848
:10CD60000222012705900C20BBE700BF878C110130
:10CD700070B50D46044642F221000321F7F748FF43
:10CD800058B1F3F7AEFC857004800748314600F5D2
:10CD90008E70BDE8704000F07BBE04A04521BDE868
:10CDA000704001F061BE00BF1006100025633A20FC
:10CDB000556E61626C6520746F20616C6C6F63618D
:10CDC0007465206275666665720A0000FEB580684B
:10CDD000D0F80210D0F8062001910292058828466A
:10CDE000F6F74CFB00B301A9044600F003F928B3A1
:10CDF00042F220000E21F7F70BFF18B30646083069
:10CE00000E2100F057FE00210E22074600F07DFCA7
:10CE10003D8001980299C7F80200C148C7F8061082
:10CE20003146F3F7FEFB0DE0D448F3F7CDFC28467E
:10CE3000022103B0BDE8F040FFF79ABF28461E214B
:10CE4000FFF796FFF3F7CBFAFEBD00BF1006100008
:10CE50007CB5F3F7A1FCA0B1044630781A2818D0AD
:10CE600098BBB6F80300A4F89E00B6F80500A4F835
:10CE7000A400B6F80700A4F8A600204600F078FF4A
:10CE800023E0BE4845212A4602B0BDE8704001F0CB
:10CE9000EBBDE078012818D1201DBFF35F8F50E86B
:10CEA000001F41F4806240E80023002BF7D14805C1
:10CEB000BFF35F8F09D4D4F8A000D4F8A810009075
:10CEC000019169462046F8F719FEF3F788FA7CBD10
:10CED000064A116841B180680023136010F8012BE5
:10CEE000002A18BF18460847704700BF9015100069
:10CEF0008068FCF76FBDB0B58CB081680DF112048D
:10CF00000878CA788DF81200B1F801008DF8152064
:10CF1000ADF81300B1F80B00ADF82900D1F80D0001
:10CF2000CDF82B00487C04318DF82F00201DF5F73B
:10CF300047FB002504F10B00ADF81050039503A941
:10CF4000F5F72FFB04F111000DF10601ADF80A50C1
:10CF5000CDF80650F5F725FB2046FCF73BFD0CB05D
:10CF6000B0BD000070B586B0866835882846F6F7F3
:10CF700085FAF0B104467089D6F80220D6F806305A
:10CF800002A9CDE900012046F9F764FDC8B142F2DB
:10CF90001A001221F7F73CFE08B3064608301221AA
:10CFA00000F088FD20F8025B02A9102200F067FB68
:10CFB00010E0724845212A4606B0BDE8704001F0F5
:10CFC00053BD42F21B00F3F756FB40B10646F3F7A0
:10CFD000E0F9058052483146F3F723FB02E00448AC
:10CFE000F3F75BF9F3F7FBF906B070BD100610001C
:10CFF000018B1101F8B5F3F718FB90B10A480768E7
:10D00000B7FA87F046096FB1BA683AB128462146A7
:10D01000904738B12046F8F785FF18B107F11C009A
:10D02000EDE700263046F8BD2415100001A001F000
:10D030001BBD00BF4C4520636F6E6E207061726136
:10D040006D20757064617465643A20696E74203077
:10D050007825303478206C617420256420746F202A
:10D0600025640A0070B5F3F797FBE0B10446F07849
:10D070000023104AC10004284FF0000038BF22FAF4
:10D0800001F084F8B8003079C1000428204638BF88
:10D0900022FA01F384F8B93000F0A6FE2046BDE87C
:10D0A0007040F6F777BD354845212A46BDE8704007
:10D0B00001F0DABC0001020470B58468184DBFF3BA
:10D0C0005F8F55E8240F20F0100045E82401002967
:10D0D000F7D1BFF35F8F207888B91248611C4022D6
:10D0E000043000F0CCFABFF35F8F55E8240F40F016
:10D0F000080045E824010029F7D1BFF35F8F094DEF
:10D100002E46366846B1207800284FF0000008BF50
:10D11000281D02CE8847F4E702480021016070BD57
:10D12000100610007C0E100070B5F3F735FBE8B167
:10D130000446307828B904F1AC00F11C082200F054
:10D140009EFA201DBFF35F8F50E8001F41F400518D
:10D1500040E80012002AF7D12046BFF35F8FFBF7AB
:10D16000CFFF2046BDE87040F6F714BD03484521C7
:10D170002A46BDE8704001F077BC00BF6D8B1101FD
:10D18000FEB50446F3F729FB04F1BC06400526D49E
:10D19000F3F7D8F8F3F792F8FCD1BFF35F8F20468E
:10D1A0000321276804F0AAF9B8B10546F3F7DDF8C2
:10D1B00007F1960107F18F02029004F1FF0004F1DC
:10D1C000C803CDE9002104F1DF0104F1C10204F03C
:10D1D00034F990B1284600F0DDFC0820FEBDBFF315
:10D1E0005F8F56E8000F40F0010046E8000100297B
:10D1F000F7D10020BFF35F8FFEBDF3F709F9BFF34E
:10D200005F8F56E8000F20F0010046E8000100297A
:10D21000F7D1EEE72DE9F0419CB0054603F040FA66
:10D22000002845D004AE60220446314603F0DAFA05
:10D23000602837D120466021002203F08FFB0028B0
:10D2400030D4DDE90621204BA1F587101860204677
:10D2500003F0C8FA0699884224D1DDE90713029049
:10D260002A46CDE9001019A0F2F7E5FF20366FF04D
:10D270000F0700250FF2840807B3BDF82C0007F153
:10D280001002D040C0070AD00A9873594921284497
:10D290000090404601F0E8FB70590A996850043547
:10D2A0000137E9E76FF01505204603F0B5F901E015
:10D2B0006FF0150528461CB0BDE8F081BDF81800D8
:10D2C00007F09CFD0025EFE74013100025633A208E
:10D2D0002573206275696C643A25642C206164644E
:10D2E000723A307825782C2073697A653A20256463
:10D2F0002C206C6F61643A2025640A0025633A2073
:10D3000025642C307825782D2D3E307825780A003C
:10D31000B0B5524C216821F0400121606168616024
:10D3200045686420FEF711FED4F8D80014210122CC
:10D3300020F04000C4F8D800142000F053F86868CA
:10D3400080470020B0BD00BF80B51A20F4F7C4F9B3
:10D3500007480849084AC0E934211A200021002260
:10D3600008F0ECFE1A20BDE88040F4F7D9B900BF00
:10D37000000C10007DD3100184091000B0B50F4DD2
:10D380000FA013A16C68224601F06EFB06F068F94D
:10D39000A00611D5286820F02000286020206860B1
:10D3A00069688906FBD40E48006808B1804718B147
:10D3B000286840F020002860B0BD00BF2840004031
:10D3C00025732C504D555F50443A307825780A002B
:10D3D0006C70636D705F616374735F69737200007A
:10D3E00040181000F8B5064616480D4616A114461A
:10D3F00001F03AFB194F57F8200C40F0807047F8C5
:10D40000200C4FF44070C7F8D800A00440EAC610C2
:10D4100040EA85000130C7F8F000386820F02000AD
:10D420003860786878606420FEF78FFD386840F0D7
:10D4300020003860D7F8D80040F0A000C7F8D80026
:10D44000F8BD00BF098911016C70636D705F616385
:10D4500074735F7365745F63680000002840004068
:10D460007FB500200390CDE901001CA001F0FCFA7B
:10D4700006F0BEFA0020F6F7DFFB30B101461CA033
:10D4800004B0BDE8704001F0EFBA03F0EBFDF8F72F
:10D4900065FD1FA001F0E8FA01AC2BA522A62046ED
:10D4A0004FF0FF324FF0FF3301F0AEFF0028F6D00F
:10D4B0009DF80510032906D1284601F0D5FA0298F7
:10D4C00006F0A2FA02E0304601F0CEFA039B002BF0
:10D4D000E5D02046002100229847E0E77379737475
:10D4E000656D2061707020696E69740A000000002B
:10D4F000426C7565746F6F746820696E697420661C
:10D5000061696C65642028657272202564290A00AF
:10D51000426C7565746F6F746820696E69746961B7
:10D520006C697A65640A00006572726F72206D65BD
:10D5300073736167652074797065206D73672E74ED
:10D540007970652025640A004D53475F424C455F62
:10D5500053544154450A00001060002091807047E8
:10D5600070B50C4605461AA0F2F748FE1F4E30680B
:10D57000C00602D51EA0F2F741FE3068000702D5B2
:10D580002948F2F73BFE306880070FD527A0F2F755
:10D5900035FEF2683068000608D52C48452101F0B8
:10D5A00063FA1DB1306820F0800030603068C00739
:10D5B00002D02748F2F722FE3068C00658BF306814
:10D5C00000202070306840F0FF00306070BD00BF68
:10D5D00025633A202A2A2A2A2A204D5055204641DE
:10D5E000554C54202A2A2A2A2A0A000028ED00E055
:10D5F00025633A202020537461636B696E67206550
:10D6000072726F722028636F6E7465787420617215
:10D610006561206D69676874206265206E6F742093
:10D6200076616C6964290A003783110125633A2009
:10D6300020204461746120416363657373205669DF
:10D640006F6C6174696F6E0A000000006C831101D9
:10D65000E38211016AB1F0B5013A04460D46134662
:10D660004BB12E782778B74207D1013B0135013401
:10D67000F6E7002070478E5C875CB81BF0BDF8B5FC
:10D680000546484014460E46800701D02F4624E048
:10D6900028462F46810707D00CB316F8011B01302E
:10D6A000013C07F8011BF5E7202C0ED36209384630
:10D6B0003146F3F70DF924F01F0004F01F0406446F
:10D6C000074402E001CE043C01C7042CFAD204E076
:10D6D00016F8010B013C07F8010B002CF8D1284685
:10D6E000F8BD10B5431A934206D20139431E5AB110
:10D6F0008C5C9C54013AFAE703462AB111F8014BBD
:10D70000013A03F8014BF8E710BD2DE9F0410D4651
:10D7100004460026A019810704D0B24220D0A555A6
:10D720000136F7E7971BE9B24FF0013201FB02F82F
:10D73000202F0DD37A094146F3F7D6F827F01F00C2
:10D7400007F01F072044304402E040F8048B043FF8
:10D75000032FFAD800218F4202D045540131FAE755
:10D760002046BDE8F081F8B5F2F7C1FD0746204636
:10D770002946FBF76FF9074404EBC601A668780059
:10D78000B6F5004F34BF488048602046294602F075
:10D79000D1FBB6F5004F34BF24F8307044F8307038
:10D7A000F8BD0000B0B5044690F90D00B0F1FF3FA0
:10D7B00004DC1B482146383009F01AFB18480146A2
:10D7C00051F8382F531A18BF134649685BB11A46EF
:10D7D00093F90E3094F90E509D420CDB00239142D8
:10D7E00018BF1368F2E700F138012160014651F8D3
:10D7F0003C2F626005E0114651F8043FC4E9002364
:10D800000A6814600C604069617B001B41F0800174
:10D81000B0FA80F061734009BDE8B04007F004BB86
:10D82000B80D1000012070472DE9F84381460878B3
:10D83000DFF878800D46C04706466878C0476978AB
:10D840007040AA78EB7848405040584089F8000072
:10D8500068782F78C0470646A878C04786EA07014F
:10D86000EA784840A9784840504089F80100A878F3
:10D870002F786C78C0470646E878C04784EA0701ED
:10D8800071404840E978484089F802002878C0474C
:10D890002A786B78AC78E978504058404440084684
:10D8A000C047604089F80300BDE8F88345081001CF
:10D8B00080B503484FF4CC6101F010FB002080BD1F
:10D8C000A0991000016A0989AFF300802DE9F84F93
:10D8D00007468A460091104619469B46144609F0B1
:10D8E00085FD81464FF02000EFF3118580F311880C
:10D8F000BFF36F8F8846788B70B1398B884218D20E
:10D90000384600220023FEF7CEFC88B1064685F398
:10D910001188BFF36F8F1FE085F31188BFF36F8FFE
:10D92000384622465B46FEF7BEFC0646A0B94AE0F2
:10D93000788B411E28227983AD4985F31188BFF386
:10D940006F8F791A91FBF2F13A8B101A7A6A00EB19
:10D95000400002EBC006B171BAF1000F11D004EA29
:10D960000B00013011D054EA0B0012D009F0E2FC98
:10D97000B9EB000478EB010048BF002420EAE07B0B
:10D9800007E000200021306112E04FF0FF344FF03B
:10D99000FF3BB079964922465B46F2F797FC694611
:10D9A000006A006805683046A847306140B10099B8
:10D9B000F18100210122B0603160B280B18103E0C9
:10D9C000304600F005F800263046BDE8F88F00BF6D
:10D9D00001468079864A00EB800002EBC000FEF72A
:10D9E00066BC00BFB0B50C4638B1054600F015F86E
:10D9F000214600F007F82C4602E020790130207122
:10DA00002046B0BD70B506680C4605461EB12046DE
:10DA100000F003F806602C6070BD01460068002825
:10DA2000FBD1084670470146002019B18A89096870
:10DA30001044FAE7704770B50446FEF734FC05461B
:10DA400088B12E467079C0070BD0204600220023F3
:10DA5000FEF729FC7179306001F0FE017171064614
:10DA6000F0E700203060284670BD00008179604AF0
:10DA700001EB810102EBC101496A401A182190FBB8
:10DA8000F1F070475A497246F2F720FC964670470B
:10DA900010B50A4613682BB1547944F0010454714F
:10DAA0001A46F7E7BDE81040FEF7C7BB0179013120
:10DAB0000171704770B50D46044601688268808820
:10DAC0004618E188891B1144A94204D204A02A46C1
:10DAD00000F0CAFFA0882844A080304670BD00BF77
:10DAE0005461696C726F6F6D202564206C656E20C7
:10DAF00025640A0010B50C460221FFF7DBFF048005
:10DB000010BDB0B50D4611461446FFF7D3FF2946A8
:10DB10002246BDE8B040FFF7B2BD10B50C4601216A
:10DB2000FFF7C8FF047010BD01688068081A7047CD
:10DB3000C28001608160828070478288521A828030
:10DB40000268114401600846704781880268023902
:10DB5000818032F8021B0260084670478288521AA0
:10DB60008280026811440160104670470268838811
:10DB7000521A19440260818010467047826811442D
:10DB800001607047818802688368C0881144184426
:10DB9000401A7047F8B5164E0446002534B3207974
:10DBA00001382071000621D12169276869B16079A7
:10DBB000800709D4A07900EB800006EBC000006A62
:10DBC00000688268204690472561A0792560A5609D
:10DBD00000EB800006EBC000C169204611B1884708
:10DBE0003C46DBE7FFF7F4FE3C46D7E7F8BD00BF55
:10DBF000980A100070B5144E6FF000443568FBF7BA
:10DC000095FEB54218BF002D09D110484169204644
:10DC1000A142B8BF0846002908BF204670BDD5E91B
:10DC200004120C1A62EBE070611E70F1000108DB57
:10DC30006FF000418C4228BF0C46002818BF0C46EC
:10DC4000E3E70024E1E700BFB4081000C40D1000B2
:10DC50002DE9FE4F824680683749884269D1DAF85B
:10DC60000C803648914680452BD0B9F80C00B8F8A6
:10DC7000081081425DD1414611F8010BF5F7E6FB32
:10DC8000002856D00646407B072842D1D8F81420F9
:10DC90001AB1304651469047D8B3B9F80C00D9F8BC
:10DCA0001020B9F80410022837D13046FCF7BCFA2E
:10DCB0000546B0BBD9F810000025817D0131817582
:10DCC0002FE01F4D00240DF1050B0026182ECCD09F
:10DCD000A81959468DF80B40ADF80940CDF805401C
:10DCE000471C3846F4F766FC88B1A85D3946072220
:10DCF000F5F7CAFB10B1F5F74DFF08E0D9F81010A1
:10DD0000A85D09694B880A88394602F063FB0C3626
:10DD1000DCE73046F5F73EFF0BE03046FCF7F2FA61
:10DD200005463046F5F736FF0020002D02D4C9F82D
:10DD300008000120BDE8FE8F494010015C0810007A
:10DD400020201000B0B504462F4805683DB12A6870
:10DD500012B1217B2046904705F11C00F5E7207B9E
:10DD600000B1B0BD2046BDE8B040F6F70FBB00BF24
:10DD700070B504464068BFF35F8F800522D5B4F8C4
:10DD80009E00B4F8A01088421CD3B4F8A2108842B8
:10DD900018D8B4F8A800B4F8A410814212D1B4F88D
:10DDA000AA00B4F8A61081420CD1201DBFF35F8FEA
:10DDB00050E8001F21F4007140E80012002AF7D15A
:10DDC000BFF35F8F1048056865B1EE683EB1B4F8E7
:10DDD000A630B4F8A420B4F89E102046B04705F150
:10DDE0001C00F0E770BD00BF70B5044600F1B80537
:10DDF000054806683EB1B26912B1204629469047EF
:10DE000006F11C00F5E770BD241510002DE9F04166
:10DE1000F2F780FCDFF8388231462A462346404636
:10DE200001F054FC0746B0F1FF3F07DC08F1380071
:10DE300031462A46234601F049FC0746FEF78CFA94
:10DE40003846BDE8F08100BF10B500F0D9F800F009
:10DE50002DF990B10C4C2146206041F8380F08464E
:10DE600001F026FD204601F023FDE069022190FB30
:10DE7000F1F001F0DFFA002010BD04A0452100F010
:10DE8000F3FD6FF0120010BD1004100025633A205E
:10DE90004E5652414D2073746F72616765206472F3
:10DEA0006976657220776173206E6F7420666F7576
:10DEB0006E64210A000000002DE9F04F85B0CDE925
:10DEC00001328B468046FEF761FADFF8D0A0DAF81F
:10DED0002060DAF830003146FDF70CFF334F05467D
:10DEE00003ACB54244D2DAF824002246082346198E
:10DEF0005046314601F0C2FC9DF80C00492837D14C
:10DF00009DF80D00FF2822D1B9469DF81130BDF8CB
:10DF10001270F818B0F51C7F2CD2083650464246D5
:10DF2000314601F0ABFC9DF81100BDF812305A46A5
:10DF30003118504601F0A2FC02984F4638B1BDF8A6
:10DF40001220DDE9013640465946B047C8B9BDF850
:10DF500012009DF81110DAF820600844314617309D
:10DF600038404219DAF83000FDF7E9FE0546B8E717
:10DF700000240CE01A460EA045213B4600F074FD3B
:10DF800003E007A0452100F06FFD6FF01504FEF7D8
:10DF9000E3F9204605B0BDE8F08F00BF1004100083
:10DFA00025633A2073746F700A0A0000F0FF0100C5
:10DFB00025633A206E616D652073697A653A202584
:10DFC000642C20646174612073697A653A20256449
:10DFD0000A00000070B5F2F79DFB1D4831462A4645
:10DFE000234601F09BFD0446FEF7B6F9204670BDBE
:10DFF00013460A4601461648383001F08FBD00BF6F
:10E0000080B510A000F0D0F930B11149C0684FF4CC
:10E0100000524A65086503E00EA0452100F024FD8A
:10E0200015A000F0C1F930B10949C0684FF4804231
:10E03000CA61886180BD12A04521BDE8804000F022
:10E0400013BD00BF6E765F666163746F7279000006
:10E050001004100025633A206E7672616D206661AF
:10E060006320706172746974696F6E204E4F542022
:10E0700066696E640A0000006E765F7573657200F3
:10E0800025633A206E7672616D207573657220701B
:10E090006172746974696F6E204E4F542066696EA8
:10E0A000640A000083689B681847000010B507A049
:10E0B00000F0DAFC0A4808F047FB044620B9084A99
:10E0C00008A0452100F0D0FC204610BD696E69749F
:10E0D000206E7672616D2073746F726167650A00DD
:10E0E0001986110125633A2063616E6E6F74206694
:10E0F0006F756E64206465766963652027257327D4
:10E100000A0000002DE9FE431D461646894680465A
:10E110004FF48077012D12DBB5F5807F38BF2F4695
:10E12000494632463B46D8F8080004684046A047B6
:10E13000B0F1FF3F06DDED1B3E44B944EAE70020A5
:10E14000BDE8FE83024603A0F2F76CF86FF004000E
:10E15000BDE8FE8325633A207265616420657272B2
:10E160006F722025642C20616464722030782578D9
:10E170002C206275662025702C2073697A65202515
:10E18000640A00002DE9FE431D4616468946804676
:10E190002027012D11DB202D38BF2F46494632465E
:10E1A0003B46D8F8080044684046A047B0F1FF3F1E
:10E1B00006DDED1B3E44B944EBE70020BDE8FE83DD
:10E1C000024603A0F2F72EF86FF00400BDE8FE83CC
:10E1D00025633A207772697465206572726F7220C8
:10E1E00025642C206164647220307825782C2062AC
:10E1F00075662025702C2073697A652025640A00D5
:10E200002DE9F0411C461546884607460026A81908
:10E21000A04201D2007802E054B9007840B14146F2
:10E22000B8470136B0F1FF3FD8BFBDE8F081EEE757
:10E230003046BDE8F08100002DE9F04788B01AA013
:10E2400000F012FC21A000F00FFCDFF8B8A04FF0A6
:10E2500000090DF113040FF2B008002700260F2E5D
:10E260001FD0DAF800000822C519204605F1100178
:10E27000FFF705FA20468DF81B9004F0B5FE68B153
:10E28000288B58B1EB69B5F920106A6A6D8B8DE85F
:10E29000270040463146224600F0E6FB183701369B
:10E2A000DDE708B0BDE8F0872A2A2053686F776958
:10E2B0006E6720706172746974696F6E20696E6632
:10E2C0006F6D6174696F6E202A2A0A0069642020CC
:10E2D0006E616D652020202020206F666673657456
:10E2E0002020202074797065202073657120202003
:10E2F000656E7472795F6F6666732020666C616705
:10E300000A000000C0161000252D3464252D313080
:10E31000733078252D3878252D3664252D396430D5
:10E3200078252D3978252D36640A0000B0B50D46C4
:10E33000044600F039F850B1C168408900F001028C
:10E34000284604F083FB50B105460EA002E06FF0B2
:10E35000010504A04521224600F086FB00E00025CF
:10E360002846B0BD25633A2063616E6E6F742066E7
:10E370006F756E642070617274206E616D6520250A
:10E38000730A0A0025633A2063616E6E6F74206D14
:10E39000617070696E672070617274206E616D6566
:10E3A0002025730A0A000000F8B5174D04466FF0E7
:10E3B000070000F11806B6F5BC7F04BF0020F8BDC9
:10E3C0002F68214608223844183004F039FE00280E
:10E3D000304604BFB819F8BDEBE700BF10B504F034
:10E3E000C1F9094C0246206030B1106807498842E3
:10E3F00002D1FFF721FF05E005A0452100F034FB25
:10E4000000202060002010BDC01610004143505471
:10E4100025633A20706172746974696F6E2074614B
:10E42000626C652028257029206861732077726FDF
:10E430006E67206D616769630A0A0000F8B50646D9
:10E440004FF02000EFF3118780F31188BFF36F8F37
:10E450001C4615463046F2F7DEFF87F31188BFF3FE
:10E460006F8F30462A462346BDE8F240F2F7CCBF14
:10E47000017ACA0707D18A0758BF704701F0FC012B
:10E480000172F6F709BE01F0FE010172F6F702BD56
:10E490002DE9F84FDFF83C8208F1080008F08CF80D
:10E4A000DFF870B08246002087B2014601305BF889
:10E4B0002720002AF8D10025A8F80210A8B282452A
:10E4C00098BFBDE8F88FD8F8081000EB400001EBCA
:10E4D000C0042069D8B11049884218D000261FFA1C
:10E4E00086F95BF8291041B1206804F06AFD08B193
:10E4F0000136F4E708EB49008581B94507D1B8F842
:10E50000020008EB400101308D81A8F802000135BE
:10E51000D4E700BFE0901101919610012DE9F84376
:10E52000154F00200FF254087C883880012C1DDB29
:10E5300007EB4400B968408900EB400001EBC000E4
:10E540000621FBF7BDF8064610F1230500D01EB9E1
:10E5500038880130388005E040464921324600F0D5
:10E5600083FAB14606B11DB9013CDFE74FF000095F
:10E570004846BDE8F88300BF500E100025633A20DE
:10E58000646964206E6F7420656E746572206561C5
:10E59000726C792073757370656E64207374617426
:10E5A000653A2025640A000080B5FFF771FF00205E
:10E5B00080BD0000B0B5474C0020A0802188608855
:10E5C000411A8DB280B2854228BFB0BDF1F74CFE32
:10E5D0000721FBF775F860880135F3E70220F2F7B1
:10E5E00095B900004FF02001EFF3118281F31188FB
:10E5F000BFF36F8F0021016077494B69002B08BF83
:10E6000001F110031860486182F31188BFF36F8F26
:10E61000704700BF01488078704700BFA80D100008
:10E62000411E0020032938BF0120704770B5044601
:10E6300008460D46F2F798FA0C4E707820B1032088
:10E640003072002070700CE0307840B10420294610
:10E6500030720020307006A000F006FA01E00020C1
:10E660003072D6E90201C4E9000170BDA80D1000A6
:10E670006465657020736C656570207469636B7385
:10E680003A25640A00000000002080F31188BFF3DF
:10E690006F8F70474FF0FF3151FA80F0032828BF89
:10E6A00004F03AB970470520F2F730B9B0B5094C1B
:10E6B0000020A188A0806088411A8DB280B2854276
:10E6C00028BFB0BDF1F7D0FD0121FAF7F9FF60884E
:10E6D0000135F3E7500E1000F8B53F4E082400282E
:10E6E00018BF04244FF02000EFF3118580F3118848
:10E6F000BFF36F8F06F110073F682FB1395900291A
:10E70000FAD0307A8847F7E785F31188BFF36F8F27
:10E71000F8BD00BF0320F2F7F9B8000010B52E4C89
:10E720002079012818BF10BD00202071FFF7D4FF09
:10E73000D4E90201BDE81040FFF7A6BF7CB5264C26
:10E7400001462078012802D10425257208E0684698
:10E75000FFF76CFFDDE90001C5B2C4E90201BDB1FC
:10E7600001202071FFF7B8FF05F0FE05042D06D14A
:10E77000FFF7D0FF50B91948002606700DE0207A47
:10E78000FFF74EFF30B1FFF729FF28B1F2F76CF821
:10E7900000207CBD002600E00126D4E90201FFF73D
:10E7A00079FF04F05DFF042D00D00EB1FFF77EFF6E
:10E7B000207901280ED1002020702071FFF78CFFF6
:10E7C000D4E90201FFF760FF207A042802D19620E5
:10E7D00004F00AFF207A7CBD380E1000391D1000AD
:10E7E000B0B5474D0C4622462968FEF748FF296818
:10E7F00024F003002A690844286010192861B0BD7C
:10E800002DE9F843DFF84C900D4604460FF2480816
:10E81000681E45B2002D1AD454F8356004EBC501CA
:10E820004F683046C0F21000B9B2FFF7D9FF300C84
:10E830003A0CAA2100F58010FEF767FF99F8000056
:10E840000428E5D34046294600F00EF9E0E7BDE88C
:10E85000F88300BF0E041000706F705F74687265FB
:10E8600061645F73746B2D25640A0000EB48407887
:10E87000012808BF01F04CBB022808D11C481D49E3
:10E88000814204D3D5480169C2698A4200D97047E0
:10E890001E481949FEF7F3BE10B5E048417801293A
:10E8A00003D1BDE8104004F029BB02291DD1104A54
:10E8B0001049914219D3104A104B0078C74C9A1A4C
:10E8C000104B03282261194421F00303E36105D3AF
:10E8D0000D48194600F0C8F82269E369934204D84C
:10E8E00005480A491A46FEF7CAFE012010BD00BFBE
:10E8F000013010008C231000A891100080991000A6
:10E90000240D100003D0EFFFE88311010030100048
:10E910002DE9F04188B008F0D9FA234D214E23A00B
:10E920004FF001082349244B00274FF48062CDE9C2
:10E930000480CDE90077CDE902772846B56208F07A
:10E9400075FB0446687B00F0FB006873284608F0FE
:10E9500074FA06AD19A208210023284603F0F6FE3A
:10E96000CDE90485184D0F201849194B4FF4C87292
:10E97000CDE90067CDE90270284608F057FB687BB7
:10E980003776F56000F0FB00687306F11C00C6E9FD
:10E990000700104800F540707060204608B0BDE8E0
:10E9A000F08100BFC40D1000D02210006D61696EAF
:10E9B00000000000908110002523100169646C653F
:10E9C00020253032640000001822100090851000CD
:10E9D0009DB910018096100041610021C0F8B4106B
:10E9E00008F02BBA2DE9F0410D460146F2B114466C
:10E9F00011B111A000F038F8DFF8488000270FA609
:10EA0000BC420AD0E95D304600F02EF801373807E5
:10EA1000F6D1404600F028F8F2E7200708BFBDE82D
:10EA2000F0810848BDE8F04100F01EB806A0BDE83E
:10EA3000F04100F019B800BF25730000253032788E
:10EA4000200000005F8111012573207A65726F2D0F
:10EA50006C656E677468207369676E616C207061A5
:10EA6000636B65740A00000083B0C0B503AF0EC7C6
:10EA700003A9009107F096F8BDE8884003B07047FD
:10EA80001CB5134890F95F00B0F1FF3FC4BF6FF0B1
:10EA900022001CBD01AA42F218000021F6F7F6F888
:10EAA00000B11CBD019808228068411C094805F08E
:10EAB000D8F904460198FFF76DF814B100F01CF87E
:10EAC0001CBD05A04521FFF7CFFF6FF004001CBD62
:10EAD00010061000581D100025633A204661696C2D
:10EAE000656420746F20696E697469616C697A6508
:10EAF0002050524E470A000070B58CB002AC002581
:10EB000004AE202D12D042F2180000212246F6F762
:10EB1000BDF820BB02997019082289680131FEF7FF
:10EB2000AEFD0298FFF736F80835EAE708F0A6F8D8
:10EB30004900420041EAD07002922022039008204E
:10EB40000090084804A902AB05F0ABF908B1002019
:10EB500005E005A04521FFF787FF6FF004000CB02A
:10EB600070BD00BF581D100025633A204661696CD6
:10EB7000656420746F2072652D7365656420505242
:10EB80004E470A00F8B507460846002200230C4607
:10EB9000FEF751FF70B10646384600220025314687
:10EBA000F9F7BAFE40B1074620463146FDF77FFB34
:10EBB0003D4601E06FF001052846F8BDB0B5074DB0
:10EBC0000C46014624F003002A68101A22462860E9
:10EBD000FEF755FD2869001B2861B0BD240D10000B
:10EBE0002DE9F0410D4F0C46054600260FF2300886
:10EBF000B44208BFBDE8F08105EBC600818835F856
:10EC0000360000F58010FFF7D9FF3878042803D3C9
:10EC100040463146FFF728FF0136E9E70E041000B1
:10EC2000707573685F7468726561645F73746B2D6F
:10EC300025640A002DE9F843064600F108094FF063
:10EC40002000EFF3118880F31188BFF36F8F1D460A
:10EC500014460F46089800B17768484608F007FC4C
:10EC600018B12146FFF7B8FE35E045B10020082174
:10EC700008F06EFA18B30121C0E9001402E0002187
:10EC8000204621605FB13A6832F003020ED0114392
:10EC90000160396801F003010843386019E0D6E9E2
:10ECA00000233060114301609BB911E0016071687D
:10ECB00069B10A6802F0030202430A6008E088F3BF
:10ECC0001188BFF36F8F6FF00B00BDE8F8833060E1
:10ECD0007060F1F796FA4846414608F0BFF8002008
:10ECE000BDE8F883BFB5024608880C464B88C98842
:10ECF000A5888DE8230012A04921FFF7B5FEA28860
:10ED00002088824207D92189A74B0144101A82B278
:10ED1000184819440FE028BFBFBD21896289A24D60
:10ED20000144101A82B213482944FFF75BFE208980
:10ED3000A2884119002004B0BDE8B040FFF752BEE0
:10ED400025633A20257320746D7020686561642006
:10ED500025752C20686561642025752C20746D70E4
:10ED6000207461696C2025752C207461696C2025E4
:10ED7000750A0000CC8811012DE9F041878845888B
:10ED8000B0F80A80AF4202D2FB432B4403E008EB09
:10ED90000503FE433344DB4313EB080615D0038918
:10EDA000814CB0F80CC003EB040EBCF1000F0EEB6D
:10EDB00005030CD0196831B900230360C7B1DEF830
:10EDC000001000257346043309E0002310E08E4252
:10EDD000A8EB050438BF31468C4238BF214602B14A
:10EDE000116061442944B1EB080238BF0A464280F1
:10EDF0001846BDE8F08100BF70B5F1F73EFA18BFC4
:10EE00000D1866892046F1F725FDC0433044854240
:10EE100084BF4FF0FF3070BD20882844811B38BF6D
:10EE2000014600206180218070BD1039002341819E
:10EE300046F29061C3800380C0F80230C381014470
:10EE40000181511EB1FA81F1490989008181704720
:10EE5000F8B50331544B041D21F0030600219C42F8
:10EE600008D025462488A64203D9A988CC1829466B
:10EE7000F5E713D245880024082D2DD30788083DD7
:10EE80004580FD18FE5207F10806C5F802400680CD
:10EE900017B38C88AC8005F5CD448C809D4209D099
:10EEA00029886C8810313CB94488A14208D9A988C6
:10EEB000CD18F3E700240FE01C44E089688005E0EA
:10EEC000641A4480048866181C4406802046FFF7B4
:10EED000ACFF05F5CD40E0812046F8BD0C3900229D
:10EEE000418046F28C61028142600144018070479A
:10EEF0002DE9F0410346B0F80C80C0882A4E1C88EA
:10EF0000B3F80AE0A04228BF7444C5432F191C89F6
:10EF1000AEEB0005B8F1000F264406EB000C13D051
:10EF2000033121F0030101EB0804A74220D3A542DD
:10EF300007D27D1B0020A54218D3CCF80000B446B0
:10EF400098804CF8041B07E0B94238BF0F46BD4219
:10EF500038BF2F4667B1394602B1116041440844B9
:10EF6000B0EB0E0138BF01466046D980BDE8F081A4
:10EF70000020BDE8F08100BFBCB50B4901AA1425F3
:10EF8000441814212046FFF7B3FF60B101991429FA
:10EF900038BF0D4605492A465431FEF770FB0199EA
:10EFA000204600F005F8BCBD809910005007100005
:10EFB000B0B5F1F762F918BF0D182046F1F74AFC19
:10EFC000854284BF4FF0FF30B0BDA08861892844DE
:10EFD000411A38BF01460020E180A180B0BD000089
:10EFE0002DE9F04F85B00746049108461C461646A9
:10EFF0003946F1F701FF0120F1F77EFE054620605A
:10F000003D480E993780B0FBF5F0B0F5004F086031
:10F0100005D14FF4004025600860002068E03749C2
:10F020003F20CDE901644FF0FF394FF0000A4FF067
:10F0300000088D4288BF0020039088BF4FF001096F
:10F0400088BF4FF03F0A0097202638460C4681B211
:10F050005145039F18BF00EB09070498B9B2F1F7B7
:10F06000CBFE0120F1F748FE214604462248B0FBC2
:10F07000F4FB481C844205D28D4216D820488BEA06
:10F08000000807E0BBF5004F17D08D421DD91C4882
:10F09000A0EB0B08013E30043846D7D10498009904
:10F0A000F1F7AAFE4FF0FF3022E01FFA88F0ABF52F
:10F0B0000041814214D9013F0EE002980E9904608C
:10F0C000019807804FF40040A6E71FFA88F0CBF5BF
:10F0D0000041814204D901370498B9B2F1F78CFE9E
:10F0E00002980460019807800E98C0F800B00120D3
:10F0F00005B0BDE8F08F00BF00001BB7336E010004
:10F100000080FFFF80B5F1F7B9FE0028FBD4054869
:10F11000017801F0F70101700348016821F0806176
:10F12000016080BD28E01000001000402DE9FE4F76
:10F13000054626480F460024092642F6C75B4FF0D5
:10F1400001094FF0000ACDE901328046A8B23946E4
:10F15000F1F752FE0020F1F7CFFD41462204B8FB43
:10F16000F0F107D0C1F50042584538BFA1F5004283
:10F17000524507D20A4658452C4628BF524292B201
:10F1800082F4004A76B142F6C652904205D8B1F5F3
:10F19000004F0FD009FA06F08543013E09FA06F048
:10F1A0000543D3E7200418BF2546029805800120B7
:10F1B000BDE8FE8F0199086002980C9905804FF414
:10F1C000004008600020BDE8FE8F00BF0060E3162D
:10F1D000F8B50020ADF80E00022002900DF10E00EF
:10F1E0000190F1F7B8F904B080BDFEB51768064686
:10F1F00000251446157331461522B868F4F7EAFF66
:10F20000207398B9A388A26838463146CDE90055E5
:10F21000F2F74AFBB0F1FF3F01DD012506E00E21C8
:10F2200010F5807F88BF4142217300252846FEBD2E
:10F230002DE9FF4106464FF4205000270D46D2F835
:10F2400000801446ADF80E0030688DF80C7003A9EC
:10F25000F7F70CFE88B142F601008DF80870ADF8A2
:10F260000A00306802A9F7F701FE30B1206958B1F1
:10F270004188A94238BF458006E061683068F7F7E9
:10F28000F5FD30B1002020610125284604B0BDE81D
:10F29000F081E068017841B1A068B8F85E20838908
:10F2A000D21A8A4202DA0025EFE7A068083004216A
:10F2B000FEF700FC2061458005800848A2683146C1
:10F2C00000230194002500904046F2F7EDFA002853
:10F2D000DBD42569002D18BF0125D6E7E1221001F6
:10F2E0007FB51C461546F5F78FFC064603F07CFEFD
:10F2F000F1F7A4F904B070BD2DE9FC418846D2E9CC
:10F300000051064600681446AF68F7F7AFFD18B124
:10F3100001263046BDE8FC81384631461522F4F717
:10F3200059FF207530B1E068002600780028F0D041
:10F330002675EEE700202075A068FEF76EFB08300A
:10F340000221FEF7B7FB2061A0F800801148A268F7
:10F3500031460023019400902846F2F7A5FAB0F157
:10F36000FF3F0FDD206900260028D2D0A068B5F845
:10F370005E50FEF758FBE168281A0978884288BF7A
:10F380000126C6E70E2110F5807F88BF4142217516
:10F390000026BEE703231001B0B5417B11F09F0F9B
:10F3A00001D1816901B1B0BD16490A4652F8383F12
:10F3B0009C1A18BF1C4652685CB1234694F90E4053
:10F3C00090F90E50A5420BDB00249A4218BF1C682E
:10F3D000F2E701F13802026051F83C2F426005E08B
:10F3E000194651F8042FC0E900320A68106008601D
:10F3F000417B41F0800141730020BDE8B04005F041
:10F4000013BD00BFB80D1000B0B505460848FEF7A3
:10F4100012FB044638B1A16828460C22FEF72FF9EA
:10F420002046FEF7B7FB002C18BF01242046B0BDD4
:10F43000800A1000B0B5124DD5E9072108444B42AF
:10F44000013800EA0304501A844207DD0DA045216B
:10F450002246FFF709FBD5E90721541A686A0144DF
:10F460000819904206D9551A05482A4600F0B2F804
:10F47000641B002102482246BDE8B04000F0AAB853
:10F480001004100025633A20636C6561725F736934
:10F490007A65203078257820697320746F6F206C2E
:10F4A000617267650A0000002DE9F04F85B00E46D5
:10F4B0000446D0E90C011D461746FCF715FC05EB88
:10F4C0000709009607F11008304606F1100B0E9E52
:10F4D000C24F03ADCDF80490C84559D2F0F79CFE59
:10F4E000204641462A463346FCF77EFC0346032865
:10F4F0004BD0002B49D09DF81100BDF81210724A74
:10F50000012B084400F1170101EA020A3BD100F186
:10F5100008098025CDF808B05E46C346B9F1010F51
:10F5200014DBA945B8BF4D46204659463A462B46FE
:10F5300000F0A4F950B9204631463A462B4600F077
:10F5400029FCA9EB05092E44AB44E7E7206BDDF865
:10F5500008B098B100991025ABEB0101CA1701EB77
:10F56000D25291FBF5F10125521201F01F0150F822
:10F57000223005FA01F1194340F82210DDF8049019
:10F580000E9ED34403ADD044A6E704A0F0F7A8FE36
:10F59000C4F828B0002005B0BDE8F08F25633A20FC
:10F5A0004255472120696E76616C6964206E7672DF
:10F5B000616D20726567696F6E206974656D2030BA
:10F5C0007825782C207374617475732030782578D1
:10F5D0000A0000007CB5F1F7B4F81ED0064645EAF3
:10F5E0000400000519D1F1692819884215D8012DA8
:10F5F000B8BF7CBD304621464FF4805200F0C8F8B9
:10F6000030B9B16930684FF480522144FEF74AFDA9
:10F61000A5F5805504F58054E9E7A4484521234623
:10F620000095FFF721FA7CBD2DE9F84F6FF0150723
:10F63000002946D01446002A43D0064608468A468A
:10F6400003F0D2FC411C5046F7F790FF376A814621
:10F65000306B3946FCF74EFB05461B48DFF8D08679
:10F660008346BD422BDA706A22460823471930468A
:10F67000394600F003F92078492820D16078FF2826
:10F680000FD1E07848450CD1637907F10801304685
:10F69000424600F0F3F8627950464146FDF7DAFF42
:10F6A00078B1E0886179376A08443946173000EA52
:10F6B0000B004219306BFCF742FB0546D1E76FF0B7
:10F6C00001073846BDE8F88FF0FF01007CB506461B
:10F6D0006FF01500C9B11546BAB11C46ABB16A4608
:10F6E0003046FFF7A1FF002810D4BDF806102A46C7
:10F6F000A142B8BF0C469DF805102346084400F10E
:10F700000801304600F0BAF820467CBD6FF00100D9
:10F710007CBD0000F0B585B001AE0D460446002169
:10F72000102210273046FDF7F0FF01208DF80D70F4
:10F73000276A0A2100228DF80A00FF208DF80800B0
:10F74000F448ADF80E70019094F82C0001308DF85B
:10F750000C00B01DF7F7F6FE8DF80900204629468B
:10F760003A46FFF737FF204629463246102300F07D
:10F7700011FB05F11000C4E909509DF80C0084F854
:10F780002C00D4E90C01FCF7AFFA05B0F0BD00BFC6
:10F790002DE9F041DFF8988514460D46064680278E
:10F7A000012C18DBBC42B8BF2746B169306842461D
:10F7B0003B462944FEF7A6FCB808414628B10A6832
:10F7C000013205D101380431F8E73D44E41BE7E795
:10F7D0000020BDE8F0810120BDE8F08196251000F1
:10F7E0002DE9FC4104468846C069D4E90821561831
:10F7F000864228BF002620463146FFF7C9FF48B998
:10F8000011A057213246FFF72FF9226A20463146D0
:10F81000FFF7E0FED4E9097520463146FFF77AFF8D
:10F82000EB1B204631463A46CDF80080FFF73CFE00
:10F830005A20391D0DF1070201238DF807002046DB
:10F8400000F0A8FABDE8FC8125633A206E657720B8
:10F85000726567696F6E2073656720307825782040
:10F860006973206E6F7420656D7074792C206E65DD
:10F8700065642065726173650A0000007CB5F0F76D
:10F8800060FF03D0C6691919B14205D90748F0F7DE
:10F89000BEFE6FF015007CBD8069011910462A4636
:10F8A00002B0BDE87040FEF72DBC00BF26871101F5
:10F8B0002DE9F04FA5B00446964801ADDFF8588217
:10F8C0000027002605F106098246E06987422FD20B
:10F8D000204639462A461023FFF7D0FF002840F083
:10F8E000D5800198514650451FD19DF80800FF284A
:10F8F0001BD148460A210022F7F724FE9DF8093063
:10F9000083420DD19DF80C002EB194F82C10411AB1
:10F9100049B2012902DB676284F82C00012604E069
:10F92000024640464521FFF79FF8206A0744CCE78E
:10F93000002E00F08680D4E90C01FCF7D5F9606A4E
:10F94000FC4E4FF0100B23AD0DF11C0A00F1100816
:10F95000206A834580F28680F0F75EFC002875D12E
:10F96000204641462A460123FCF73EFA012808D0EA
:10F970000346022859D0002B73D06548F0F7B0FC3D
:10F9800053E0504600217022FDF7BFFE9DF88C70B9
:10F99000492F2DD19DF88D205A2A35D0FF2A2FD1FD
:10F9A0009DF89130702B2FD808F10801204652465F
:10F9B000FFF764FF2046514605AAFFF735FE0128F0
:10F9C00022DB814640451FD045A057215246434681
:10F9D000CDF80090FFF748F820464946FCF7A8FA12
:10F9E000616A206B0022A9EB0101FCF7E3F90BE04F
:10F9F0002846FCF791FA38B9384845213A4601E0E3
:10FA000042484521FFF730F8206B70B1CBF3041169
:10FA1000012202FA01F14FEAEB720BEBD2525212C1
:10FA200050F82230194340F82210BDF892009DF89A
:10FA300091100844173030408344606A0BEB000893
:10FA400086E720460021FFF765FE1FE011A0452153
:10FA50004246FFF709F8626A16A04521FFF704F84D
:10FA600014E0206AC4F8288058450BDDA0EB0B0297
:10FA700020464146FFF78CFE40B9174845214246D3
:10FA8000FEF7F2FF20460121FFF7AAFE25B0BDE8F0
:10FA9000F08F00BF25633A20726561642069746548
:10FAA0006D5F6F6666732030782578206572726F9F
:10FAB000720A000025633A20696E76616C696420E1
:10FAC000726567696F6E20736567206F6666736520
:10FAD0007420307825780A0064861101A58611010A
:10FAE00025633A2073616D65206974656D20257307
:10FAF00020666F756E64206E65773A3078257820C1
:10FB00006F6C6420307825780A0000005B87110153
:10FB1000328611014E565352C28611012DE9F04F23
:10FB200087B081B1984616460F46824612B9B8F1A1
:10FB3000000F08D1B8F5007F05DC384603F054FA11
:10FB40000130702805DD6FF01504204607B0BDE8D0
:10FB5000F08FB8F1010F2BDB039005AAF0F78FFCB3
:10FB600001282DDBBDF81A10414529D19DF8191047
:10FB7000DFF8BCB180244FF0000945460844083046
:10FB80000490012D19DB0498A542B8BF2C465A46B3
:10FB9000234600EB09015046FFF770FE06EB090112
:10FBA00058462246FDF756FD50B92D1BA144E8E703
:10FBB00005AAF0F764FC0446A8E0002D00F0B6802A
:10FBC00003991FFA88F00AF12002049050FA81F09C
:10FBD0005849173000EA010307CA1A44039308443E
:10FBE000824203D950460021FFF7FAFD05AAF0F73B
:10FBF00046FC0290DAF82800DFF834B10021082230
:10FC000001905846FDF781FD4FF64970ABF80000B2
:10FC1000384603F0E9F90130C5B28BF805003846E3
:10FC20002946F7F7A3FC5C46DFF80C91052100227A
:10FC300004F8030F2046A4F80380C847024604F8DE
:10FC4000010C38462946C8470499024604F8010CBD
:10FC50003046C847792D04F8010C06D344A045214D
:10FC60002A46FEF701FF039C33E00BF108003946FA
:10FC70002A46FDF704FD019C05F1080750465A4647
:10FC80003B46214600F086F83D194FF000098024DC
:10FC9000B8F1010F13DBA045B8BF444606EB0901DC
:10FCA00058462246FDF7EBFC05EB090150465A4643
:10FCB000234600F06FF8A8EB0408A144E8E7049895
:10FCC000039C3B18A34204D91CA045212246FEF701
:10FCD000CBFEDAF8300098B1DAE909120123511AA3
:10FCE000102291FBF2F202F01F0203FA02F2CB178C
:10FCF00001EBD351491250F821301A4340F821202A
:10FD0000DAF828002044029CCAF82800012C0DDBF8
:10FD100050462146FCF70CF9DAF82410DAF83000E6
:10FD20000022611A0024FCF745F80EE700240CE7D6
:10FD300096251000F0FF01004575100125633A205B
:10FD400042554721206E65775F6974656D5F736901
:10FD50007A6520307825782C20777269746520695F
:10FD600074656D5F6C656E20307825780A00000040
:10FD700025633A204255472120696E76616C69649B
:10FD8000206974656D206E616D652073697A6520E8
:10FD900025640A007CB5F0F7D4FC03D0C6691919B4
:10FDA000B14203D90648F0F732FC7CBD80690119E5
:10FDB00010462A4602B0BDE87040FEF7E3B900BF26
:10FDC000268711012DE9F84F9A4693460E460746BD
:10FDD0004FF0000900244FF00008B44248DA4FF019
:10FDE0002000EFF3118580F31188BFF36F8F384641
:10FDF00030F80D1F01F00F0101290DD0042906D0A4
:10FE0000022913D13969896881B1022108E0396971
:10FE1000096859B1042103E03969896831B10121C8
:10FE2000384601F051F88BF800901AE0BAF1000F53
:10FE300017D19BF80010A1B1008800F00F00012835
:10FE400006D0042801D0022807D13869103000E01C
:10FE5000386939465A46F1F752FA08F10108C7F8ED
:10FE600008B085F31188BFF36F8F14370134B4E7FE
:10FE70004046BDE8F88FB0B500F14003144664B1C8
:10FE80000D78013C85F0360503F8405C11F8015B04
:10FE900085F05C0503F8015BF1E736215C233F2A1E
:10FEA00088BFB0BD84188154013284F84030F6E731
:10FEB00080B58168074B99420AD113791168C068EF
:10FEC0001A46F7F7B6FE18B100210A22FDF71DFC0D
:10FED000012080BD49401001B0B568B10B494968A7
:10FEE000814209D0016839B1D0E90423D1E9044540
:10FEF00012196B41C1E90423D0E900121160426874
:10FF00004A600021C0E90011B0BD00BFB408100074
:10FF100010B5064CE16911B10548FEF761FC217B83
:10FF2000A068BDE81040FEF76BBC00BF240D1000B8
:10FF30000030100010B50C46F8F78CFD204410BDC1
:10FF400000EBC1028068B0F5004F34BF50885068A4
:10FF500001EB5000704700002DE9FE4F88A0F0F73C
:10FF600067F9DFF838928C4F8D4D4FF000080DF196
:10FF7000080A09F124063046FCF712FAD9F8740091
:10FF800018B9B9883A888A42F5D1EA7BA97BCDF8BD
:10FF9000048012B10429EED12DE0C1F10401B34671
:10FFA000384401AACEB23146FEF7E6FE002800F042
:10FFB000AC80019B0446B34205D07AA04921324669
:10FFC000FEF752FD019EA87B214632462844FDF7EC
:10FFD00056FBA87B01990844A873D9F874003844EB
:10FFE000FEF70AFFA87B042840F08F8001205E46C0
:10FFF000E873288868816989D9F8740089B2524603
:020000040111E8
:10000000CDF808803844FEF7B7FE002800F07F8066
:100010008346686800284BD1297C002948D1AB78F9
:10002000981E03283AD8DFE800F002281D24BBF808
:1000300002000299043028819BF8012002F0F002AE
:10004000202A1ED189B280B2062957D39BF804100A
:100050009BF8052041EA0221083189B2814288BF1C
:1000600008460EE09BF801009BF800100230288142
:1000700008E0BBF80200043002E09BF80200033005
:1000800028810021D9F8082032B1146824B182B245
:100090001846A047686009E0002007E04CA0452111
:1000A0001A46A5F80880FEF7DFFC6868012129746C
:1000B00078B1A9892A89029C0844511AA14238BF03
:1000C0000C46A2B25946FDF7DAFAA8892044A88165
:1000D00005E06A89029B47484521FEF7C5FCD9F82F
:1000E000740002993844FEF787FE6889029A811AE3
:1000F0006981AAB108047FF47FAF11E049284FF06D
:10010000490088BF40F28730BBE75E4633E702987C
:100110002B886A89492100903748FEF7A5FC698938
:10012000080403D0686828B334A024E0A8783D49C7
:100130002A8951F820006968FEF754FCD9F80810A4
:1001400021B1686810B1288949688847284600218C
:100150001422FDF7DAFAD9F82C0070B9D9F8740036
:1001600058B1C15B38448088814206D03046FCF7E4
:10017000F7F802E02A48F0F75BF806F081FDFAE6AE
:1001800025633A2072782074687265616420737404
:1001900061727465640A00008099100050071000B5
:1001A000981E100025633A206765742062756620EA
:1001B000686561646572206661696C65642072655A
:1001C00061642025642073697A652025640A000033
:1001D00025633A206765745F72785F627566207583
:1001E0006E6B6E6F77207479706520256420210A0C
:1001F0000A000000D38711012D88110125633A20E0
:100200007265616420686369207278206275662077
:10021000696E636F6D706C6574656C790A000000BF
:1002200013881101507F110180B50AA04921FEF702
:100230001BFC0C49C879C0EBC0020BA001F034F8DC
:1002400030B102460AA04521BDE88040FEF70CBC53
:1002500080BD00BF25633A20536176696E672049EF
:10026000440A00001006100062742F696400000048
:1002700025633A204661696C656420746F20736160
:1002800076652049442028657272202564290A0079
:1002900080B5022A08D1027A00F1880100231046B5
:1002A000002200F097F801E000F002F8022080BD83
:1002B000B0B50546007A05F188042146F2F797F9B2
:1002C0000146287A21B12146BDE8B040F4F728B8AC
:1002D0002146F9F77BFD18B1BDE8B040F8F727BC1F
:1002E000B0BD000080B5BA48BFF35F8FF0F7B6F835
:1002F000FCD1F0F781F903D00520002100F062F96C
:10030000002080BD10B50446B148BFF35F8FF0F701
:10031000A5F8FCD1F0F770F903D00020002100F01F
:1003200051F92046F9F7AAFC50B1017AC90707D064
:100330000C30BFF35F8FF0F763F8FCD1BFF35F8F32
:1003400010BD00BF1CB550F8081C00F1300401912D
:10035000A0F12001BFF35F8F54E8002F22F00102CB
:1003600044E80023002BF7D104220023BFF35F8F62
:1003700020F80C2C01AA40F8083C0D4B40F8102C3A
:100380000A4A283340E907320020F4F7C3F900B1E4
:100390001CBDBFF35F8F54E8000F40F0020044E83B
:1003A00000010029F7D1BFF35F8F1CBD05031101C8
:1003B000FC77110180B5F9F761FC50B1017AC907EA
:1003C00007D00C30BFF35F8FF0F71AF8FCD1BFF302
:1003D0005F8F80BD2DE9FC41984616460F460546C5
:1003E000F9F7F4FC044668B900200DF10101F0F7BB
:1003F00053F8F9F7EBFCA0B1044600F8015B39466D
:10040000F2F7E1F8204630F8081F09B9618969B1AF
:1004100004F10A013246434604F0CEFD48B9BDE876
:10042000FC810AA0F0F786F9BDE8FC81A4F80A80F7
:100430002681214611F8010BF2F7D9F80028EED0F9
:10044000204600F08BF8BDE8FC8100BF25633A2010
:10045000756E61626C6520746F20736176652053E0
:10046000433A206E6F20636667206C6566740A00ED
:100470002DE9F04186B048B10E460DF11101F0F7BB
:10048000FDF860B12848F0F75DF802E03248F0F777
:1004900051F96FF01504204606B0BDE8F08103A9BC
:1004A000384600F013FE039818B1EFF79BFF804623
:1004B00001E04FF000085FFA88F00DF11101F9F743
:1004C00085FC074686B17FB900200DF10501F0F7E4
:1004D00079F8F9F77BFC00B3074600F8018B0DF1C2
:1004E0001101F2F770F800E076B107F10801284633
:1004F0000422A047B0F1FF3F01DD0024CBE7044612
:100500000A48EFF7D2FEC6E7002FF6D038460021A2
:100510000C220024FDF7F9F8BDE705A0F0F70AF971
:100520006FF00B04B7E700BF0F8E1101E98D1101C9
:1005300025633A20556E61626C6520746F20726588
:1005400073746F72652053433A206E6F2063666741
:10055000206C6566740A0000308E1101B0B58CB055
:100560000278044622B102ADEFF75BFF009501E08F
:1005700000200090094A631C03A82421F5F750FECF
:1005800004F1080103A8042200F08EFE18B102460F
:1005900003A0EFF702FF0CB0B0BD00BF798E1101D0
:1005A00025633A206661696C656420746F207374FA
:1005B0006F72652053432028657272202564290AD2
:1005C00000000000024602480B462030FBF7DCBC6E
:1005D0001017100052EA030103D00349183005F048
:1005E000C9BB06F07DBC00BFF57211014FF02000C1
:1005F000EFF3118180F31188BFF36F8F0548026814
:100600000AB1002001E00122026081F31188BFF3EA
:100610006F8F7047C416100000F023B92DE9F04128
:10062000804616460C46084611462022FDF727F85C
:10063000124920460822FDF70DF838B110A03146C6
:10064000FEF712FA00242046BDE8F08106F12001F1
:10065000E6684FF0FF370137B742F3DA2046202231
:1006600001F12005FDF70BF8404621460C2202F06F
:10067000C2FC00282946EED1E5E700BF55891101EB
:10068000736466732E62696E20696E76616C69644C
:100690002C206F66667365743D307825780A0000FB
:1006A0002DE9F04788B0824600782F2819D10AF149
:1006B00001053A21284602F07BFC00284FD02E4C41
:1006C00081460026032E4AD054F82670384602F0A0
:1006D0008BFC02462846394602F0B2FCB0B3013624
:1006E000F0E70025D0460027EAB224A03946FEF7FD
:1006F000BBF92FB12F4930A05246FEF7B5F932E0D1
:1007000024480078012807D1234F694640463A46DD
:10071000FFF784FF064650B9694640464FF0C07265
:100720004FF0C077FFF77AFF0028E3D00646F06865
:100730003844F060FFF75AFFC8B1002145730173D8
:10074000D6E90312C0E9001281600DE019F1030837
:1007500005D099F80100F7B2A0F14105C4E71BA04C
:100760005146FEF781F9002008B0BDE8F087114935
:100770000AA01022C1E700BFA48011017364667350
:100780003A73746F725F69643D25642C20703D2557
:10079000640A000080121000009111012573206D81
:1007A000616C6C6F6328256429206661696C6564DF
:1007B0000A0000004C8911012573206E6F207468B7
:1007C00069732066696C652025730A00736466731B
:1007D0002066696C6520257320696E76616C69649A
:1007E0000A0000002DE9F041054690460E460068DB
:1007F000D5E90121081A00EB08039342C8BFA2EB18
:100800000008B8F1010F27DBC81740F2FF1201EB17
:10081000D0509043401A00F500773046474528BF36
:1008200047463A46FCF72BFFA8683E44A8EB07046E
:10083000C119A960012C11DB2746B4F5007F3046B1
:10084000A8BF4FF400773A46FCF719FFA868E41BED
:100850003E44C119A960EDE74FF000084046BDE8ED
:10086000F08110B54FF02001EFF3118481F311886E
:10087000BFF36F8F10220021FCF747FF84F311882C
:10088000BFF36F8F10BD0000B0B588B01F4C15A02E
:100890004FF0C0712246FEF7E7F86D462146202250
:1008A0002846FCF7ECFE1A4928460822FCF7D2FE3F
:1008B000044610B917A0FEF7D7F8B4FA84F0194926
:1008C0004009087018A04FF0C071FDF72FFD30B13E
:1008D00018A00521FEF7C8F84FF0FF3000E0002017
:1008E00008B0B0BD736466733A20696E6974206D98
:1008F000617070696E6720746F20307825782C20C5
:100900006B6F66663D307825780A00000091110112
:10091000558911016B736466732E62696E206F6B6B
:100920000A000000801210006677305F73646673FF
:1009300000000000736466733A2063616E6E6F742A
:10094000206D617070696E672070617274206669D5
:100950006C655F696420256400000000022A10D0E5
:10096000012A04D092B942688A420CDB14E0836801
:1009700002681944914206DB43681A44914202DC42
:100980000CE0002905DD4FF0FF3070476FF01500D7
:10099000704742688918F6D40268114481600020CB
:1009A0007047000080B51C48016821F00801016013
:1009B0000620F0F75DFA002080BD00BF80B5074833
:1009C000002101600620F0F756FA0620F0F7CCFB74
:1009D000114808210160002080BD00BF20100040A8
:1009E00010B50D4A40F2C6741368A34303F5F064D2
:1009F000146040F28174234313601368B3F1FF3F26
:100A0000FBDC5368036090680860106820F0010008
:100A10001060002010BD00BF00040240B0B5EFF729
:100A200004FEA8B1DF4890F89800800708D595F833
:100A3000AC00800704D56868BFF35F8F40050AD516
:100A4000E87840B128462146BDE8B040F5F756B8F1
:100A50006FF01500B0BD28462146F2F78EFC00B1BC
:100A6000B0BDA088A5F8A800E088A5F8AA000020DD
:100A7000B0BD00BF2DE9F041C1B190460D46012146
:100A800004221F460446F1F707FF78B106460830F6
:100A90000421FDF70FF8064AC770A0F80180057021
:100AA00020463146BDE8F041F1F754BFBDE8F08182
:100AB000158910012DE9F843074644489846154624
:100AC0004E694FF0FF324FF0FF330C46C83006F04E
:100AD0001DF8787B072865D14FF02001EFF31180D6
:100AE00081F31188BFF36F8F4EB100213160B96976
:100AF000002908BF07F114010E60BE610BE0B9695F
:100B000001F10C09002908BF07F11C09D9F80010F0
:100B10000131C9F8001080F31188BFF36F8F68B2FC
:100B20002BA131F8105004F108000421FDF71EF844
:100B300039882943018002212175A1890439418026
:100B40002046F5F743FB08B3024623A04521FDF7F5
:100B50008BFF4FF02001EFF3118081F31188BFF379
:100B60006F8FB6B107F11403002211461A68AAB1BB
:100B7000B2421346F9D1326811B30A60BA69B2427F
:100B80000A4600D1BA610021316007E00120BDE8CA
:100B9000F883D9F800100139C9F8001080F31188E2
:100BA000BFF36F8FFBF7E0FB16B1304603F08CFA12
:100BB000B8F1000F01D0EFF7BCFB0020BDE8F883CF
:100BC000B9697A61B142DED1DCE700BF10061000DE
:100BD000000000100000001025633A20556E61628D
:100BE0006C6520746F2073656E6420746F2064726E
:100BF000697665722028657272202564290A0000D2
:100C000010B586B00DF1050418A10C222046FCF7A2
:100C100036FD0DF1120220460C210623FAF738FEAC
:100C200006280FD11B4840F20141BDF81220A0F860
:100C30005410059952BA09BAC0E91612806EFEF72F
:100C40009BF902E00DA0EFF74FFB124940F2024082
:100C500001F17004A1F85400886E1CCC0C66C1E947
:100C60001632FEF789F906B010BD00BF353063308B
:100C700066303132613362340000000025633A206F
:100C8000696E76616C696420627420616464726567
:100C900073730A0050071000B0B5054652EA03000E
:100CA0000D490E4808BF0846FCF70CFE044648B143
:100CB000A06829460C22FCF7E2FC0F482146FCF70D
:100CC000E7FE04E06A7806A04521FDF7CDFE002C82
:100CD00018BF01242046B0BD380B1000600B100077
:100CE00025633A2064726F70206D73672074797089
:100CF000653A2025640A0000800A100070B50221C0
:100D0000044600F0FBFB60B1054608300621FCF705
:100D1000D1FE04F1C9010622FCF7B1FCEFF7E6FBB6
:100D200000E00826304670BDF8B530B369461D4670
:100D30001446064600F0CAF9024619A1304602F0F0
:100D40007FF9F0B91748D0F89000BFF35F8F4007E4
:100D50001BD4144E2846072207273146A0470628F1
:100D600018D81CA04521FDF77FFE30460021072240
:100D70000024FCF7CAFCF47105E021A04521FDF731
:100D800073FE6FF001042046F8BD07A05721FDF760
:100D90006BFE02E0B0FBF7F0F0710024F3E700BF58
:100DA000696400001006100025633A2049676E6FE1
:100DB00072696E67206964656E7469746965732011
:100DC00073746F72656420696E20666C6173680A63
:100DD0000000000025633A20496E76616C6964204A
:100DE0006C656E6774682049442061646472657341
:100DF0007320696E2073746F726167650A0000006A
:100E000025633A20496E73756666696369656E7419
:100E1000206E756D626572206F6620617267756DF8
:100E2000656E74730A000000F8B5134F044607F1AD
:100E30002D052946F1F7B2FBE0B142F2050006218B
:100E4000F3F7E6FE60B10646083021460622FCF7BD
:100E500058FE42F205003146EFF779FA18B1F8BDB5
:100E60006FF03600F8BD28462146F1F79AFB0120C5
:100E700087F82C000020F8BD1006100000EBC1011F
:100E80008068B0F5004F08D34868002A14BF40F0CE
:100E9000010020F0010048607047488812B140F01E
:100EA000010001E020F0010048807047054908700A
:100EB000704700BF02288FBF4FF0FF3001494870D4
:100EC000002070470E04100030F80D2F002340F86A
:100ED000053C837842EA0342044B41EA12111A406E
:100EE00061F30812110C0280817070470FFEFF0041
:100EF0007FB50E46054642F20A000121F3F788FE4F
:100F0000D8B1044608303146FCF707FE06208DF8BC
:100F10000C60029005F110000190EFF717FC0949F1
:100F200000EB4000002201EB800001A9416042F289
:100F30000A002146F3F7AAFE01E06FF0360004B084
:100F400070BD00BF6415100010B5044C204600F0C1
:100F50007FF8204600F0C6F9002010BD740810008C
:100F60002DE9FE430A9D984691460F46044602909D
:100F70008DB1296821B102AA204600F0BCF8E0B189
:100F80006E6846B1A96802984A46434600913946C0
:100F9000B047BDE8FE8302A9204600F031F960B1F8
:100FA0008568029839464A464346A84728B1034611
:100FB00003A045212246FDF757FD0020BDE8FE8332
:100FC00025633A207365742D76616C7565206661C2
:100FD000696C7572652E206B65793A2025732065E2
:100FE00072726F72282564290A000000F8B5AB4EB2
:100FF000AB4F05460024BE420DD225B130682946CC
:10100000EFF77AF928B1F06818B18047002C08BFD3
:1010100004461436EFE7A34E366896B1B6F11400D5
:101020000FD02DB100682946EFF766F90028F3D0FC
:1010300056F8080C0028EFD08047002C08BF044663
:10104000EAE72046F8BD00BF0021002200F02CB9DD
:10105000A3490860704700BF92480021C0E9001111
:1010600000F04AB9002000F001B800007FB5044646
:1010700000200390CDE90140FBF7B6F8A14D01AE89
:101080002D682DB168683146026828469047F7E719
:101090002046FFF7ABFF0446FBF7AEF8204604B04E
:1010A00070BD00BFBFB501AB07C3FBF79DF8954C02
:1010B00001AD24682CB1606829460268204690473B
:1010C000F7E7FBF799F8002004B0B0BD024609B17C
:1010D0000020086000206AB1135C2BB12F2B03D0D5
:1010E0003D2B01D00130F7E721B12F2B02BF024485
:1010F00001320A60704703460AB1002010600020E8
:10110000CBB1C1B110B50133087813F8014C30B13F
:10111000A0420DD13D280BD001330131F4E701206D
:101120003CB13D2C05D02F2C02D112B1136000E050
:101130000020BDE81040704780B5D0B0054A0B468E
:1011400040A86946FCF7B8FE002818BF6FF01500EC
:1011500050B080BD59111101F8B507460E4607A0E1
:101160001C4615463946FDF77FFC0C4A3846294691
:1011700033460094FFF7F4FEF8BD00BF6E7672614F
:101180006D206C6F61643A206E616D652025732C53
:10119000206C656E2025750A00000000A111110168
:1011A00010B514460246084611462246FCF767FA77
:1011B000204610BD70B589B116460AA01A461C46D5
:1011C0000D46FDF751FC002E284607BF00210022E6
:1011D00031462246BDE87040FCF7FCBE6FF01500BA
:1011E00070BD00BF6E7672616D207365743A206EBB
:1011F000616D652025732C206C656E2025750A00B5
:101200002DE9F8438946054611B10020C9F80000D0
:10121000224E234F0024E846BE421AD2EFF711F8BF
:1012200060B16CB121683068EFF766F8002818BF2C
:101230003446B9F1000F18BF002805D11436EBE78A
:10124000B9F1000F3446F9D000983446C9F80000CF
:10125000F4E7144FE8463F68EFB1B7F114061AD02F
:10126000EEF7EFFF0028F6D064B121683068EFF7A1
:1012700043F8002818BF3446B9F1000F18BF002802
:10128000E9D003E0B9F1000F3446E4D000983446C9
:10129000C9F80000DFE72046BDE8F8837876110141
:1012A000F0761101582010002DE9F04106460C4857
:1012B000076887B190460D46FAF796FF7868314681
:1012C0002A46434684683846A0470446FAF794FF06
:1012D0002046BDE8F0816FF00100BDE8F08100BF5D
:1012E000682010000021016006494A68002A08BFF2
:1012F0000A4610604860704702480021C0E90011AA
:10130000704700BF6020100010B5074C207808B16E
:10131000002010BDFFF7A0FEFFF716FE00B110BDC4
:1013200001202070F4E700BF6C2010001FB5017889
:10133000C278037944798DF80010817A8DF80720FE
:1013400082788DF8043083798DF80140C4798DF866
:101350000210C17B8DF80A20027B8DF80E3010231D
:101360008DF80B408DF80310417A8DF80C206A46F9
:101370008DF80510817B8DF80610017A8DF8081024
:10138000417B8DF8091041788DF80D10C17A8DF8E8
:101390000F101021EFF74AFA1FBD2DE9F0418668C2
:1013A0000C460546002E41D07078022813D0012843
:1013B0003AD116F8570C800736D556E90F016FF071
:1013C0000102504060EA0100C8B9002030706FF09F
:1013D0000A00BDE8F081374617F8100920B356F827
:1013E000048CB8F1000F1FD006F1100004F09FFC30
:1013F00000203946B0624046FBF732F914E0A6F10E
:101400006407384606F055F80020082C08BF6FF036
:101410000300306516F8570CC00605D156F84C0C81
:1014200010B9384605F009FD0020307028462146E5
:10143000FFF74AFD0020BDE8F0812DE9F04389B0B7
:10144000DDF840800446DDF844900E461146072240
:101450001D4698F800008DF8140099F800008DF8EA
:10146000150005AFB81CFCF70AF907F10900294679
:101470000722FCF704F9129D304639462A4604F04B
:1014800030FCEFF713F9C8B901AE09F101010622EA
:101490003046FCF7F4F8B01D08F101010622FCF714
:1014A000EEF806F10C0000210422FCF72EF9284684
:1014B00031462A4604F015FCEFF7F8F809B0BDE80C
:1014C000F083000010B50621F4F762FA044610B963
:1014D00002A0EEF7AAFF204610BD00BF25633A2008
:1014E000556E61626C6520746F2066696E6420536E
:1014F0004D50206368616E6E656C0A0070B50646DB
:10150000D0F8BC0000220D46C00658BF43F6982212
:10151000BFF35F8F002000210023F4F719FA04467F
:1015200030B104F108000121FCF7C4FA057008E0AD
:1015300006F1BC00BFF35F8FEEF7C0FEFCD1BFF336
:101540005F8F204670BDB0B504460068C0780128A2
:1015500036D1896804F1BC05BFF35F8F55E8000FF1
:1015600020F4803045E80002002AF7D104F26F1021
:101570001022EFF72EF8D4F8BC00BFF35F8F0006FF
:1015800009D42868BFF35F8F40050ED42046BDE81C
:10159000B040F7F793BCBFF35F8F55E8000F40F4FE
:1015A0000070EFF7CAF8F8D108E0BFF35F8F55E895
:1015B000000F40F40070EFF7C0F8F8D1BFF35F8F71
:1015C0000020B0BD10B500F1BC04BFF35F8F54E83C
:1015D000001F41F4807144E80012002AF7D10E493F
:1015E00000F20F10BFF35F8FF2F7EAFA88B1BFF392
:1015F0005F8F54E8000F20F4807044E80001002958
:10160000F7D106A04521BFF35F8FFDF72DFA082023
:1016100010BD002010BD00BF9564100125633A2065
:101620004661696C656420746F2067656E657261E0
:1016300074652044484B65790A00000070B5EFF7E7
:1016400049F807D52068EEF7C2FE70B11A30294676
:10165000EEF7B4FEEEF776FE50E8001F41F0800191
:10166000EEF721FFF8D1EEF77ABFEEF788FF0246DA
:10167000AF48EEF7ECFF082070BD00BF70B5044620
:10168000D0F8BC000D46EEF7DDFE08D4D4F8BC005F
:10169000BFF35F8F800702D4EEF7E8FE03D5204644
:1016A000294600F0E3F920460521FFF727FF40B166
:1016B000EFF72BF8057020683146F4F7FEF90020AB
:1016C00070BD6FF0360070BD2DE9F04196B00DF1A0
:1016D00007083A4F15460E46014620221C46404652
:1016E000B84708F1200031462022B8478DF847401E
:1016F00012AE294610223046B8471C9C304641465F
:1017000041222346F4F794FE054610B9204601F025
:1017100035FF284616B0BDE8F08100BF2DE9F04145
:1017200096B00DF10704254D1746804610221E463F
:101730002046A84704F1100039461022A84704F1BA
:10174000200031461022A8471C9904F130000322E2
:10175000A8471D9E04F13407062216F8010B8DF8E8
:101760003A0038463146FBF78AFF384631460622B2
:10177000A8471E9E04F13B07062216F8010B8DF8C0
:10178000410038463146FBF77AFF3846314606229B
:10179000A84712AE414610223046A8471F9D30464A
:1017A000214641222B46F4F743FE044610B9284651
:1017B00001F0E4FE204616B0BDE8F081A935110124
:1017C0002DE9F0418E6804460568307810B1B07993
:1017D000BF2853D9D4F8BC00BFF35F8F800432D543
:1017E00005F18808297A02204246F3F7A5FF002870
:1017F00054D0E97807468F20002908BF9620295C3D
:1018000001291DD12918887900F0C000402817D17E
:1018100007F13A0001310622FBF731FF98F800008A
:1018200070B195F88E00BF280AD8781C3146F0F7C1
:10183000D0FE40463146F0F7CCFE2846F1F74AFD8F
:101840003846F3F727FB94F8A10100F0FD014007AB
:1018500084F8A1110AD5EEF775FD50E8001F41F498
:101860008061EEF720FEF8D1BFF35F8F94F8A001FE
:1018700010B994F8A101D0B100251AE0EEF77FFE6F
:1018800002460DA0EEF7E3FE05F18800F0F7BAFE80
:10189000024610A0EEF7DBFE0A250AE04046F0F70C
:1018A000B1FE02467048EEF7D2FE082501E0EEF7E1
:1018B00007FF2846BDE8F08125633A20496E76612E
:1018C0006C6964206964656E746974792025730A93
:1018D0000000000025633A2020666F722025730AFD
:1018E0000000000070B5EEF7F5FE0DD520688D689C
:1018F00000F18806017A02203246F3F71DFF70B12D
:101900002A302946EEF75AFDEEF71CFD50E8001F7D
:1019100041F40071EEF7C7FDF8D1EEF720BEEEF707
:101920002EFE02465048EEF792FE082070BD00BF22
:10193000AE8F110180B5817801290CD10621F4F711
:1019400034F890F8A01111F0FE0180F8A01102D136
:1019500090F8A11101B180BD0021BDE8804000F0E8
:1019600085B80000B0B500F1B80405460021F022AA
:101970002046FBF7CAFE05F1DF001021F4F794FBC7
:1019800008B10820B0BDBFF35F8F54E8000F40F0EE
:10199000200044E800010029F7D1BFF35F8FF4F77E
:1019A00075FB024908600020B0BD00BF3820100060
:1019B000B830BFF35F8F50E8001F41F48041734699
:1019C000EEF771FD9E46F6D10020BFF35F8F7047A2
:1019D000F8B50246044652F8BC0B1268BFF35F8F9D
:1019E000920402D494F8A10114E0EEF7F0FC78B36D
:1019F0000746183029460222FBF741FE07F1100086
:101A0000A91C0822FBF73BFE94F8A10120F001007D
:101A100084F8A101810705D4C0B2400710D54FF466
:101A2000806001E04FF4807004F1B801BFF35F8F74
:101A300051E8002F0243EEF726FEF9D1BFF35F8F86
:101A400094F8A00110B994F8A10148B1002509E06B
:101A5000EEF795FD02460448EEF7F9FD082501E092
:101A6000EEF72EFE2846F8BDAE8F1101F8B50468DA
:101A700005460E2928D801270126DFE801F01027A6
:101A80000E0A270C0A0C250823272708080006261B
:101A90001CE004261AE0052618E0032616E0D5F817
:101AA000BC60BFF35F8FB00403D5D4F8B400F3F784
:101AB00057FE22480068A0B3826992B3C6F3403152
:101AC00020462DE0072601E008260027D4F8B400C0
:101AD00070B1017B39B1D5F8BC00BFF35F8F40070F
:101AE00006D5D4F8B400F3F713FD0020C4F8B40011
:101AF000D5F8BC00BFF35F8F40070AD427B110A010
:101B0000304410F8011C00E01F2120463246F1F756
:101B10008BFE0A48006820B1C26912B120463146E6
:101B20009047284600F054FD607AA17A884208BFA9
:101B3000F8BD2046BDE8F840F5F73AB88412100029
:101B400005061F1F29181200B0B58968044600F168
:101B5000BC05BFF35F8F55E8000F20F4006045E837
:101B60000002002AF7D104F1CF001022EEF731FD78
:101B7000EEF7FCFD800604D42046BDE8B040FBF73C
:101B8000FFBA94F8C020012A07D0022A16D1EEF736
:101B9000D9FBEEF793FBFCD109E02868BFF35F8F18
:101BA000400510D4EEF7CEFBEEF788FBFCD1BFF377
:101BB0005F8F2046BDE8B04000F04EBDD248EEF742
:101BC00046FD0820B0BDBFF35F8F55E8000F40F021
:101BD0000100EEF7B2FDF8D10020BFF35F8FB0BD7A
:101BE000F8B58E680746044617A0452157F8BC5B38
:101BF0003278FCF739FFBFF35F8F57E8000F20F40E
:101C0000806147E80012002AF7D14005BFF35F8FDB
:101C10000DD4BFF35F8F57E8000F20F4006147E851
:101C20000012002AF7D10005BFF35F8F06D5AA483E
:101C3000006818B1016909B1284688473178204603
:101C4000FFF714FF0020F8BD25633A207265617329
:101C50006F6E20307825780A000000002DE9F043EF
:101C60009DB0896800F1EF05044610222846FBF775
:101C700006FDD4F8BC0004F1BC07BFF35F8F8006FB
:101C800035D4234604F1FF0653F8C80B09A9029185
:101C9000294600F196028F30CDE9000204F1C1021D
:101CA0003046FFF7CAFB002840F09D800DF1240864
:101CB00004F1CF0010224146FBF7CCFC002840F095
:101CC0009D80404629460822FBF7D9FC08F1080010
:101CD00004F1DF010822FBF7D2FC304641464246C0
:101CE000F2F73CF8002800F0BA8088A01EE094F8D3
:101CF000C020052A1DD8DFE802F0620303201C7310
:101D00007648D4F89021016894F8940109AB0093C7
:101D100022FA00F02A4640F0800000F0810304F22D
:101D20000F10FFF7D1FC002861D06DA0EEF77DFB0E
:101D300059E07548EEF78BFC55E068480DF1240832
:101D4000DFF8BC9104F20F11202206684046C84714
:101D500008F1200031462022C84708F1400004F174
:101D6000DF011022C84705AE294610223046C84779
:101D70003046414650223346F4F75AFB98BB06F1F1
:101D80000C0104A80422FBF77AFC04985D4900BA10
:101D9000B0FBF1F202FB11000490BFF35F8F57E834
:101DA000000F40F4806047E800010029F7D14A495C
:101DB000BFF35F8F206809688A6804999047EEF73F
:101DC000C1FA50E8001F41F40051EEF76CFBF8D166
:101DD000EEF7E6FAEEF7E9FCFCD1EEF707FB03E0DD
:101DE000EEF789FC60B108201DB0BDE8F08304F176
:101DF000CF0009A91022FBF72DFCD0B30420F3E794
:101E00003549086800285DD0C2680220002AEBD05E
:101E100040F20133002294F8CA50ADF8243094F80F
:101E2000C330C4E9662213F0010304BF032201207A
:101E3000EB0708BF10468DF82500BFF35F8F57E80A
:101E4000000F40F4805047E80002002AF7D1BFF3AA
:101E50005F8F09682068CA6809A9904730E009A91E
:101E60003046EEF7ABFABFF35F8FEEF75CFBFCD1C9
:101E7000B3E704F1B805BFF35F8F55E8000F40F0FA
:101E80000800EEF75AFCF8D1EEF7B0FA0028ABD113
:101E900094F89401013084F89401C0B2142813D14D
:101EA000BFF35F8F55E8000F40F40050EEF745FC9C
:101EB000F8D1EEF775FAEEF778FCFCD1BFF35F8F3F
:101EC000002091E702208FE7EEF715FC002818BFED
:101ED0000120C00088E700BF8412100038201000E5
:101EE00025633A2043616C63756C61746520636F90
:101EF0006E6669726D206661696C65640A00000037
:101F0000A935110140420F00538F110125633A207A
:101F100043616C63756C6174652053544B2066613A
:101F2000696C65640A0000002DE9FC418E68044676
:101F3000F078102801D8072803D20620C0B2BDE8E7
:101F4000FC81D4F80080D8F8B40050B998F80800A3
:101F500008F18801F3F764FB0028C8F8B40000F02A
:101F6000DA81EEF783FA04D42046FFF7FBFC002861
:101F7000E4D101203146062204F1BC0584F8C100F9
:101F800004F1C200FBF77BFB022084F8C800B078A4
:101F9000F8F754FB074684F8CB00F8F789FB84F880
:101FA000C9001020727984F8CC00DFF87403082F80
:101FB000007884F8CA00307900F0030102F00100D3
:101FC00084F8CD1084F8CE0018D3B278120715D556
:101FD000BFF35F8F55E8000F40F02000EEF7ADFB38
:101FE000F8D1BFF35F8F002094F8CD1094F8CB7038
:101FF00084F8CE0001F0020184F8CD10BA0613D5A2
:10200000B278920610D5BFF35F8F55E8000F40F409
:102010008010EEF792FBF8D1BFF35F8F94F8CB708E
:1020200094F8CD1094F8CE0084F8A001F80784F855
:10203000A1110DD0B078C0070AD0BFF35F8F55E86B
:10204000000F40F40050EEF778FBF8D1BFF35F8F3C
:10205000BFF35F8F55E8000F40F00800EEF76DFB0F
:10206000F8D1BFF35F8F30782968BFF35F8F89069F
:102070000AD404282ED894F8C31094F8CA2011402A
:10208000C9071FD0062026E094F8C41094F8CB208E
:1020900001EA02031B0706D594F8C33094F8CA601E
:1020A0003343DB070CD1042814D81143490711D559
:1020B0009C4900EB80000E18F8F7FAFA305C0AE051
:1020C000052008E094F8C41094F8CB201143490788
:1020D00000F1A4800020266884F8C000D6F8B4007F
:1020E00038B9307A06F18801F3F79AFAC6F8B400E5
:1020F000E8B1C18911F0240F19D094F8C53094F8D3
:10210000CC70027BBB4238BF1F46BA4201D90320C4
:1021100014E7890604D5EEF737F9F8D5D6F8B400F8
:10212000407BC00703D094F8C0000028EFD020689F
:10213000807A411E022915D303280FD0042840F0CD
:10214000EA8094F8C50094F8CC10884238BF014664
:1021500010297FF4F2AEEEF717F9D8D594F8C00045
:102160000028D4D0EEF710F90CD42668307A06F1A6
:102170008801F3F703FA10B1407BC0072FD194F820
:10218000C02031E094F8C000C8B92868BFF35F8F61
:10219000000414D46548016889B1496979B1BFF375
:1021A0005F8F55E8001F41F4806145E80012002A66
:1021B000F7D1BFF35F8F00684169404694E0EEF7C6
:1021C000C1F850E8001F41F48051EEF76CF9F8D1E6
:1021D000BFF35F8F2046BDE8FC41FEF78FBD94F84A
:1021E000C020002A00F09480062A00F28D80DFE8EB
:1021F00002F06704268B8B8B4D00BFF35F8F55E891
:10220000000F40F48060EEF798FAF8D14748BFF32A
:102210005F8F00684168304688474EE0424900EBD6
:1022200080000E18F8F744FA305C04287FF453AFAE
:102230002068C1780120002908BF02204BE701A8CF
:102240000421F3F731FF002865D1D3480199B1FB90
:10225000F0F202FB10113548026801919AB1126840
:102260008AB1BFF35F8F55E8001F41F4006145E874
:102270000012002AF7D1BFF35F8F0068019902684E
:10228000304690470199C4F8FF1016E027490868C6
:10229000002842D0C06800283FD00020ADF80200DE
:1022A000BFF35F8FEEF70FF9FCD1BFF35F8F0968C3
:1022B0002068CA680DF10201904794F8C000B0B9D7
:1022C0002868BFF35F8F000411D41849086870B103
:1022D000406960B1BFF35F8FEEF7F5F8FCD1BFF353
:1022E0005F8F0968206849698847002026E6EEF775
:1022F00029F850E8001F41F00801EEF7D4F8F8D1B2
:102300002046EEF780F919E6F548EEF7A0F902E06D
:1023100007A0EEF78AF8082010E602200EE600BFBC
:10232000381D1000DD7A1101C47A110184121000E9
:1023300025633A204A757374576F726B7320666118
:10234000696C65642C2061757468656E746963617D
:10235000746564206B6579732070726573656E7443
:102360000A0000000720704770B58D6800F20F1654
:102370000446202230462946FBF781F904F22F104B
:1023800005F120012022FBF77AF91D493046402251
:10239000FBF760F900BB1BA04921FCF765FBEEF7DA
:1023A000AFF950E8001F41F48041EEF77CF8F8D116
:1023B000BFF35F8F2568D5F8B40020B9EEF756F962
:1023C000C5F8B40040B1C18911F0240F04D0407B9E
:1023D00080075CBF032070BDC048006820B1204664
:1023E000BDE8704000F022B8EEF78AF950E8001F0F
:1023F00041F04001EEF757F8F8D1EEF7B0B800BF62
:102400006480110125633A2052656D6F74652069FF
:1024100073207573696E6720446562756720507517
:10242000626C6963206B65790A000000F8B50446A8
:10243000EEF7D3F9400407D455484022016804F26E
:102440000F10FBF707F970B320460C21FFF756F881
:10245000002851D0054608304021FBF72BFB4C4F9C
:10246000202206463968FBF70AF9396806F1200090
:1024700020222031FBF703F9EDF7CAFF94F8C020C2
:10248000052A15D804F1BC05DFE802F00316300375
:102490001238EDF757FFEDF711FFFCD1EEF7FAF820
:1024A00000285ED0F8BD3FA05721FCF7DDFA23E0FD
:1024B0003B48EEF7CCF81FE0EDF744FF50E8001F73
:1024C00041F00801EDF7EFFFF8D1EDF769FF55E8AE
:1024D000000F40F48060EEF730F9F8D12D49BFF3DA
:1024E0005F8F20680968496888473AE004F5C8703A
:1024F0000421F3F7D9FD38B10820F8BDEDF722FF2C
:10250000EDF7DCFEFCD12AE00020234984F8940199
:10251000D4F89001B0FBF1F202FB11001D4AC4F89F
:102520009001106890B1006880B1BFF35F8F55E8EB
:10253000000F40F40060EEF700F9F8D1BFF35F8FB1
:1025400012682068D4F8901112689047EDF7FAFEEF
:1025500050E8001F41F00801EDF7A5FFF8D1BFF3E7
:102560005F8FBFF35F8F55E8000F40F08000EEF7FC
:10257000E4F8F8D10948BFF35F8FEEF72EF9C005F4
:1025800044BF0020F8BD2046BDE8F840FFF71AB868
:10259000382010008412100040420F004813100031
:1025A000538F110125633A2052656D6F7465206960
:1025B00073207573696E67206964656E7469636101
:1025C0006C207075626C6963206B65790A0000008D
:1025D00010B5044600F5D470F9F7B9FC002104F1F8
:1025E000B80084F8C010BFF35F8F50E8002FEDF7FC
:1025F0005AFFFAD1BFF35F8F04F1BC010022BFF391
:102600005F8F51E8003FEEF73EF8FAD1EDF7C8FED4
:1026100050E8001F41F00201EDF745FFF8D1BFF38C
:102620005F8F10BD072070471CB513460A4604464D
:102630000068002100910621F3F748FA054804F5E7
:10264000D47143F69822002302B0BDE81040F9F798
:10265000A9BC00BF70171000F8B590F8C020044660
:10266000501E022807D3002772B1032A0CD01C4841
:10267000EDF7EDFF1FE094F89401D4F8901121FAE2
:1026800000F7154860F35F0720460321FEF736FF89
:1026900088B10546EDF769FE1049009004F1DF02AC
:1026A000FBB20E6804F20F113046FFF70DF820B1AF
:1026B0002846FBF76FFA0820F8BDEDF7A9FEEEF704
:1026C0001FF850E8001F21F00101EDF7ECFEF8D1F2
:1026D0000020BFF35F8FF8BDC0FFFF7F38201000E0
:1026E000538F110170B504210446FEF707FF48B16E
:1026F0000546EDF73AFE04F1DF01EDF75FFEEDF779
:10270000F5FE00E00826304670BD07207047000047
:1027100010B5044608A0EDF788FEA4F5D470082192
:10272000FFF7A4F9A4F1EC00BFF35F8FEDF7C6FD4E
:10273000FCD1BFF35F8F10BD25633A20534D50206D
:1027400054696D656F75740A0000000081B0C0B5F2
:10275000039303AB009303F031FABDE8884001B066
:102760007047000000487047000C000110B5EEF7FC
:102770004FFC0F4C206800F00F00072803D0206F9B
:1027800040F07000206748F63000C4F880000A204E
:1027900003F0FEFF0020C4F8800006A0FCF764F9F7
:1027A000616E226F09A0FCF75FF9002010BD00BF29
:1027B000A0000040736F6320636C6F636B20696ED1
:1027C000697469616C697A65640A00005243363441
:1027D0004D5F43544C3D307825782C2052433332A2
:1027E0004B5F43544C3D307825780A001CB50020DF
:1027F00069460422CDE9000024A0FBF707FB04464C
:10280000012806DB684600210A2200F0E0FC019066
:1028100078B920A02146FCF727F901A8F7F72AFF8D
:10282000014608B9019820B922A0FCF71DF908203B
:102830000190284C216821F47C5141EA002020605D
:1028400025A02168FCF710F9EEF718FB206940F08D
:102850000100206100206061022060616069C006A3
:10286000FCD5A0690021616142F2107188421E49C5
:102870004FF0000088BF01200870206920F001009F
:1028800020611AA0FCF7F0F800201CBD4F53435FF5
:1028900043464700676574206E7672616D206F73E2
:1028A00063206661696C6564202865727220256406
:1028B000290A0000676574206566757365206F736B
:1028C00063206661696C65642028657272202564E6
:1028D000290A000000010040484F53435F43544C15
:1028E0003A2025780A000000901E1000736F6320C4
:1028F000636C6F636B206C6174657220696E6974C0
:1029000069616C697A65640A00000000014806216B
:10291000EEF794BBA87A110170B5FBF77BFE044675
:102920004FF02000EFF3118580F31188BFF36F8F14
:10293000204600F091F900F041FFFFF7E7FF00F0BB
:1029400075FE164E3078032808D3154815490068DF
:102950000A68C0F3C01114A0FCF786F824B900F08F
:1029600061F908B100240CE02046F6F7C9FC0446E2
:102970003078032805D30B482146026813A0FCF7E2
:1029800073F800F021FF002C18BF0124204600F04E
:102990002DF885F31188BFF36F8F70BD0E04100002
:1029A0002C40004080E200E0627420636F7265207A
:1029B0007374617475733A2564206972712070654F
:1029C0006E64696E673A307825780A0065786974B4
:1029D0002064733A2564206972712070656E6469A1
:1029E0006E673A307825780A00000000C0B110B553
:1029F0000C4CE020A0720020E07120706070A0708C
:102A0000E06840F4E020E06003F088FB03F03AFA6D
:102A10004FF0FF3020616061BDE8104003F084BBDF
:102A2000704700BF18ED00E000F0BEBE10B54FF0DB
:102A30002000EFF3118480F31188BFF36F8F00F053
:102A4000ADFE84F31188BFF36F8F10BD70B50446DF
:102A50000B46080502D018A0194604E01D480442A0
:102A600006D01DA02146FBF7FFFF6FF0150070BDDB
:102A7000002A1D46284818BF45F000450726002EAD
:102A800004D4016849B10838013EF8E723A019468B
:102A9000FBF7EAFF6FF0010070BD2B481A46314684
:102AA0002346FBF7E1FF304621462A4600F04EF868
:102AB000EDF719FB002070BD696E76616C696420CA
:102AC0006E6F72207068792061646472203078259E
:102AD000780A0000F0FF1F00696E76616C6964205F
:102AE0006370752061646472203078257820666F89
:102AF00072206D617070696E6720746F20324D4274
:102B00002C206269745B347E32305D206D75737485
:102B100020626520300A00003803014063616E6E58
:102B20006F7420666F756E6420736C6F7420746FA1
:102B3000206D6170206E6F7220706879206164640E
:102B40007220307825780A00BB83110107280DDC3C
:102B5000074BB1F1807F98BF4FF080711940054B52
:102B6000013143F8301003EBC0004260704700BFF2
:102B7000F0FFFF0100030140BCB5204C9921332236
:102B8000206861F307001E49206000206060A1609A
:102B9000216862F30F2102222160216862F315513E
:102BA00021608DF807000DF10700E568F7F76EFD6D
:102BB00014489DF8071028408A1C0D2988BF0F2251
:102BC00040EA02208DF80720E0600F48006800F01E
:102BD0000F00072805D14FF04020016841F0800127
:102BE0000160E069094908430BA1E06108482062DF
:102BF0000848FBF739FF0020BCBD00BF044000407F
:102C000000E0CA6BDFF0FEFFA00000400000304F84
:102C10000AAA200009891101736F635F706D5F69F3
:102C20006E69740010B51D480A4A002106290CD0AF
:102C300010F811303BB100EB41035B78146824FAC3
:102C400003F3DB0701D10131F0E70020062938BF8B
:102C5000012010BD80E200E0B0B50F490A68C1F85C
:102C600080204FF0FF32C1F8802118B14FF0806012
:102C70000860B0BD094B002201240020062AF7D0CD
:102C800013F812502DB103EB42056D7804FA05F5E7
:102C900028430132F2E700BF00E100E0CC801101DF
:102CA000002070478268B2F5004F3CBF002070479B
:102CB00080B5F5F7CFFE0138B0FA80F0400980BD4D
:102CC00010B5C0684FF02003EFF3118483F311882F
:102CD000BFF36F8F4FF4D2731B68DB69984784F39F
:102CE0001188BFF36F8F10BD406801231360086027
:102CF0007047B0B5C0684FF02004EFF3118584F33E
:102D00001188BFF36F8F4FF4D27424686469A047B1
:102D100085F31188BFF36F8FB0BDB0B5C0684FF0B9
:102D20002004EFF3118584F31188BFF36F8F4FF404
:102D3000D2742468A469A04785F31188BFF36F8F0C
:102D4000B0BD00207047F8B5EDF7D1FAA91B04EB30
:102D5000C602A668471A4B0004EBC500B6F5004F43
:102D600008D353607A00C0E90012A068C60B18BFF0
:102D7000012604E00180002679005380418020462E
:102D80002946FDF7D7F816B144F83070F8BD24F89D
:102D90003070F8BD80B58CB01E481F49EDF71CFAA5
:102DA0000620214B03228DF8170041F61F00ADF8D5
:102DB0000A0040F20110ADF8180040F60920ADF805
:102DC00020000DF1170007901448039013A04168EC
:102DD0000089ADF8140040F203200491ADF82800FA
:102DE00003A809900DF10A000B900120009003F157
:102DF000080006A9EDF767FF20B101460BA0FBF71D
:102E000033FE04E0EEF788FB12A0FBF72DFE0CB0BA
:102E100080BD00BF50121000DD14100143474D5318
:102E20005F44656D6F000000E0031000416476654B
:102E300072746973696E67206661696C6564207479
:102E40006F20737461727420286572722025642962
:102E50000A0000004164766572746973696E6720C8
:102E60007375636365737366756C6C7920737461D5
:102E7000727465640A00000008288EBF02A005A1D4
:102E800051F82000704700BF28756E6B6E6F776E2B
:102E9000290000001F8D11012C8D1101408D1101A1
:102EA000558D11017D8D11016D8D1101658D110102
:102EB000228D1101628D1101B0B5064C064DAC4258
:102EC00024BF0020B0BDD4E901122046F9F722F951
:102ED0001434F4E7F8091000F809100080B5F2F78F
:102EE000DBFFEEF723FB02A0BDE88040FBF7BCBD93
:102EF00073746F705F6164760A00000010B51B4C3C
:102F00001B494FF4BC5000222061A1614FF4841092
:102F100001F5CF412273C4E9001016480021F9F7EA
:102F2000DBFA2068217BA060F4F75EFA217BA068C1
:102F3000FBF756FEA0691049884215D2081A0330E3
:102F400020F003010D48E1610078032804D32269D1
:102F50000B48FBF789FDE1692069814284BF0020AD
:102F600010BDA069FBF72AFE012010BD240D100042
:102F700000301000051610018C2310000E04100004
:102F8000E883110110B50B688A6853B14C68A242FE
:102F900007DA013CA24207D1541C8C6000219954ED
:102FA00010BD01328A6010BD541C8C60985410BD55
:102FB000C9B202788A4203D00AB10130F9E7002091
:102FC000704702780B789A4203D112B10131013077
:102FD000F7E7D01A704700228B5C13B1835401329B
:102FE000FAE7002181547047014600200A5C0AB1CB
:102FF0000130FBE7704770B501240023013A43F12B
:103000000005DCB1D5B10B78A3F141041A2C38BF0F
:1030100020330478DDB2A4F141031A2B234638BFD4
:103020002033DEB2AE4202D101300131E5E74FF08C
:10303000000388BF0123AE4238BF013B184670BD74
:1030400010B542B10C780378A34207D12BB1013AF5
:1030500001310130F5E7002010BD0024181B10BD20
:10306000B0B500239A4204D0CC5C14B1C4540133EF
:10307000F8E7D11A00220024A14208BFB0BD05190B
:103080000134EA54F8E702460020135C1BB1884281
:1030900001D20130F9E770472DE9F0410C460546B1
:1030A00014F8017B9FB12046FFF79EFF80462878E9
:1030B00058B12E460135B842F9D12846214642463C
:1030C000FFF7BEFF0028F2D102E0002600E02E4606
:1030D0003046BDE8F0812DE9F04788468146034639
:1030E00013F8010B2028FBD0A0F10E0111F1060FFF
:1030F000F6D82D2818BF2B2802D113F8011B00E0A9
:10310000014622B1102A08BF302912D101E030292E
:1031100009D1197841F02001782906D159789C1CF1
:103120001022234605E00A2203E0002A08BF0822F5
:1031300030216FF0004A2D2808BF4FF0004ABAFB3B
:10314000F2F45F1E0023002504FB12ACA1F130064F
:103150000A2E0FD341F020067B3E16F11A0F1FD323
:10316000A1F15B0616F11A0F6FF0360638BF6FF04B
:1031700056060E44964213DA002D04D54FF0FF3563
:1031800017F8011FE2E7A342F8D805D1664503DD31
:103190004FF0FF352346F3E703FB02630125EFE71A
:1031A000B5F1FF3F04DD2D2808BF5B429A4603E0DE
:1031B00003F0B6FD26210160B8F1000F04D0002D08
:1031C00008BF4F46C8F800705046BDE8F0872DE9AB
:1031D000F8438846814610F8011B2029FBD0A1F155
:1031E0000E0313F1060FF6D82D2918BF2B2902D193
:1031F00010F8013B00E00B4622B1102A08BF302B2B
:1032000012D101E0302B09D1037843F02003782B51
:1032100006D14378841C1022204605E00A2203E0F0
:10322000002A08BF082230234FF0FF34461E00203A
:10323000B4FBF2F707FB02F46FEA040C0024A3F1DD
:1032400030050A2D0FD343F020057B3D15F11A0FF1
:103250001FD3A3F15B0515F11A0F6FF0360538BFC8
:103260006FF056051D44954213DA002C04D54FF03B
:10327000FF3416F8013FE2E7B842F8D805D16545BA
:1032800003DD4FF0FF343846F3E700FB0250012422
:10329000EFE7B4F1FF3F03DD2D2908BF404205E011
:1032A00003F03EFD262101604FF0FF30B8F1000F22
:1032B00004D0002C08BF4E46C8F80060BDE8F88373
:1032C000044A0021102908BF7047435CD35C435473
:1032D0000131F7E7647F110180B501460148024AD8
:1032E000EEF774FAD022100025231001026801467F
:1032F00000208A4207D0D2E90013196053684B605E
:10330000C2E9000010467047006870472DE9F04799
:103310000F4649420468154601EA0706B7420DD137
:10332000A16800260422B6EBD13F18BF0822BA429A
:103330000FD32946BDE8F04700F066B8A168002029
:103340000422B0EBD13F18BF0822964238BF324664
:10335000BF1B4FF00009002D53D0B1EBD50F50D952
:10336000B9EBD13F4FF004004FF0040A18BF08201A
:10337000A91A394408440730C1082046EEF7F3F88B
:1033800000283ED0A168804604EBC000C90B18BFDE
:103390004FF0080A504430447A4238440138104013
:1033A000A0EB060900296FF0030009EB050118BF27
:1033B0006FF007000731484421F00701001B091B8B
:1033C000C708CD10B8EBD00F08D2204641463A4688
:1033D000FFF7B9FC20464146F6F75BFE204639462A
:1033E000FCF7A8FDA84208D9204639462A46FFF72F
:1033F000AAFC20462946F6F74CFE20463946ECF753
:103400001DFF4846BDE8F087F8B591B30468002673
:10341000A068B0EBD10F2DD90422B6EBD03F18BF76
:10342000082288180730C70820463946EEF79BF86F
:1034300000B3054620462946F5F70CFBB84209D9EA
:10344000EE19204629463246FFF77DFC20463146DC
:10345000F6F71FFE20462946ECF7F0FEA068002193
:103460000422B1EBD03F04EBC50018BF0822861838
:1034700000E000263046F8BD0068F8F763B9B9B13E
:10348000B0B5046800226FF00303A068B2EBD03F30
:1034900018BF6FF00703C818001BC508204629464F
:1034A000FDF7ECFC20462946BDE8B040F6F7A3BD89
:1034B000704700002DE9F041CB1D23F007040023E5
:1034C00004606FF00300C4E90033E360B3EB924F94
:1034D00018BF6FF0070008444FF0FF311044001B85
:1034E000C508A560B3EB904F18BF6FF0010101EB69
:1034F000D00100270131B1FA81F29421A1EB8201C0
:10350000C2F120061C4A9446BE4204D004EB870256
:1035100001371361F8E7CE084FF0000871006045ED
:1035200094BF6180616020460021ECF787FEA91BF3
:10353000A76804EBC50004EBC6024B00B8EBD73F0D
:103540000AD0536044F83660A268B2F5004F05D344
:103550000022C0E9001204E016805380018000219F
:10356000418020462946ECF769FE20463146BDE8F9
:10357000F041F6F78EBD00BFFFFF030010B500213C
:10358000082908BF10BD81F00F03425CC45C44549D
:10359000C2540131F4E70F22531C08BF70478B5C03
:1035A000013A00F8013BF7E7013922B18B5C013A9F
:1035B00000F8013BF9E77047B0B51B4C00213822F9
:1035C00000252046FAF7A1F806482821C4E9025050
:1035D000207800F0FE00207004F11000ECF7D2FD1E
:1035E000B0BD00BFEF0910010F490A7802F0FE02DA
:1035F0000A70421C08D00022013042F100025FEA4A
:1036000052034FEA300203E04FF0FF324FF0FF3336
:1036100001F10800F8F7B0BC0348017841F001015E
:1036200000F8081BF8F793BC881610000649074AF3
:103630000020042808BF704751F820301B6842F86A
:1036400020300130F5E700BF7C081000000D1000AD
:1036500022B108C8013A1B6808C1F9E770470000A9
:1036600080B5FAF7D7FF00B980BD03A0FBF7FCF9DE
:10367000002000F059F800BF737720706F776572F3
:103680006F6666206661696C2C206E6565642072C9
:1036900065626F6F74210A00014801210170704753
:1036A000A80D10000148012141707047A80D1000BD
:1036B00080B50EA0FBF7D8F94FF02001EFF3118091
:1036C00081F31188BFF36F8FFAF7EDFF40B90C4813
:1036D000012101600B48016042F21070F8F735FCDF
:1036E00009A0FBF7C1F9002000F01EF8737973748C
:1036F000656D20706F77657220646F776E0A0000C9
:103700006810004014400040706F7765726F666605
:10371000206661696C2C206E656564207265626F3D
:103720006F74210A0000000010B504460CA0214669
:10373000FBF79AF94FF02001EFF3118081F3118824
:10374000BFF36F8F24F0FF000C4C0D49C4E90A1041
:103750004FF4FA70F8F7F9FB5F202060FEE700BF36
:1037600073797374656D207265626F6F742C207449
:103770007970652030782578210A000040C000402B
:1037800052424F5410B5013A002A05D450F8223065
:1037900051F822401C60F6E710BD000005480649BC
:1037A0000122FFF755BF00BF024803490122FFF77E
:1037B000E9BF00BFC0801101100D10000548064987
:1037C0000222FFF745BF00BF024803490222FFF76C
:1037D000D9BF00BFC4801101140D10000B0E117170
:1037E0001070D3710B0C090A5171010E9371D170D5
:1037F000010C000A91705070704710B50023044608
:103800001A46236863B18B421C46F9D10B6842B15A
:10381000136043688B42134600D143600020086068
:1038200010BD426803608A42F8D1F6E7014600689D
:1038300028B102684B680A60834208BF4A6070473B
:10384000136841B10B60436893420B4600D143605B
:10385000002010607047416803609142F8D1F6E79C
:10386000B0B5154C002114222046F9F74EFF642014
:103870001E21204D6422C4E90010207C572100F055
:10388000F80020740DA0A8474FF0FF304921A06038
:1038900019A0A84700F0A2F81E48FAF7A3FE626834
:1038A0001DA04921A8470220FDF704FB0320FDF7D6
:1038B000FDFA0020B0BD00BF9820100025633A201B
:1038C0006175746F207374616E6462792074696DC0
:1038D0006520746F6F20736D616C6C20616E642065
:1038E000757365642064656661756C743A25646DF2
:1038F000730A000069EA100125633A206469736164
:10390000626C65206175746F20706F776572646F8B
:10391000776E0A004408100025633A207374616EC4
:103920006462792074696D65203A2025646D730A9C
:103930000000000010B5012101FA00F24FF0200351
:10394000EFF3118183F31188BFF36F8F274B1C684E
:1039500028B114EA020002D06FF0100003E000204A
:103960002243C3E9002081F31188BFF36F8F10BD9C
:10397000B0B501464FF02000EFF3118480F31188B9
:10398000BFF36F8F6FF0020081B1184D012202FA70
:1039900001F12A6812EA010308D032EA0100286026
:1039A00003D103F06BF940006860002084F31188B4
:1039B000BFF36F8FB0BD00BF0C480068704700BFF9
:1039C00010B50A4C0020216831B9616821B103F0BB
:1039D00055F96168C1EB400010BD00BF80B503F030
:1039E0004DF9024940004860002080BD840D100060
:1039F00080B5F9F717FFFFF7DFFDFFF731FF9620DE
:103A0000BDE88040FFF7F0BD022808BFF5F7EABB2C
:103A1000012802D018B9FFF7BDB9FFF75FBA01A0BE
:103A2000FBF722B8756E6B6F776E20626C655F6511
:103A300076656E7420636F64650A00004FF02000A5
:103A4000EFF3118180F31188BFF36F8F81F3118839
:103A5000BFF36F8F0020704740B139B10022102AA8
:103A600006D08B581BBA83500432F8E70020704709
:103A7000F0B5DFF860E000210FF25C0C282904BFEC
:103A80000120F0BD00EB81040E1DE568B7071AD1D7
:103A90004FEA3567C7F307423B0E1EF802201EF8B7
:103AA0000330120442EA0362C7F307231EF803300F
:103AB00042EA03225FFAB5F31EF803301A445CF8B9
:103AC000063082EA030550F8212001316A40226164
:103AD000D4E700BF647F1101000000000000000176
:103AE00000000002000000040000000800000010B8
:103AF0000000002000000040000000800000001BCB
:103B00000000003600284AD02DE9F04F8DB0144651
:103B10000A46002941D0002C3FD0019005AE10216B
:103B200010234FF0100A3046ECF780FE3046214655
:103B30000494EDF727FC06F10C00DFF88CB006F1D9
:103B4000080706F10408039009AC04F10C0004F125
:103B5000080504F1040902903046FFF7B1FB304636
:103B6000FDF7E4FBBAF1A00F1BD020463146D84741
:103B700048464146D84728463946D847DDE902013C
:103B8000D8473046ECF762FB049800EB0A01304658
:103B9000EDF7F8FB0AF1100ADEE7002011E0002043
:103BA0007047049805AC00F1A0012046EDF7EAFB50
:103BB0000198ECF74BFB204600211022ECF712FF96
:103BC00001200DB0BDE8F08F29D8100130B180B5CB
:103BD00000215822ECF706FF012080BD002070472D
:103BE00040B170B50C4639B1616C0546102905D15C
:103BF00010200FE000207047002070BD04F1300657
:103C0000C1F1100270180021ECF7ECFE606C80210D
:103C10003154202020440021102909D06318425C2F
:103C200093F830305A40635C5A4062540131F3E7F4
:103C3000A26C28462146FFF765FF2046FFF7C6FF26
:103C4000012070BDB0B5002480B1002110220546CE
:103C5000ECF7C8FE05F1300000211022ECF7C2FE9F
:103C60004FF480306C64C5E9144001242046B0BD97
:103C700038B370B50D4631B31646002158220446BC
:103C8000ECF7B0FE30462946A664FFF7E5FE204675
:103C900000211022ECF7A6FEA26C20462146FFF779
:103CA00031FF04F1100521462846F6F729FD04F1FD
:103CB00020002946F6F724FD2046FFF7C3FF012028
:103CC00070BD00207047002070BDE8B1F8B5144603
:103CD000002A48D00E46C9B10546D0E9141051EA71
:103CE000000213D0013960F10000C5E91410696CBD
:103CF00089B36818C1F110073030BC4208D2ECF724
:103D0000FEFA686C04442DE0002070470020F8BDE6
:103D1000394632463B46ECF789FD0020E41B6864D7
:103D2000102807D02A18295C92F8302051402954D5
:103D30000130F5E7ECF78FFA3E440CE00020102844
:103D400005D0315C2A5C514029540130F7E7ECF78B
:103D500082FA103C1036112CF0D224B105F130005B
:103D6000ECF7CDFA6C640120F8BDB0B50546002033
:103D7000FDB120291DD11446DAB12846214600F0B4
:103D8000E9F8204600F032F904F1B0012046402263
:103D900000F058F920462946202200F053F9284621
:103DA000214600F0D7F820460021F022ECF71AFE59
:103DB0000120B0BD58B110B5044600F017F904F168
:103DC00070012046402200F03DF9012010BD002086
:103DD000704758B12DE9F843144622B10D4611B190
:103DE000B5F5002F04D90020BDE8F8830020704706
:103DF0000646D4F8300180B3013804F5887904F11F
:103E0000F008C4F83001EDB120464146202200F010
:103E100061F8ECF738FB20464946202200F092F882
:103E20004846ECF71DFA2027202D30464A4638BF79
:103E30002F4639463B46ECF7F9FC203D3E4438BF5F
:103E40000025E0E70020002100220023009020460A
:103E500000F08CFE0120BDE8F8834FF0FF30BDE894
:103E6000F883F8B5D0B100240F46C1B11646054617
:103E7000F03000212022ECF7B5FD05F58870012116
:103E80002022ECF7AFFD2846394632460023009445
:103E900000F06CFEC5F83041012400E0002420460B
:103EA000F8BD10B109B1202A01D2002070471CB51D
:103EB00004461BB1049818B900201CBD0020002343
:103EC0000090204600F052FE4FF0FF30C4F8300161
:103ED00001201CBDE8B1F0B5CDB00E46B9B1154614
:103EE000AAB10446402D16D86F46384600F07EF839
:103EF0003DA938462A4600F0A5F807F1900039465A
:103F000000F028F804F1700031462A4615E0002040
:103F100016E000207047204600F068F82046314641
:103F20002A4600F08FF804F190052146284600F05B
:103F300011F804F1700029462022FBF79CFF0120B4
:103F40004DB0F0BD20B180B500F07CF8012080BDFF
:103F500000207047002845D0F8B50C46002943D012
:103F60000546A26ED4E9080104F1280610EBC20050
:103F700002F1010341F10001A366C4E908018020B8
:103F8000B054A76E392F0BD3F019C7F140020021AE
:103F90000027ECF727FD20463146F4F7B5FEA7666B
:103FA000F019C7F1380200210027ECF71BFDD4E916
:103FB000080100BA09BAC4E9181020463146F4F7DE
:103FC000A3FE082F07D054F8271005EB8700013710
:103FD00009BA0160F5E7204600217022ECF702FDE6
:103FE0000120F8BD002070470020F8BDC0B1F8B531
:103FF000002170220446ECF7F5FC0A480F4F0A49ED
:104000000A4A0B4B0B4D0C4E84460D48C4E9026521
:10401000C4E90432C4E9061CC4E900070120F8BD64
:104020000020704719CDE05BABD9831F8C68059BDE
:104030007F520E513AF54FA572F36E3C85AE67BBC9
:1040400067E6096A38B32DE9F0410D4629B31446F5
:10405000F2B1064600F128074FF00008C4B1B16E76
:1040600015F8010B4A1CB2667854B06E40280DD387
:1040700030463946F4F748FED6E90801C6F86880AC
:1040800010F5007041F10001C6E90801013CE5E7C7
:104090000120BDE8F081002070470020BDE8F081DC
:1040A00000F0BABA80B528B1F8F732FA10B1017849
:1040B00001B180BD00A080BD756E6B6E6F776E0024
:1040C000283800F00BB8000001460020C1E90100CB
:1040D000C8600148F8F7A8B8680A100070B504462F
:1040E0004FF02000EFF3118180F31188BFF36F8F41
:1040F000206A88B10268636A2262834208BF6262F2
:1041000081F31188BFF36F8FD0E90165FFF7DCFF02
:1041100020462946B047E3E781F31188BFF36F8F4C
:1041200070BDF0B5002364240A2515E0D7B2E6B2CD
:10413000B7FBF6F6BC4205D9012C03D01F0601D10E
:10414000002305E006F130070133013900F8017B57
:1041500006FB1422B4FBF5F40E0618BF002CE5D1C3
:104160000EB100210170D8B2F0BD000080B510483A
:104170001049064AC0E916210B200021002201F057
:10418000DDFF0B20BDE88040EDF7CABAC40810007F
:1041900080B507480749084AC0E918210C200021CA
:1041A000002201F0CBFF0C20BDE88040EDF7B8BA4B
:1041B000000C10009D431101DC08100040687C4990
:1041C0000068C2680A4204BF0020704710B5C26888
:1041D000C368C468C1600549C2F3C0000B4218BF80
:1041E0000430022101EA9451084410BD040040004B
:1041F000B0B5406800240368E0B2151A012D06DB53
:10420000DD686D0603D4085C01349860F4E7022190
:10421000D960B0BDB0B5406800240368E0B2151A9B
:10422000012D06DBDD68AD0603D45D6801340D5455
:10423000F4E70121D960B0BD80B50A46C1681046D7
:104240000822F9F71CFA002080BD0000F8B5456887
:104250000446C668E87B2F68ECF70DFE287CECF777
:10426000C3FF3868000402D5F8688002FCD49B487C
:104270003860A868297BECF767FF064870606869BA
:104280003060204600F008F8606881692046884761
:104290000020F8BD0001030010B5C16843688A79A9
:1042A00048790C7902F00302032808BF0432186829
:1042B000631E032B0AD8DFE803F00208040640322D
:1042C00004E0503202E0703200E06032036823F014
:1042D00077031A430260026822F4004202600A4A2D
:1042E0000968B2FBF1F303FB112202EB5102B2FBAE
:1042F000F1F1194441EA01410161016841F40041D1
:1043000001602B49C16010BD00366E01C068C0E974
:1043100003127047406801680868000346BFC86818
:10432000C0F3400000200A68520346BFC96801F08C
:10433000010100210843704740680068016821F4CA
:1043400080210160704740680068016841F4802165
:1043500001607047406801210068C06821EA501080
:10436000704740680068C06800F48060704740682B
:104370000068016821F4002101607047406800680E
:10438000016841F400210160704740680121006824
:10439000C06821EA90107047012070474268044BC2
:1043A000C1681268D360CA680AB1096910477047CA
:1043B0001C00C00080B540680022017B806800F0CE
:1043C0000BF8002080BD80B540680122017B806829
:1043D00000F002F8002080BD2DE9F84391460D461B
:1043E000064600240FF23C08AC42A8BFBDE8F883A3
:1043F00056F83400B9F1000F06D006EBC40779680F
:10440000ECF782FE7F6805E04FF480514FF480574F
:10441000ECF77AFE56F8341040463A46FAF724FB99
:104420000134E1E770696E3A25642C206D6F646594
:104430003A307825780A000070B5012927D1054661
:1044400010680138062840D80FF206010024DFE882
:1044500000F0041F213C1F1F1F006C681C482668C9
:10446000864214D0E07BECF706FD207CECF7BCFE26
:104470003068000402D5F0688002FCD41748306030
:10448000A068217BECF760FE2846FFF705FF0024BB
:10449000204670BD6D680E482E688642F8D0E87BD5
:1044A000ECF7E6FC287CECF768FE3068094900224E
:1044B000084009493060287B9042E8D0AB6853F847
:1044C0003230013241F82340F6E76FF00204DFE7B3
:1044D00000800340FF7FFF0F04800640038000F050
:1044E00040680068C2689206FCD4406808700020EA
:1044F000704740680068C2685206FCD4816070470B
:1045000010B50446C0680822F9F7B9F82046FFF74D
:10451000C3FE002010BD000010B507A002F014F982
:104520000749084C08602046ECF77AF92046ECF77A
:1045300071F9002010BD00BF554152545F3000009A
:10454000A0211000D992100102494A685206FCD4F9
:104550000860704708800340F8B50C460546EEF742
:1045600075FF88B1074680780026012804D1D7F866
:10457000B400C7F8B460064638461321EEF754FE7F
:104580003846EFF707FB2EB928462146F0F7F6FF2D
:10459000064610B13046F0F7BBFF28462146EFF73C
:1045A00045FE0548006830B1026A22B1284621461E
:1045B000BDE8F8401047F8BD8412100002460878A4
:1045C0001146FFF7C9BF10B504468068214602F0C6
:1045D0000FFC0020A060607B00F0FD00607310BD48
:1045E00010B5044690F90D00B0F1FF3F08DC094812
:1045F0002146383002F0FCFB607B00F07F006073E6
:1046000004484069001BB0FA80F04009BDE8104042
:1046100000F00ABCB80D100070B586B0044610B9A1
:1046200002F0C6F80446D4E928010844224908608B
:104630002046F7F76DFF054602F0BAF80646204619
:10464000F7F76AFF00901DA01DA1A6421DA32246F8
:1046500008BF01461CA0002D18BF2B46FAF704FA2C
:1046600002F0A6F884420AD0D4E9150101F1200530
:104670000290D1E905010395CDE904010DE0F7F7BA
:104680004FFD98B1EFF30980D0E9051200F1200544
:10469000606D0395CDE90412029002A800F04EF877
:1046A000284606B0BDE8704000F0E4B906B0BDE8A9
:1046B000704000F019B800BF8C0D10002A000000F7
:1046C000200000004E4100000A202573257020259F
:1046D000732073746174653A202573206261636B83
:1046E0007472616365200A001FB5F7F719FD10B1F8
:1046F000EFF3088401E0EFF309840194704602901F
:10470000784603907846009007A0FAF7ADF9AF49D4
:1047100004F580600860684600F010F8204604B098
:10472000BDE8104000F0A6B973686F77206375721A
:1047300020737461636B3A0A000000002DE9F04FAA
:1047400095B002AE8046A24A002106F11000009109
:1047500001909E488346D8F804900068D8F80C5021
:104760004845CA4688BF8246002808BF09F5807AB6
:104770009542C0F01C819748854200F21881DBF811
:1047800004308BB9954B944898420BD2191A0911F1
:1047900000EBC1010A4652F8084BA40F14BF1046A3
:1047A0000B46F1E7CBF804308B498C488D423CBF77
:1047B00018460B46E91A21F00041A0F10802934285
:1047C0000DD2C21A121153F83240A1EBC20703EB0B
:1047D000C202A7422ABF134610463946EDE71868C1
:1047E000884200F2C7800020D8F80810CDF83C902D
:1047F0001F461190D8F8000010910D9057F8044F03
:10480000012C00F0D480002C06D444F31E00C259C1
:10481000600007EB600706E004F07F40B0F1004F56
:1048200040F0C080224602F07F401297B0F1014F65
:1048300006D0B0F1004F40F0B1800220012102E02B
:10484000012050FAA2F1149013914846012979DB16
:10485000EBF7D1FC074600F0C000402805D098B91E
:104860000F9800EB8700043004E0B8000F99C0B245
:10487000081A04380F900F984845C0F098805045AA
:1048800080F095801399E1E707F0F000A02828D088
:10489000902814D0802816D10F9CEBF7ACFC40EA8E
:1048A000072210466FF31F30002861D0019938B3FA
:1048B000C2071CBF04CC0A6004314008F7E707F0C8
:1048C0000D000D2820D1F8B2B22831D0B12820D067
:1048D000B02858D1119808B9109811900020139061
:1048E000C9E70F9907F00702019B0132081D10C9A3
:1048F0001AB110C3013A0430F9E7CDE90F04BAE761
:10490000B80758BF0F94B6E707F00F0056F820001D
:10491000B0E7EBF770FC411E0E2938D80F993246EC
:1049200070B1C3071CBF08C9136004324008F7E721
:10493000EBF761FC0F9901EB800000F5017099E73E
:104940000F9198E7DDE91021002908BF1146D8F83A
:104950000C308B422BD00D9BC8E90221C8E90030F6
:10496000284600F0E3F80120194A00905846F1E685
:104970001CA00FE03D4857212A46FAF775F8D8F8F1
:104980000C203B4806E02DA057213A4603E040F4B6
:10499000314221A05721FAF767F808E03248572141
:1049A0003B4602E00E4857212246FAF75DF8009890
:1049B000C00704D1D8F80810284600F0B7F8002046
:1049C000CBF8000015B0BDE8F08F00BF8C0D1000D3
:1049D000F000100164751101647511016475110115
:1049E0006181110125633A20756E77696E643A2002
:1049F0002752656675736520746F20756E77696ED2
:104A0000642720696E737472756374696F6E2025F4
:104A100030346C780A0A000025633A20756E776995
:104A20006E643A20537061726520656E636F6469CD
:104A30006E67202530346C780A0A000025633A201E
:104A4000756E77696E643A20556E68616E646C6548
:104A50006420696E737472756374696F6E2025309B
:104A6000326C780A0A000000A88111010682110147
:104A7000E2811101F8B504460EA011A12246F9F712
:104A8000F3FF124E00270FA5402F0DD054F827102A
:104A90002846F9F7E9FF07F00700072802D130465A
:104AA000F9F7E2FF0137EFE70848BDE8F840F9F70A
:104AB000DBBF00BF25733D3078253038780A000011
:104AC00073703D0025303878200000005F811101AF
:104AD000B0B5426C002A09DD036C846C1D68E100EE
:104AE00025FA01F1C9B23CB1621E0AE006A05721C5
:104AF000F9F7BAFF002105E0013A0433C0E91032AA
:104B0000032282640846B0BD25633A20756E77693A
:104B10006E643A20436F727275707420756E776997
:104B20006E64207461626C650A0A00000A460146E0
:104B300001A0F9F799BF00BF46756E6374696F6E87
:104B400020656E7465726564206174205B5043203B
:104B50003C2530386C783E5D2066726F6D205B506E
:104B600043203C2530386C783E5D0A002DE9F84F33
:104B70000446002090460F46202299468DF80300F7
:104B8000012004F1F0068DF8020020463146FFF7BF
:104B9000A1F9EBF778FC04F5887520462022294618
:104BA000FFF7D0F90DF1030120460122FFF7CAF902
:104BB000DDF828A03FB1B8F1000F04D020463946F7
:104BC0004246FFF7BFF9BAF1000F5046494618BFF9
:104BD0000120B9F1000F18BF012101EA000BBBF160
:104BE000010F04D1204649465246FFF7ABF9304643
:104BF000EBF736FBEBF788FBEBF745FCEBF70CFD2F
:104C00002846EBF72DFB4FB3B8F1000F26D0EBF79A
:104C10007BFBEBF738FCDFF848A020462946202232
:104C2000D0470DF1020120460122D04720463946E7
:104C30004246D047BBF1000F04D00A9A20464946AD
:104C4000FFF780F93046EBF70BFBEBF75DFBEBF77B
:104C50001AFCEBF7E1FC2846EBF702FBBDE8F88F06
:104C6000453F11012DE9F0478CB08046414805A928
:104C70001222F9F7CBF8112817DC024649A0572178
:104C8000F9F7F2FEF5F76CFF0DF126050B900BA975
:104C900003222846F8F7F3FC05204AA1022837D062
:104CA00011F8012B2A540138F8E7002049218DF82A
:104CB000250005AD30A02A46F9F7D6FE2846FEF7B6
:104CC00093F911284DD1052700244FF0030A0DF167
:104CD00026060DF12C09285DD8B3013494FBFAF1B6
:104CE00001EB4101611A0FD03A280FD0F15D0901A3
:104CF000F1554946F3F78CFE002832D4F05D9DF85B
:104D00002C100843F055E6E73A282AD1013FE2E7A4
:104D10009DF826109DF82A009DF829509DF827201F
:104D20009DF828409DF82B30CDE902420491CDE951
:104D3000000505AD24A212212846FDF707FD2AA093
:104D400049212A46F9F790FE0A4829461222F9F726
:104D50004FF908F11C000DF126010622F8F78FFC2F
:104D600004E00AA005AA4921F9F77EFE0CB0BDE8CF
:104D7000F08700BF0D89110125633A206765742013
:104D800042545F4D41433A2025730A0025633A207F
:104D9000696E76616C6964206274206D61633A208B
:104DA00025730A0025633A206765742042545F4DDD
:104DB0004143206661696C65642028726574202512
:104DC00064290A0050C0F000253032583A253032AC
:104DD000583A253032583A253032583A2530325830
:104DE0003A2530325800000025633A2067656E206E
:104DF00042545F4D41433A2025730A0008490B2273
:104E0000033020F0030081F85820064A128810442D
:104E10004A8808801044CA881044A1F85600704798
:104E200034E0100040131000B0B5144CE16911B12A
:104E3000D4E9051511E0214651F8383F5A1A18BF38
:104E40001A4651F8241C4B7B9D0644BF43F00803CF
:104E50004B73A569002A18BF154638B9487BC006B0
:104E600004D1A86910B9C8897F2804D88D4202D01E
:104E700002F01CF829466163B0BD00BFB80D1000F8
:104E80002DE9FC41054680683649884202D0012060
:104E9000BDE8FC81EF6838890028F8D01468164610
:104EA0003A4612F8011B2046EEF74AFA0028EED0E7
:104EB000204629462A22EFF78DF9C0B1032805D1F3
:104EC00029A057212A46F9F7CFFDE0E705284FF042
:104ED0000208204608BF4FF00308EEF7F9F94045F5
:104EE00005D23079404538BF86F80480CFE72846A0
:104EF0003946F5F76FF923488742C8D1207A04F183
:104F00008801F4F763FF0028C1D00646054636F84D
:104F1000080F718850EA0102B9D0ADF804002046AC
:104F2000ADF80610EEF7F0F9174900EB4000184A0B
:104F300001EBC00104202832888201A808611348CF
:104F4000C1E901202046EFF7E5FB10B111A0EBF716
:104F5000F1FB304600210422F8F7D7FB2846FBF787
:104F6000FDFA94E74940100125633A20434343206A
:104F70002570206E6F74207772697461626C650AA7
:104F8000000000005C0810003C201000B503110177
:104F9000FC77110125633A20534320726573746FC7
:104FA000726520696E6469636174696F6E20666101
:104FB000696C65640A00000010B50488944202D947
:104FC0000280088804E00888984224BF002010BDB1
:104FD000984238BF0B80012010BDD0F8B41011B139
:104FE0004A7BD30701D1022107E0D20604D5097B11
:104FF000102901D1042100E00321827A41720020AE
:105000008A4298BF0120704710B516A0EBF7F6F85A
:105010001C4C2068800102D51BA0EBF7EFF820683C
:10502000C00102D51EA0EBF7E9F82068000302D505
:1050300023A0EBF7E3F82068400302D52948EBF7FB
:10504000DDF82068800302D52748EBF7D7F8206801
:10505000C00302D52548EBF7D1F82068CFF6FF70E2
:10506000206010BD25633A202A2A2A2A2A20555377
:10507000414745204641554C54202A2A2A2A2A0ACB
:105080000000000028ED00E025633A20202044695C
:10509000766973696F6E206279207A65726F0A0093
:1050A00025633A202020556E616C69676E65642027
:1050B0006D656D6F7279206163636573730A0000BB
:1050C00025633A2020204E6F20636F70726F6365F6
:1050D00073736F7220696E737472756374696F6E27
:1050E000730A0000748211019E821101078311016D
:1050F000B0B5054600780C46022814D0012809D026
:1051000080B90C4920461122EBF723F86888A4F8EF
:105110000D00B0BD074920461122EBF71AF8686868
:10512000C4F80D00B0BD204629461122BDE8B040AC
:10513000F8F7A5BAB09011017CB504464068410566
:1051400003D4C00704D1206910B1002528467CBDD6
:105150001C4E20780025F1798842F7D2C0EBC000C0
:105160000DF101018DF80750ADF80550CDF8015053
:105170003044EDF719FA0028E8D06068C10706D17D
:1051800096F83410082902D8A168A029DDD310F0C0
:10519000300F02D021690029D7D0C10601D421697E
:1051A00041B9D4E902218A42CFD8202ACDD3B1F522
:1051B000804FCAD8010403D5C10301D58003C4D4EC
:1051C0000125C3E710061000F8B517691446C66834
:1051D000002000907A69B2F5002F06D34CA045213B
:1051E000F9F742FC6FF01500F8BD6A4630460D46EF
:1051F00000F0FCF800B1F8BD4FF02000EFF3118C87
:1052000080F31188BFF36F8F009919B101F1280263
:10521000083108E006EB051000F10802306800EBE9
:10522000052000F58071607810F00C0F0AD0D4E9E9
:105230000503C2E90030107B236840089B0A60F335
:105240005F0304E000201060107B20F0010303F0F6
:10525000FD003D461C26107338687B69886055F850
:10526000040F08618B6100232068138106EA501047
:10527000167B06F0E306304410732668C6F3C210AE
:10528000022806D0012808D14FF4004366F30E230C
:1052900003E00120334660F3DF131A4830401A4E12
:1052A000B04204D0194EB04207D1142601E00C26BA
:1052B0003D46286843F4803388512089012802D074
:1052C0006089012801D143F40033E088A5880028D3
:1052D00018BF0546387F402805D3107B43F4802350
:1052E00040F002001073042D05D0022D14BF43F4CA
:1052F000001343F480130B6000208CF31188BFF37C
:105300006F8FF8BD800300F88000000800010008DE
:1053100025633A20444D41206572726F723A2044F1
:105320006174612073697A6520746F6F20626967A8
:105330003A2025640A000000BCB50C460021C5686F
:105340000191214600F078FB01AA2846214600F091
:105350004DF800B1BCBD4FF02001EFF3118081F397
:105360001188BFF36F8F019919B1FF22A1F839207D
:1053700005E005EB04110A7D02F0DF020A7580F3F7
:105380001188BFF36F8FBCBD7CB5C5680020144683
:105390000E46019001AA284600F028F800B17CBD15
:1053A0004FF02002EFF3118182F31188BFF36F8F6A
:1053B000019B3BB1DE6803F1080246B193F8396006
:1053C000FF2E04D02A6802EB062202F58072536891
:1053D00013B1D369012201E000220023636022702F
:1053E00081F31188BFF36F8F7CBD000010B50C46B0
:1053F0000021202C116006D3242C14D343484521CE
:105400002246242329E00379A3421DD900EB04108E
:10541000827CA2421AD10830007B410622D4800649
:1054200010D42FA01FE0A4F12003D049C3EB031038
:1054300001EB800090F83840A3420BD190F83A106D
:10544000A1B11060002010BD0BA004E015A0452103
:10545000234602E02B4845212246F9F705FB6FF071
:10546000150010BD17A04521224602E0264845211F
:105470001A46F9F7F9FAF2E725633A2050444D410C
:10548000206572726F723A63683D2564203E206425
:105490006D61206D6178206368616E3D25640A0A44
:1054A0000000000025633A206572723A207063683C
:1054B000616E206964203A256420213D2025640A1C
:1054C0000A00000025633A206572726F723A7063B9
:1054D000683D256420697320766368616E0A0A005E
:1054E00025633A206572726F723A7063683D256475
:1054F000206973206E6F7420726571756573740A0C
:105500000A000000DF84110123851101FA841101D2
:105510002DE9FC47C4683548002520600020EBF7E2
:10552000AAFC0020EBF720FE0420DFF8C480314FF6
:10553000DFF8C4900021002220710620C8E90C5732
:10554000C8472E4E0620B047012000210022C8E99E
:105550000E070720C8470720B0474FF0020A08206F
:1055600000210022C8E910A7C8470820B04703203F
:1055700000210022C8E912070920C8470920B047C6
:1055800021791FA004220223CDF800A0F9F76CFABC
:1055900004F14800244AFF21C4E9120004F1140078
:1055A00023799D420FD2067805EA020300F8011C18
:1055B00000F8025C022B26F0600608BF403600F8B7
:1055C000106B0135ECE7CD490020FF220023F028C5
:1055D00009D00C180C5084F83830A4F839206460D5
:1055E0003C300133F3E70020BDE8FC8700C00140F8
:1055F000000C10002D5611013D6111012117100101
:10560000706368616E3D25643B20766368616E3D22
:1056100025642C20706E756D3D25642C7374617249
:10562000743D25640A000000FEFFFF7F2DE9F0476E
:105630000646484800EB0612917C8E423AD1017929
:105640008E426CD201684FF48030B0400B68184035
:105650004B6800EA030401200B68B04018404B6817
:10566000184050EA04030B6059D001EB062102F107
:10567000080501F5807A4FF02001EFF3118881F3DE
:105680001188BFF36F8F297B4A0618D42F684FB15A
:10569000C80707D069683648002C18BF0124324675
:1056A0002346B847DAF80000400334D52889013092
:1056B000288130E028A0BDE8F047F9F7D5B9E97AAC
:1056C00003291FD8294AC1EB011102EB810999F87E
:1056D0003A10B9B150B3DAF80000400321D4DAF837
:1056E0001C002946C9F82400DAF81800C9F820007F
:1056F000FF2089F839000020C9F80C00154800F097
:10570000E9F913E01348294600F0E4F9EA7A19A010
:105710003146F9F7A9F988F31188BFF36F8FBDE817
:10572000F087B9F830000130A9F83000D9F82860C6
:10573000002EF0D099F83400C007ECD0E87AD9F800
:105740002C10002C18BF0124234600F12002084829
:10575000B047E0E7C42110006572726F723A2063AF
:1057600068616E2069643D25640A0000941510008C
:1057700024091000766368616E2069727120657279
:10578000726F723A207069643D25642C20766964DA
:105790003D2564200A000000F8B5C66800201546C3
:1057A0006A461C460F4600903046FFF71FFE00B1C8
:1057B000F8BD4FF02002EFF3118182F31188BFF39F
:1057C0006F8FDDF818C0009A5AB1D76802F108034C
:1057D00067B192F83970FF2F08D015619461C2F853
:1057E00020C0326802EB072202F580739D601C61C5
:1057F000C3F818C081F31188BFF36F8FF8BD0000A4
:10580000F8B5FF291BD13D4800243DA500F13A071A
:105810004FF02000EFF3118680F31188BFF36F8FF4
:10582000042C1CD017F8020C844203D028462146D1
:10583000F9F71AF93878A8B13C370134F0E7C068B5
:105840000C460179A14203D924F00101022919D1A2
:1058500024A02146F9F708F96FF015042EE06FF047
:10586000150404E040F2FF10203427F8010C86F301
:105870001188BFF36F8FB4F1FF3F1FDC26A0F9F74B
:10588000F3F81BE000EB04104FF02001EFF311855B
:1058900081F31188BFF36F8F10F8141F8A0603D4A9
:1058A00041F02001017005E005A02146F9F7DCF880
:1058B0006FF0150485F31188BFF36F8F2046F8BD94
:1058C0007265717565737420706368616E206964B8
:1058D000256420616C726561647920757365640A62
:1058E00000000000726571756573742070636861F3
:1058F0006E3D256420206572720A00009415100028
:10590000657272206572723A20766368616E2069F2
:10591000643D25640A00000072657175657374202A
:10592000766368616E206661696C0A002DE9FE434A
:10593000C46800200E460290276802AA2046FFF79E
:1059400055FD08B1BDE8FE834FF02000EFF311884C
:1059500080F31188BFF36F8F029D2DB3E868002894
:1059600051D1012004F1340702260FF2A809E860A2
:10597000042E41D0387817F8023C410601D59E42EA
:1059800007D0C0F38012484645210096F9F76CF81D
:105990003878103701368006EAD4B7F11C012BD0D5
:1059A000284600F0B5F82EE04FF00110B040386006
:1059B000796821EA000004EB06117860206811F88C
:1059C000142F00EB0620D20700F580700FD00122C3
:1059D0007C6802FA06F323437B600978890706D5C1
:1059E00006F1100102FA01F17A6811437960416809
:1059F00041F00101416006E004F148002860E06CDC
:105A0000E5640560686088F31188BFF36F8F00203C
:105A1000BDE8FE8325633A20766368616E20657277
:105A2000723A6973763D25642C2069643D256420B3
:105A3000213D2025640A0A002DE9F843C5680020AD
:105A40006A460F460090D5F800902846FFF7CEFC36
:105A5000044600283AD14FF02000EFF3118880F37C
:105A60001188BFF36F8F009ED6B1F06850B396F8DF
:105A70003920FF2A1ED02868494600EB022000F595
:105A80008070EBF70FF996F8390005EB001000F184
:105A90000801284600F01EF8FF2086F839000FE0C4
:105AA000286849463A4600EB072000F58070EBF77E
:105AB000F9F807E0D6E9000108604160C6E9006630
:105AC0000020F06088F31188BFF36F8F2046BDE897
:105AD000F88300000246087B00F0DF000873FF2017
:105AE000C87252F8480F904208BF704710B5D0E90D
:105AF0000023054C1A605360044A04604260BDE80C
:105B0000104000F005B800BF000110AA00022055A7
:105B100070B50B7B8A7A4FF0011543F02003954056
:105B20000B7380F8392090F83830CB720B7B90F8EB
:105B3000344003F0E30304F01C0423440B731849BE
:105B40000968046901EB0223C3F808418469C3F8BA
:105B500010410469C3F80C41C469C3F81441046AD4
:105B6000C3F818418468C3F80041012403F5807329
:105B700094400C604E6826EA05054D604D682C4344
:105B80004C6090F83400800705D54FF48030904089
:105B90004A6810434860586840F00100586070BD82
:105BA000C4211000E0B5024600200B4601900248D7
:105BB00001A9F1F7E7FC8CBD458A1001BFB501AF23
:105BC0000025044623C7054801A9F1F7DBFCDDE900
:105BD00002108842B8BF255404B0B0BD852F110112
:105BE00003480522016862F303010160704700BFAA
:105BF00040C0004010B504468068BFF35F8FC00707
:105C000007D104F1100000F092F840B36FF04400A7
:105C100010BDA06A002102683AB1A24208D0116802
:105C200021F0030311461A46F6E76FF0150010BD88
:105C3000226822F0030249B10B6803F003031A4300
:105C40000A604268A24208BF416004E04168026005
:105C5000A14208BF4260206800F0030020600021DC
:105C600004F10800A162BFF35F8F50E8001F21F02C
:105C7000010140E80012002AF7D10020BFF35F8F36
:105C800010BD8269A0F110011046F6F7D3BCFEB535
:105C90000546106814462A222946EEF79BFA20751D
:105CA00008B10020FEBD217A678A238AE268206855
:105CB000AE68B1FA81F149094900CDE90071294680
:105CC000B047002805D4218A884202D10120002152
:105CD00005E00E2110F5807F88BF4142002021752C
:105CE000FEBDB0B50023102B08BFB0BDC45CCD5CB9
:105CF0006C40D4540133F6E781B00448009000981A
:105D0000411E00280091FAD101B07047A086010021
:105D10000068C1F341010131026822F4406242EAA5
:105D200081210160FFF7E8BF30BFFFF7FDBFB0B5CD
:105D300004466FF0150001214FF02002EFF31185AA
:105D400082F31188BFF36F8FC90708BFB0BD216808
:105D500019B12046FAF7C0F8002085F31188BFF387
:105D60006F8F0021F0E700000149183000F002B801
:105D7000F57211012DE9F84304466FF002000D465B
:105D8000811C514061EA0301002900F075804FF049
:105D9000FF31B0EB020861EB0307561C43F1000032
:105DA000002F0BD43548D0E90269F3F7BFFD311855
:105DB00049EBE070B8EB010667EB0000A560002539
:105DC000D6F1010175EB0001B8BF0125002D14BF0C
:105DD000054601264FF02000EFF3118880F311886B
:105DE000BFF36F8FF3F7A2FDDFF8FCC4311845EB6A
:105DF000E072DCE90053C4E90412B5EB0C0718BFEC
:105E00002F467FB13E46D7E90457481B72EB070087
:105E10000FDB491BBA410027C4E90412B34218BF83
:105E20003768EEE7C4F800C0614651F8042F62609D
:105E30000AE0681A67EB0201C6E90401314651F82D
:105E4000040FC4E900600A6814600C60DCF800000C
:105E5000B0EB0C0118BF0146A14209D1F7F7CAFE09
:105E600018B107494969814202D0002100F0E0FAE7
:105E700088F31188BFF36F8FBDE8F883000E100020
:105E8000C40D1000014910220A60704710ED00E0B7
:105E90007CB50C460546B1B1A068D4E900230E4E8E
:105EA000452100900B48B0476069D4E903234521A0
:105EB00000900AA0B047E26915A04521B047A26949
:105EC00018A04521B04728462146BDE87C4000F097
:105ED00093BB00BF2D81110169EA100125633A20AF
:105EE00072332F61343A2020307825303878207290
:105EF00031322F69703A202030782530387820727E
:105F000031342F6C723A20203078253038780A00EE
:105F100025633A2020787073723A2020307825303B
:105F200038780A0025633A204661756C74696E679B
:105F300020696E737472756374696F6E2061646436
:105F40007265737320287231352F7063293A2030BF
:105F500078253038780A00002DE9F0418AB0474EA4
:105F60000025B2F17F4F376885F31188BFF36F8F3B
:105F70006FF35F270DD3044612F0080F0DD05007C2
:105F80000C460AD43EA0EAF739F900244FF0010884
:105F900005E04FF00108002401E0C2F3C008F81E3C
:105FA0008DF8275009281DD8DFE800F0052E283489
:105FB0001C1C1C1C1C374DA0EAF720F900208DF892
:105FC0002700B06A80072CD4B06A40002CD54F4817
:105FD000EAF714F996F82400002842D00DF12701C1
:105FE000012014E04A484B4A102FA7F1100338BF94
:105FF000024649484521F8F737FD15E00DF1270124
:106000000020F1F717FA0FE00DF127010020F7F754
:10601000A7FA09E0FEF7F8FF09E025A0EAF7EEF895
:1060200005E03948EAF7EAF89DF82700B0B901A879
:1060300021462022F7F723FB0898B8F1000F03D080
:1060400040F2FF11884304E0C10503D140F2FF1183
:106050000843089001A90020FFF71AFF0AB0BDE825
:10606000F08196F8250018B10DF127010120C8E74D
:10607000F08C0028D8D0FEF7C7FFD5E704ED00E08C
:1060800025633A20535053454C20696E2074687242
:10609000656164206D6F646520646F6573206E6F49
:1060A0007420696E646963617465205053500A00FE
:1060B00025633A202A2A2A2A2A2044656275672005
:1060C0006D6F6E69746F7220657863657074696F47
:1060D0006E20286E6F7420696D706C656D656E74CE
:1060E000656429202A2A2A2A2A0A000025633A20E0
:1060F0002A2A2A2A2A2048415244204641554C54F3
:10610000202A2A2A2A2A0A00BD8211013882110176
:10611000A0831101878311015C821101104801687D
:1061200041F01001016070470C4900202022202816
:1061300008BF704742540130F9E700BF10B5084C62
:1061400000F00F03054A2344040658BF42FA80F3C7
:10615000202000EB4110187010BD00BF00E400E0EB
:1061600014ED00E080B5FFF7DFFDBDE88040EAF701
:1061700039BB00000F498A684FF038001044EFF334
:10618000098C80E8F01F202080F31188BFF36F8F07
:10619000094F4FF000668A6A8A603E60106F0023E4
:1061A000136780F3118802F1380090E8F01F8CF338
:1061B00009887047C40D100004ED00E080B5084860
:1061C000084920F07F000860BFF34F8FBFF36F8F47
:1061D00000F01AF800F0D6F9FFF7A6FF00F09CF9DE
:1061E0000000100108ED00E01EF0040F0CBFEFF3FB
:1061F0000880EFF30980816911F8021C0229FFD0A1
:1062000001B500F0F5F901BDB0B5074C0748002114
:10621000051B20462A46F7F778FA204600212A4631
:10622000BDE8B040F7F771BA000D10008C231000E4
:106230002DE9F843044601F09DF82A4EDFF8A890B6
:106240004FF02000EFF3118580F31188BFF36F8FBB
:106250004FF00008346024E03068D4E90423C1170B
:10626000871A71EB030737DB801AC4E904883060B2
:10627000D6E90201801841EBE271C6E9020120462D
:10628000F9F72AFE85F31188BFF36F8F2046A168C6
:1062900088474FF02000EFF3118580F31188BFF39A
:1062A0006F8FD9F800404C4518BF002CD4D130680E
:1062B000C11700223260D6E9022380185941C6E98D
:1062C0000201F7F797FC002100F0B2F885F311887E
:1062D000BFF36F8FBDE8F883121A63EBE073C4E974
:1062E0000423E6E7000E1000B408100070B5012981
:1062F00017D110684FF02001EFF3118581F3118859
:10630000BFF36F8F0138062821D80024DFE800F0A2
:106310000C04181F0404040085F31188BFF36F8F69
:1063200000E00024204670BD0A4E30780128F3D1E9
:106330000320EAF75DFF0848016840683470EBE726
:106340000448012101700020EAF752FFE4E76FF0F2
:106350000204E1E77420100020C0004010B52020A6
:10636000EAF702FF2020EAF786FD684C206840F03B
:10637000F0402060206820F47020206015480168FB
:1063800021F0030101600320EAF732FF6068216811
:1063900041F0006121601049884288BF013042F617
:1063A000DF6108440E490022A0600C48C0E90021CA
:1063B0000121206840F4803020600020FFF7BEFEFD
:1063C0000020EBF7ADF9206840F4000020600020C9
:1063D00010BD00BF6010004020D1FFFF000C100076
:1063E0006512100170B54FF02000EFF3118180F3BA
:1063F0001188BFF36F8F444A0B48006892E8380059
:10640000126981F31188BFF36F8FD9431E1A74F19B
:10641000000438BF59420844A91A084442F6E06112
:10642000B0FBF1F070BD00BF04C000407047704782
:106430002DE9F0434FF02002EFF3118C82F3118825
:10644000BFF36F8F304B4FF0000E304A93E83003AC
:106450005168E643671A75F1000538BF6642C3E923
:10646000001E7418196914EB080449F10005C3E90A
:106470000245641A42F6DF6329D401460128244DFF
:10648000244E98BF01210139013004BF47F2176142
:10649000C0F20501A94242F6E06038BF01FB00F6F8
:1064A00000292146C8BF31441944B1FBF0F303FB76
:1064B00010132344CB1A42F6E1618B4206D313F545
:1064C000B64F184602D96FF4B64300E0431E506839
:1064D0001168090106D5116841F000611160116869
:1064E0000901FCD4116821F480311160C1185841B0
:1064F0009060106840F4803010608CF31188BFF316
:106500006F8FBDE8F08300BF100E100000C0004088
:1065100090620500001E6CFCB0B5AEB01748184C78
:10652000002500F5407080F30888206840F4007072
:106530002060E020A073E57225716571A571206966
:1065400040F4E0202061FFF7E9FDFFF79BFC4FF0EE
:10655000FF3069466061A061F348CDE9285581604C
:1065600040F20110ADF80C00002000F0C1FD012048
:1065700000F0BEFDF8F7CCF9FCF7AEFE80961000F7
:1065800014ED00E080B5064806490A1A0649F7F7F7
:1065900076F806480649074ABDE88040F7F76FB825
:1065A000E0031000B00B1000E0B511010000100076
:1065B00000B21101DC030000734901607348401A06
:1065C000182190FBF1F070476F49084A401A1821D2
:1065D00090FBF1F0410900F01F0052F8211021FA60
:1065E00000F0012121EA0000704700BF9C09100063
:1065F00001460068FFF74CBCF8B505464FF0200097
:10660000EFF3118780F31188BFF36F8F0E4600F010
:10661000CFF80446042D9ABF1EA050F8253019A3C8
:106620002A460020452100901FA0F8F71DFA96B1D8
:10663000B08BC00503D028A04521F8F715FA2046F5
:10664000FDF730FD03462E4845212246F8F70CFAA7
:10665000284631460AE02046FDF724FD0346284837
:1066600045212246F8F700FA28460021F5F7A0FE5A
:1066700087F31188BFF36F8F2046BDE8F84000F024
:106680006DBA00BF556E6B6E6F776E206572726F5C
:1066900072000000518411016B8411017F8411018B
:1066A0005F8411014484110125633A203E3E3E205F
:1066B0005A455048595220464154414C2045525267
:1066C0004F522025643A202573206F6E2043505589
:1066D0002025640A0000000025633A204661756C9D
:1066E0007420647572696E6720696E746572727564
:1066F00070742068616E646C696E670A0A0000003D
:106700002784110110B54FF0FF3001214FF0200216
:10671000EFF3118482F31188BFF36F8FC90708BFAD
:1067200010BDF7F767FA84F31188BFF36F8F00216C
:10673000F4E710B50C46FCF7D9FD20B12146BDE8C1
:106740001040FAF72ABE10BD70B50F4C0F4E05462B
:10675000B44208D02046FFF737FF10B12068A842A6
:1067600010D01834F4E7084CB4420AD02046FFF7A2
:106770002BFF20B121682846FCF723FC10B1183408
:10678000F2E70024204670BDC40810009C091000E8
:1067900068B1B0B500EB4000450000F051FE044682
:1067A00000F04EFE001BA842FAD3BDE8B04070478F
:1067B00001484069704700BFB80D10002DE9FC4149
:1067C00004464FF02000EFF3118580F31188BFF3EA
:1067D0006F8FE06838B1F04916468A68A168914227
:1067E00010D1226903E0EC49896891F90E2001304B
:1067F0002261C4E9021085F31188BFF36F8F002076
:10680000BDE8FC811F4656EA030046D092F90E000F
:1068100091F90E108842A8BF084620EAE07088422D
:1068200005DAC1B22046EAF739FE804601E04FF0B2
:1068300000083E4829462246CDE9006700F0BCFA30
:106840000028DCD04FF02000EFF3118580F3118891
:10685000BFF36F8F2068A04218BF002801D12169C3
:1068600007E090F90E0021698842B8BF014621EA8D
:10687000E1712046EAF712FE40EA0800012804D13F
:106880002A48294600F0EAFA03E085F31188BFF3AD
:106890006F8F6FF00A00BDE8FC8185F31188BFF3AC
:1068A0006F8F6FF00F00BDE8FC8100BFB0B50446EC
:1068B000806870B1D149896888421CBF4FF0FF30B1
:1068C000B0BDC17B0139C173E068013804D0E0601C
:1068D00026E06FF01500B0BD4FF02000EFF31185FA
:1068E00080F31188BFF36F8F21692046EAF7D6FD48
:1068F000204600F0BCFDA06060B10021C0F8B410DB
:1069000090F90E10216100F098FA0848294600F02D
:10691000A5FA05E00020E06085F31188BFF36F8FD2
:10692000F5F7FAFC0020B0BDC40D100040181000AF
:106930002DE9FC478146B14842EA03059A461646CE
:10694000846840F2011024F8640FB5FA85F0430919
:1069500048462246F9F736FA80464FF02000EFF31A
:10696000118780F31188BFF36F8F2078F0B100207A
:1069700020703DB32848174A3946CDE9006A00F037
:106980001BFA04464FF02000EFF3118580F31188C5
:10699000BFF36F8F41462A464846F2F796F885F3D3
:1069A0001188BFF36F8F2046BDE8FC8748464146FB
:1069B0003A46F2F78AF887F31188BFF36F8F002009
:1069C000BDE8FC8787F31188BFF36F8F6FF00A0073
:1069D000BDE8FC87BC081000B0B54FF02002EFF313
:1069E000118482F31188BFF36F8F0122C0E9022165
:1069F000FCF77CFC48B10121FAF7CFFC05460648BC
:106A0000214600F02BFA2846B0BD84F31188BFF36D
:106A10006F8F0020B0BD00BF40181000BCB501460C
:106A20004FF02000EFF3118480F31188BFF36F8FD4
:106A30000D4655F8080B78B102684B6822F0030246
:106A400083420A6008BF4A60012100F0E7F984F33D
:106A50001188BFF36F8FBCBD52EA03000BD0CDE9A4
:106A60000023284621462A4600F0A6F938B9AE4848
:106A700080684069BCBD84F31188BFF36F8F00202C
:106A8000BCBD00BF002100F1100200F10803C0E905
:106A90000011C0E90233C0E904227047B0B50546D1
:106AA0004FF02000EFF3118480F31188BFF36F8F54
:106AB000284600F0DCFC28B10021C0F8B41000F03A
:106AC000BCF90AE0D5E90210814218BF0131A96082
:106AD00005F110000221FFF72CFE1F482146BDE8FA
:106AE000B04000F0BBB900BF0AB1914202D96FF0CB
:106AF0001500704700F1100300F1080CC0E9000018
:106B000043610020ACE80E00704700001CB504464D
:106B10004FF02000EFF3118180F31188BFF36F8FE6
:106B2000A06838B10138A060002081F31188BFF35C
:106B30006F8F1CBD52EA030006D00748CDE9002341
:106B4000224600F039F91CBD81F31188BFF36F8F25
:106B50006FF00F001CBD00BF4018100080B5F74952
:106B60008968814207D1EFF3058191B10B490A6829
:106B700042F080520A6000F02FFB4FF02001EFF34B
:106B8000118081F31188BFF36F8FBDE8804000F062
:106B900077B900F0C1F900BFC40D100004ED00E0AA
:106BA00010B586B00446002005900C9804900B9810
:106BB00003900A9802900998019008980090204646
:106BC00000F034FADDE90E2302EA0300013002D0BE
:106BD0002046F9F7FFFC204606B010BD10B5D74A95
:106BE0000028946818BF044604F17C002022FCF7BA
:106BF00037FA002084F89B0010BD00BFC40D1000C0
:106C000010B5D0E928300022904205D09C5CAA2C17
:106C100001D10132F8E710460860002010BD0000E5
:106C200070B504461830FFF782F84FF02000EFF3FC
:106C3000118580F31188BFF36F8F94F90D00B0F1C7
:106C4000FF3F07DCE6482146383000F0D1F8607B92
:106C500000F07F00E24E40F0100060737069E9F7C9
:106C6000D5FA85F31188BFF36F8F7069A04218BF02
:106C700070BDBDE8704000F00FB900BF00F05ABB16
:106C8000F8B5D74E2549706988423AD04FF02000B8
:106C9000EFF3118580F31188BFF36F8F06F138048D
:106CA0007169204600F0A4F8D6E90E217069131B23
:106CB00018BF13465BB11A4693F90E3090F90E7067
:106CC0009F420ADB0023914218BF1368F2E7046079
:106CD000314651F83C2F426005E0114651F8043F1F
:106CE000C0E900230A68106008607069417B41F0C8
:106CF000800141730120FEF797F885F31188BFF3F7
:106D00006F8F4FF02001EFF3118081F31188BFF3F3
:106D10006F8FBDE8F840EAF741BD00BF18221000B0
:106D2000F14880689C307047C40D10002DE9F04395
:106D300087B0184DDFF86080454514D205F1180E74
:106D400095E8CF00D5F82C909EE81050CDE900676B
:106D500002AECDF8149086E8105000F067F928686C
:106D6000C5653035E8E7F5F7ABFA0A4D45450CD275
:106D7000696A481C07D021EAE171286800230131C3
:106D80004A08F9F727FC3035F0E707B0BDE8F043D3
:106D9000F5F7C2BAA4091000A409100001200021CF
:106DA000FFF776B890F90E2091F90E1000208A4274
:106DB000B8BF012070470000B0B50C4688491546A1
:106DC000486988602946DDE90423F7F737FB204648
:106DD000BDE8B040EAF7E2BC0448007820B180B5D5
:106DE000F7F79CFCBDE88040FFF720BB391D100081
:106DF0007B4A02F13803984206D15069884203D198
:106E0000487BC00600D07047D1E9000210604A6894
:106E100042600020C1E90000704700BF10B538B1E2
:106E20000278920706D0446829B1F5F7FBF802E032
:106E3000002400E00446204610BD10B54FF02001AC
:106E4000EFF3118481F31188BFF36F8FF8F7A4FA81
:106E500084F31188BFF36F8F10BD000011B9EFF3F9
:106E6000058020B181F31188BFF36F8F70475C48B4
:106E70004269406B9042F5D00020EAF78FBC00BF1A
:106E800010B9EFF3058121B180F31188BFF36F8F43
:106E900070470020EAF782BC4FF02001EFF3118029
:106EA00081F31188BFF36F8FFFF7EABFB0B54C4C89
:106EB00025684DB1FFF796FA28440021206220682A
:106EC000BDE8B04000F08EB8B0BD00BF444800F14E
:106ED0003801C0E90E1100200021F5F703BA00BF08
:106EE00010B54FF02001EFF3118481F31188BFF347
:106EF0006F8F417B4A0704D484F31188BFF36F8FEF
:106F000010BD01F0FB014173F8F746FA2146BDE8D8
:106F10001040FFF7A3BF000010B5AE494FF02000AE
:106F2000EFF3118480F31188BFF36F8F88680861D5
:106F3000F5F73CFB204600F0D9F800BFC40D100067
:106F40002DE9F843DFF89C840C4605460026012015
:106F50004FF02001EFF3118781F31188BFF36F8F9A
:106F600008F13809C00737D0687BC00601D1A8698D
:106F700038B10026AC7387F31188BFF36F8F002000
:106F8000F0E748462946FFF733FFAC73D8E90E1007
:106F9000B1EB090218BF0A4652B1114662B291F92B
:106FA0000E3093420BDC0022884218BF0A68F3E7D8
:106FB000C5F80090404650F83C1F696005E008465F
:106FC00050F8042FC5E9001201680D60056001202A
:106FD0000126FDF729FFCEE706F00100BDE8F883A2
:106FE000B80D1000F8B50C460546002601204FF0FC
:106FF0002001EFF3118781F31188BFF36F8FC00772
:1070000004BF3046F8BDF6F7F5FD0228A9BFA84237
:107010006FF0460628462146A8BFFFF709FA87F316
:107020001188BFF36F8F0020E9E700002DE9FE4FC4
:10703000002604460F469846C0E90666C6730F98B8
:10704000A073042060731098207304F13000C4E929
:107050000C00D01D20F007050846AA212A46F6F7A5
:1070600054FBC4E928753D44DDF83890DDF834A0C0
:10707000DDF830B0204639464346C4F8A8602A46B9
:10708000CDF80890CDF804A0CDF800B0EAF764FB85
:10709000C4E91CA9C4E91A8BC4E917664D4F4FF027
:1070A0002001EFF3118081F31188BFF36F8F796BAB
:1070B0007C63A167119980F31188BFF36F8F04F18E
:1070C0007C0029B11F22FBF7CBFF84F89B6000E016
:1070D0000670B86810B1D0F8AC0000E00020C4F829
:1070E000AC002846BDE8FE8FC40D1000EAF756BB81
:1070F0002DE9F0471349DFF85080144F4FF018097D
:107100004FF0010A51F8205001EB80004668B5426B
:1071100028BFBDE8F087D5E900142046884774B140
:1071200068B1A4EB080090FBF9F000F01F014009E2
:1071300057F820200AFA01F1114347F820100835CA
:10714000E5E700BFE4901101C40810009C0910009D
:10715000FEB50F460646F4F7E3FF90B91D48806878
:10716000D0F8AC506DB100243A1D0BD246F00401AA
:107170002846CDE90044F4F75DFF18B120C004466D
:1071800000E000242046FEBD10B504460846114626
:107190001A46A047FFF70CFBF5F78CF94FF02002D9
:1071A000EFF3118182F31188BFF36F8F094A536B9C
:1071B000834207D043B11A469B6F8342FAD1806F56
:1071C000906701E0806F506381F31188BFF36F8F88
:1071D000704700BFC40D10002DE9F84F04464FF072
:1071E0002001EFF3118081F31188BFF36F8F617B72
:1071F00011F0280F05D080F31188BFF36F8FBDE821
:10720000F88F41F0200104F11809617380F31188AF
:10721000BFF36F8F4846FEF78AFDDFF8C8B14FF025
:107220002001EFF3118A81F31188BFF36F8FDFF82C
:10723000B88104F130060025012000270BF1380148
:107240000091C0074ED0607BC10602D1D9F8001072
:1072500059B180072CD5A0682146FFF7C9FD607B96
:10726000A56000F0FD00607322E040B2B0F1FF3F86
:1072700007DC00982146FFF7BBFD607B00F07F0034
:107280006073DBF81400E8F7C1FF11E007F11800A4
:10729000FEF74DFDB8683946FFF7AAFD787BC7F8C1
:1072A000B450BD6000F0FD0078733846F8F774F80C
:1072B0003768B74218BF002FE8D1DBF8140040450B
:1072C00002D10120FDF7B0FD607B276E40F0080081
:1072D00060732046FFF762FF8AF31188BFF36F8F58
:1072E0000020AEE727B139462046BDE8F84F0847F1
:1072F000BDE8F88F70B50546A0F118044FF02000E6
:10730000EFF3118680F31188BFF36F8F55F8100CDF
:1073100010B12046FDF757F915F80B0C00F0EB0003
:1073200005F80B0C2046F8F737F886F31188BFF301
:107330006F8F70BDF8B54FF02001EFF3118481F32A
:107340001188BFF36F8F0A4D002001220021D20760
:1073500008BFF8BDD5E90267FFF744F884F3118848
:10736000BFF36F8F801947F100010022EFE700BFE4
:10737000000E100070B51B4A4FF02001EFF311848E
:1073800081F31188BFF36F8F936851698B421BD0D3
:107390001568002393608DB1CD897F2D0ED84E7B6B
:1073A000F6060BD15668AE4208DC0F4DA94205D057
:1073B000136A83420FDD181A106200E0136284F32F
:1073C0001188BFF36F8F70BDFFF770FD84F31188D4
:1073D000BFF36F8F70BD0846F6F7E4F9FFF766FD5F
:1073E000EDE700BFB80D100018221000B0B504463C
:1073F0000840013021D054EA010003D1BDE8B0407B
:10740000FFF798BF6FF001004FF0FF32001B8A4179
:10741000B2F1FF3F02DD044611460EE00025D4F133
:10742000010075EB0100B8BF0125002D14BF0D460A
:107430000124FFF77FFF241869412046B0BD0000FA
:1074400001480068704700BF04C00040B0B5044662
:10745000002006E0284600F02CF82846FFF7EDFC57
:1074600001202568A54218BF002DF3D1B0BD70B52D
:107470000446002501204FF02001EFF3118681F32F
:107480001188BFF36F8FC00704BF284670BD206806
:10749000051B18BF054635B12846FDF794F805F1E0
:1074A0001800FEF744FC86F31188BFF36F8F0020AD
:1074B000E9E7B0B504464FF02000EFF3118580F303
:1074C0001188BFF36F8F2046FDF77DF885F3118893
:1074D000BFF36F8F04F11800BDE8B040FEF727BC82
:1074E0002DE9F04104460FF25C0820464FF0FF32D0
:1074F0004FF0FF33FFF792FA0028F6D046680746B0
:107500000830BFF35F8F50E8001F21F0010240E810
:107510000023002BF7D1C807BFF35F8F0ED0FFF712
:10752000ADFB05463846B047FFF7A8FB401B4200BD
:107530000B2A03D340463146F7F796FAFFF7A0FB34
:10754000D3E700BF776F726B2025702072756E20B5
:10755000746F6F206C6F6E67202564206D7321211E
:10756000210A00003D3A1101000000004D421101C6
:10757000C40810004D421101DC081000F92410016C
:1075800000000000B1D8100100000000792B1101AB
:10759000000000006D27110100000000A12C110166
:1075A00000000000B92E11010000000031BA1001E6
:1075B00000000000DDE3100100000000194511018A
:1075C0000000000089081101000000005D63110146
:1075D000F4081000310210000C09100049DE1001FF
:1075E00000000000ED2711010000000011551101FD
:1075F00024091000FD241001000000003D181001B6
:10760000000000007DC410010000000071BA1001EC
:107610003C091000A9A7100154091000A9A71001E6
:107620006C0910006D25100100000000A9E5100193
:107630000000000011D310018409100004000000B4
:1076400055271001000000000500000079C9100155
:107650000000000006000000DD63100100000000D3
:10766000FC771101080000009C7811010500000062
:107670000079110112000000D08911010000000002
:10768000290D11017D8C1001000000006F8E110189
:1076900000000000017D100100000000000000005B
:1076A0007C8E110100000000017E1001000000002E
:1076B00000000000828E110100000000859510017D
:1076C000ED93100100000000438F11010000000045
:1076D00081C7100169C7100100000000768E1101FA
:1076E0000000000071041101E5021101000000001A
:1076F000E28D110103000000D38911010300000095
:107700004D8D110103000000D28C11010300000017
:10771000D9881101030000008A8E110103000000C6
:10772000BE8C1101030000004B8F1101030000000B
:10773000D98D110103000000BD8911010300000073
:10774000C48911010300000013901101030000001F
:1077500018891101030000001D81110103000000C0
:1077600010811101030000001A90110103000000B4
:10777000BE87110102000000C8871101020000004D
:107780008E841101030000005E89110103000000D6
:107790008589110103000000C78911010300000061
:1077A0002386110103000000258111010300000060
:1077B00031821101030000000F8611010300000057
:1077C00014811101030000008F8C11016B8C1101D9
:1077D0007B8C11015B8C11016F8C11015F8C11018D
:1077E000638C1101738C11017F8C1101678C110165
:1077F000778C1101838C1101F5FFFFFF9C041000B1
:10780000EB3F100100000000A40410000000010084
:10781000AC041000993F100100000000C0041000EB
:1078200000000100CC041000000000000000000077
:107830000000000000000000D4041000673F1001A9
:10784000494010015C08100000000300DC04100037
:10785000993F100100000000F0041000000001003A
:1078600004051000C57D1001D17E1001000000004C
:10787000000003000C051000993F100100000000FB
:1078800020051000000001002C051000419510019A
:10789000000000000000000000000100860410004D
:1078A000EB3F1001000000008E04100000000100FA
:1078B000FC041000993F1001000000009C0510001E
:1078C00000000100A8051000E1F210010000000016
:1078D0000000000000000100B0051000993F1001F9
:1078E00000000000D405100000000100E0051000B9
:1078F000D1F11001000000000000000000000100B4
:1079000082041000EB3F1001000000008A04100008
:1079100000000100F8041000993F10010000000071
:107920009405100000000100A405100000000000F4
:10793000000000000000000000000000AC05100086
:10794000673F100149401001B4051000000003001A
:10795000D0051000993F10010000000094041000B1
:1079600000000100A0041000B1811001000000001F
:107970000000000000000100A8041000993F100161
:1079800000000000B804100000000100C80410004E
:107990003182100100000000000000000000010022
:1079A000D0041000993F100100000000E004100016
:1079B00000000100EC041000F98110017188100131
:1079C000000000000000030000051000993F1001B6
:1079D0000000000010051000000001001C05100050
:1079E000DD81100100000000000000000000010027
:1079F00028051000993F1001000000003405100018
:107A0000000001003C05100000000000258410016A
:107A1000000000000000020040051000673F100158
:107A200049401001440510000000030064051000E7
:107A3000993F1001000000006C05100000000100DB
:107A400074051000000000003586100100000000E1
:107A50000000020078051000673F10014940100146
:107A60007C051000000003007164100145651001E1
:107A7000A165100100000000016910010000000074
:107A80000000000000000000005EBCE2613FDD83FA
:107A9000C29C7E20A3FD1F41009D23BE46DB65F8EE
:107AA0008C11AF32CA57E97413010422202100005F
:107AB000E08811010000000000000000A510100186
:107AC000B1101001000001000100000100010202DC
:107AD0000100020000000000020201000400000199
:107AE0000001000301000302020100020000000087
:107AF000000203010003000025A71001F7A91001EF
:107B000051AA100125AA1001CBA9100189AA1001C0
:107B10005DA91001F5A8100100000000020201009B
:107B20009D1D100104040100491A10010606010000
:107B3000B91A100108040100D52010010A02010041
:107B40003D2010010C040100AD1E10010E040100C7
:107B5000BD1F100110040100C11E1001120201001E
:107B60001922100116040100A91E100118010100BC
:107B7000451A10011E000400CD1910015202000028
:107B8000FD21100101040200D919100103020200B5
:107B9000FD1D100105010200271C10010704020051
:107BA000311C1001090102006D1C10010B000200C4
:107BB000631C10010D000200451C10010F000200A3
:107BC000591C1001110102004F1C1001130002008A
:107BD000591D1001170402003B1C1001190002007E
:107BE0001D1C10011B0203002B1E10011D020500AD
:107BF000651D100123040300431E10010000000056
:107C000000000000291F110106000000652311017A
:107C100006000000491B1101100000005D1C11014D
:107C200010000000E11B1101010000003D161101D0
:107C300010000000D11911010A000000E51811011F
:107C400010000000C1171101070000000B271101EF
:107C50001000000025261101010000006923110118
:107C6000400000004715110110000000B11911017A
:107C7000010000000000100100000400C9BA10015A
:107C8000A3BC1001B5BC100189BC10019DBC100142
:107C90000000000000000000982F8A4291443771D4
:107CA000CFFBC0B5A5DBB5E95BC25639F111F1597F
:107CB000A4823F92D55E1CAB98AA07D8015B8312C1
:107CC000BE853124C37D0C55745DBE72FEB1DE806D
:107CD000A706DC9B74F19BC1C1699BE48647BEEF9C
:107CE000C69DC10FCCA10C246F2CE92DAA84744A27
:107CF000DCA9B05CDA88F97652513E986DC631A89D
:107D0000C82703B0C77F59BFF30BE0C64791A7D57B
:107D10005163CA0667292914850AB72738211B2E03
:107D2000FC6D2C4D130D385354730A65BB0A6A76EB
:107D30002EC9C281852C7292A1E8BFA24B661AA8F7
:107D4000708B4BC2A3516CC719E892D1240699D607
:107D500085350EF470A06A1016C1A419086C371E80
:107D60004C774827B5BCB034B30C1C394AAAD84E5E
:107D70004FCA9C5BF36F2E68EE828F746F63A57899
:107D80001478C8840802C78CFAFFBE90EB6C50A42C
:107D9000F7A3F9BEF27871C6D1C9100141CA10012A
:107DA000000000000000000045CA100100000000B3
:107DB00000000000000000000040004049D3100116
:107DC00001120000F7CE10010A1E0000F1CE1001D2
:107DD0000309000051CE1001040B000029D110014D
:107DE000060A0000CDCD10010C05000065D0100181
:107DF000050C000065CF100108410000B9D010014A
:107E000009210000D1CE100102000000107E1101F6
:107E1000000010018B891101220002070000000000
:107E2000938911011A00020749000000042510007F
:107E3000847E1101287E110149000000847E110119
:107E4000907E110149000000847E1101987E11018D
:107E500049000000847E1101A07E1101490000004C
:107E6000847E1101A87E11010C000000847E1101A6
:107E7000B07E11010C000000847E1101B87E11015A
:107E800007000000BD9F100100000000F59F1001D9
:107E900049000000BB241000490000002924100004
:107EA00049000000902310000C000000681A100028
:107EB0000C000000C81A1000070000002224100067
:107EC000FF01000041B710013E01000015B1100193
:107ED0000504000071AD10010804000035AE10016A
:107EE00030030000A1AE10011001000085B01001A8
:107EF0000C000000244000000D000000244400009D
:107F0000040000002440000005000000244400009C
:107F1000FFFFFFFF0080064000000000FFFFFFFFA3
:107F200000800640010000000E03000079AB100144
:107F30000F04000009AD10011A01000035AD100159
:107F40001301000035B1100105040000FDAD100162
:107F5000D388110194881101A2881101B088110100
:107F6000BE881101637C777BF26B6FC53001672B94
:107F7000FED7AB76CA82C97DFA5947F0ADD4A2AF1D
:107F80009CA472C0B7FD9326363FF7CC34A5E5F12B
:107F900071D8311504C723C31896059A071280E2D9
:107FA000EB27B27509832C1A1B6E5AA0523BD6B32D
:107FB00029E32F8453D100ED20FCB15B6ACBBE399D
:107FC0004A4C58CFD0EFAAFB434D338545F9027F89
:107FD000503C9FA851A3408F929D38F5BCB6DA2142
:107FE00010FFF3D2CD0C13EC5F974417C4A77E3D6E
:107FF000645D197360814FDC222A908846EEB814C4
:10800000DE5E0BDBE0323A0A4906245CC2D3AC6286
:108010009195E479E7C8376D8DD54EA96C56F4EA91
:10802000657AAE08BA78252E1CA6B4C6E8DD741FA2
:108030004BBD8B8A703EB5664803F60E613557B965
:1080400086C11D9EE1F8981169D98E949B1E87E91F
:10805000CE5528DF8CA1890DBFE6426841992D0FCE
:10806000B054BB16E69D350E480103CCDBFDF4ACE5
:108070001191F4EFB9A5F9E9A7832C5E2CBE97F214
:10808000D203B0208BD28915D08E1C742430ED8F92
:10809000C24563765C15525ABF9A32636DEB2A650E
:1080A000499C80DC488911014589110140891101F1
:1080B0003911110100000000B5111101000000008C
:1080C00000E100E00810004000000040011A011E1D
:1080D000011D000A010001196C888391AAF5A538D9
:1080E00060370BDB5A6083BE800000000010000088
:1080F0000000080000100000F32C11011B2D1101DD
:10810000C12C1101432D110100000000E92C1101C7
:108110006D7367007761746368646F67006D6F6E7D
:1081200069746F72007374616E6462790025633ADA
:108130002072302F61313A20203078253038782075
:108140002072312F61323A20203078253038782063
:108150002072322F61333A20203078253038780A67
:108160000025633A20756E77696E643A20556E7308
:108170007570706F7274656420706572736F6E6174
:108180006C69747920726F7574696E65202530385A
:108190006C7820696E2074686520696E646578204B
:1081A00061742025700A0A0025633A20756E77698C
:1081B0006E643A20556E737570706F7274656420CA
:1081C000706572736F6E616C69747920726F75740B
:1081D000696E65202530386C782061742025700A1E
:1081E0000A0025633A20756E77696E643A20496EFD
:1081F000646578206E6F7420666F756E642025301C
:10820000386C780A0A0025633A20756E77696E64C7
:108210003A20556E6B6E6F776E2073796D626F6C5E
:108220002061646472657373202530386C780A0AA3
:1082300000756E77696E640025633A2020204661E0
:10824000756C7420657363616C6174696F6E20284E
:108250007365652062656C6F77290A0025633A2093
:108260002A2A2A2A2A20257320256429202A2A2A14
:108270002A2A0A0025633A202020496C6C65676130
:108280006C206C6F6164206F66204558435F5245D7
:108290005455524E20696E746F2050430A00256376
:1082A0003A202020496C6C6567616C2075736520ED
:1082B0006F662074686520455053520A0025633A62
:1082C000202020427573206661756C74206F6E20CB
:1082D000766563746F72207461626C65207265618B
:1082E000640A0025633A202020496E737472756316
:1082F00074696F6E204163636573732056696F6C98
:108300006174696F6E0A0025633A202020417474FD
:10831000656D707420746F20657865637574652071
:10832000756E646566696E656420696E73747275D6
:108330006374696F6E0A0025633A202020556E73BE
:108340007461636B696E67206572726F720A0025D3
:10835000633A202020496E737472756374696F6E7E
:1083600020627573206572726F720A0025633A206D
:1083700020204D4D46415220416464726573733A2A
:1083800020307825780A0053707572696F757320F4
:10839000696E74657272757074202849525120009C
:1083A000526573657276656420457863657074699B
:1083B0006F6E2028006C70636D7000736C6F743D7D
:1083C00025642020746F206D6170206E6F722070A4
:1083D0006879206164647220307825782C206D6182
:1083E000703D783025780A0073335F7265745F6280
:1083F00075665F6D676D742E6E6F6E5F7265745F0C
:108400006273735F73697A653D307825782C2066D6
:108410007265655F7265745F72616D5F73697A65BD
:108420003D307825780A0025633A204375727265DD
:108430006E74207468726561643A20257020282566
:1084400073290A004B65726E656C2070616E6963FA
:108450000043505520657863657074696F6E004BFA
:1084600065726E656C206F6F707300556E68616E1B
:10847000646C656420696E74657272757074005303
:108480007461636B206F766572666C6F77006F73D3
:10849000007379735F636C6F636B00444D415F30B1
:1084A00000554152545F3000554152545F310047EE
:1084B00050494F41004750494F420025633A202D13
:1084C0002D2D2D706368616E3D20256420737461CD
:1084D0007574733A2D2D2D2D2D2D2D2D0A0A002565
:1084E000633A20766368616E6964206572723A252A
:1084F0006420213D2025640A0A0025633A20564461
:108500004D41206572726F723A63683D2564203E6A
:1085100020646D61206D6178206368616E3D256423
:108520000A0A0025633A20766368616E69642065F3
:1085300072723A2564206973206E6F7420726571BF
:10854000756573740A0A005573696E672063686104
:108550006E6E656C3A202564200A002020444D414F
:108560005F43544C3A20202020202020307825786A
:10857000200A002020444D415F4C454E3A202020E7
:108580002020202030782578200A002020444D41EA
:108590005F4441444452303A2020202030782578EE
:1085A000200A002020444D415F5341444452303A58
:1085B0002020202030782578200A002020444D41BA
:1085C0005F4441444452313A2020202030782578BD
:1085D000200A002020444D415F5341444452313A27
:1085E0002020202030782578200A0025643A706900
:1085F000643D25642C20627573793D25642C766971
:10860000643D25642C206973763D25643A0A007622
:10861000646D615F61637473007370695F666C6140
:108620007368007370695F666C6173685F6163741F
:10863000730025633A20666F756E6420696E7661FB
:108640006C6964206974656D2C206974656D5F6F59
:108650006666732030782578207374617475732092
:1086600025640A0025633A20726567696F6E20737E
:108670006567206973206E6F7420636C65616E207E
:1086800061667465722077726974655F6F66667380
:10869000657420307825782C206E656564207075AF
:1086A0007267650A0025633A20696E76616C6964B9
:1086B000206974656D206D61696763203078257865
:1086C0000A0025633A20696E76616C6964206865EA
:1086D0006164657220637263203078257820213DC3
:1086E000206864722D3E63726320307825780A001A
:1086F0005B2532645D20636F6E666967206974650F
:108700006D5F6F66667320307825782073697A65AF
:10871000203078257820646174612073697A65203F
:10872000307825780A0025633A20696E76616C6995
:108730006420706172616D2073746F72616765206F
:1087400025702C206F666673657420307825782C30
:10875000206C656E20307825780A0025633A206900
:108760006E76616C6964206974656D2073746174E0
:10877000757320307825780A00726567696F6E20FE
:108780007365676D656E74206F666673203078253B
:10879000782C2073697A6520307825782C207365D1
:1087A000715F696420307825782C20777269746550
:1087B000206F666673657420307825780A006E76BF
:1087C00072616D5F636667006E7672616D5F737470
:1087D0006F720025633A20726561645F627566207E
:1087E000746F74616C2025642064726F7020646102
:1087F0007461202564210A0A0025633A20776169A3
:1088000074206274206370752072656164792E2E05
:108810002E0A0025633A207265616420686369202E
:10882000727820627566204E554C4C0A0025633ADA
:1088300020616C6C6F6320686369207278207262BB
:108840007566206661696C656420746F74616C2064
:108850002564282564292073697A652025640A0027
:1088600025633A20676574206465766963652042F4
:108870005443206661696C65640A0025633A20737D
:108880007461727420627420637075206661696C13
:1088900065640A0052583A3031200054583A303159
:1088A000200052583A3032200054583A30322000DA
:1088B00052583A3033200054583A3033200052583E
:1088C0003A3034200054583A303420004461746106
:1088D0003A20004E554C4C3A0062745F6472760048
:1088E000483A414354530025633A2062745F7073E1
:1088F000745F6E616D653A25732C2062745F7061E0
:108900007463685F6E616D653A25730A0042545F57
:108910004D4143004254430069706D73675F627458
:10892000630062745F7061745F312E62696E006211
:10893000745F72616D2E62696E00286E696C290029
:108940004E414E44005344004E4F520073645F66E4
:108950006F70656E00736466732E62696E0070617D
:1089600072746974696F6E00666F726365207375E7
:108970007370656E6400616374697665006F666626
:10898000006C6F7720706F77657200464C415348DA
:108990005F3000524F4D0025733A200062745F61D2
:1089A0006464725F6C650062745F61646472002568
:1089B00030327825730062745F6865780062745F96
:1089C0007270610062745F73657474696E677300BE
:1089D00062740062745F6275660025633A20556EAA
:1089E00061626C6520746F2073656E6420746F2003
:1089F0006472697665722028657272202564290A7E
:108A00000025633A205265736F6C76696E67206C3F
:108A10006973742073697A65206578636565646538
:108A2000642E20537769746368696E6720746F20C1
:108A3000686F73742E0A00415353455254494F4E88
:108A4000204641494C205B25735D20402025733A28
:108A500025640A0025633A204F6E6C792073746197
:108A60007469632072616E646F6D206964656E74F1
:108A700069747920616464726573732073757070B2
:108A80006F727465640A0025633A20536574207020
:108A9000726976616379206D6F646520636F6D6DB7
:108AA000616E64206973206E6F7420737570706FCF
:108AB000727465640A0025633A204661696C6564D6
:108AC00020746F20736574207265717569726564B6
:108AD000207365637572697479206C6576656C0ABC
:108AE0000025633A204661696C656420746F2073C9
:108AF0007461727420616476657274697365720A58
:108B00000025633A204F7574206F6620636F6D6D8A
:108B1000616E6420627566666572730A0025633A49
:108B2000204661696C656420746F20636C656172B6
:108B3000207265736F6C7574696F6E206C697374E5
:108B40000A0025633A20556E61626C6520746F20BF
:108B50006C6F6F6B20757020636F6E6E2077697419
:108B6000682068616E646C652025750A0025633A8B
:108B700020556E61626C6520746F206C6F6F6B7531
:108B80007020636F6E6E20666F722068616E646C19
:108B9000652025750A0025633A20556E6B6E6F7748
:108BA0006E2062756620747970652025750A00252F
:108BB000633A2043757272656E7420616476206436
:108BC000617461206C656E3A2025752C2074727971
:108BD00020746F206164642074797065203078257A
:108BE0003032782C206C656E20257A752C206D61D2
:108BF000782025750A0025633A204843493A2076B3
:108C0000657273696F6E20257320283078253032A5
:108C10007829207265766973696F6E203078253007
:108C200034782C206D616E7566616374757265723F
:108C3000203078253034780A006275662D3E6C65E8
:108C40006E203E3D2073697A656F66282A686472DB
:108C50002900657272203D3D203000322E300033F5
:108C60002E3000342E3000352E3000312E310032BF
:108C70002E3100342E3100352E3100312E320034A9
:108C80002E3200352E3200424C4520524D430031E9
:108C90002E3062002E2E2F2E2E2F2E2E2F73756229
:108CA0007379732F626C7565746F6F74682F686F5A
:108CB00073742F6863695F636F72652E63006274FB
:108CC0005F6863695F636F726500756E6B6E6F7767
:108CD0006E0062745F63727970746F0025633A206E
:108CE00041434C206C656E206D69736D61746368DF
:108CF00020282575203E202575290A0025633A2065
:108D0000556E65787065637465642041434C2066D8
:108D10006C6167732028307825303278290A006426
:108D20006973636F6E6E6563746564006469736311
:108D30006F6E6E6563742D636F6D706C6574650026
:108D4000636F6E6E6563742D7363616E0062745F32
:108D5000636F6E6E00636F6E6E6563742D61757404
:108D60006F00646973636F6E6E65637400636F6E2A
:108D70006E6563742D6469722D61647600636F6E35
:108D80006E6563742D6164760025633A20496E76C2
:108D9000616C6964206964656E742076616C7565C8
:108DA00020696E204C32434150205044550A002522
:108DB000633A20546F6F20736D616C6C204C3243AA
:108DC0004150207369676E616C696E67205044552D
:108DD0000A00636F6E6669670062745F6C3263617C
:108DE000700062745F6174740025633A20466169A3
:108DF0006C656420746F206465636F6465207661C0
:108E00006C7565202865727220257A64290A002510
:108E1000633A20556E61626C6520746F20646563EF
:108E20006F646520616464726573732025730A0042
:108E300025633A20496E73756666696369656E7469
:108E4000206E756D626572206F6620617267756D48
:108E5000656E74730A0025633A20496E76616C6909
:108E6000642064617461206C656E2025750A00625F
:108E7000742F6363630062742F73630062742F63E3
:108E8000660062742F686173680062745F67617462
:108E9000740025633A204661696C656420746F2014
:108EA000726561642076616C756520286572722038
:108EB000257A64290A0025633A20496E76616C6937
:108EC00064206B65797320666F72202573202825D6
:108ED00073292C20656E635F73697A653A20256477
:108EE0002C20666C6167733A2025642C206B6579B1
:108EF000733A2025640A0025633A20556E61626C3E
:108F00006520746F2066696E642064656C657465A5
:108F100064206B65797320666F722025730A0025C3
:108F2000633A204661696C656420746F20616C6CE3
:108F30006F63617465206B65797320666F7220259D
:108F4000730A0062742F6B6579730062745F6B65DE
:108F500079730025633A20556E6B6E6F776E2070C3
:108F6000616972696E67206D6574686F6420282579
:108F700075290A0025633A20546F6F20736D616C68
:108F80006C20534D502050445520726563656976BE
:108F900065640A0025633A204E6F206B6579732063
:108FA000737061636520666F722025730A00256304
:108FB0003A20556E61626C6520746F20676574207D
:108FC0006B65797320666F722025730A0025633AFA
:108FD00020556E68616E646C656420534D5020634B
:108FE0006F6465203078253032780A0025633A2096
:108FF000526563656976656420726573657276652E
:109000006420534D5020636F6465203078253032E2
:10901000780A0062745F736D70006E65745F6275CC
:1090200066000000008003409B841101F07E110166
:109030000201001313010000C0C62D006D41110193
:1090400000C0034000000000007F11010200001476
:109050001400000000C2010091411101E14411011E
:10906000F3441101BD4111010145110139421101C2
:10907000F1411101154211017D4311016F431101AD
:109080008B4311014743110139431101634311011E
:1090900055431101000000000000000015431101BC
:1090A000994311010D431101C7431101B54311014A
:1090B00002FB349B5F800000800010000000000075
:1090C00000000000C9511101995711012D591101DA
:1090D000395A1101895311010158110139531101F4
:1090E0000000000064751101CC751101EC751101CF
:1090F0002C7611013C7611010000000000000000F8
:10910000736466732E62696E000000000600000042
:1091100000210000000000000A8FB1FC13C0E13004
:10912000726561646D652E74787400000001000042
:10913000500200000000000000000000E1F0FF36D7
:1091400062745F72616D2E62696E000080030000C0
:10915000E00000000000000000000000AA0DF3364F
:1091600062745F7073745F312E62696E80040000F8
:10917000680600000000000000000000C631400B3F
:1091800062745F7073742E62696E0000000B0000E1
:10919000E00500000000000000000000481A011C6B
:1091A00062745F7061745F312E62696E001100003D
:1091B0000C07000000000000000000001C6785B2E2
:1091C00062745F70617463682E62696E401800009B
:1091D000A4080000000000000000000047B9CDCD49
:1091E00043495F4F50434F44455F56535F53455487
:1091F0005F4F505F464C414753A3BAC9E8D6C36F8F
:109200000D0A0D0A73696E676C65746F6E6526666C
:109210006363B2E2CAD4D4F6BCD37478706F776556
:1092200072C9E8D6C3B5C4B9A6C4DC0D0A0D0A3D9F
:109230003D3D3D3D3D3D3D3D3D3D3D3D3D3D3D3D5E
:109240003D3D3D3D3D3D3D3D3D3D3D3D3D3D3D3D4E
:109250003D3D3D3D3D3D3D3D3D3D3D3D3D3D3D3D3E
:109260003D3D3D3D3D3D3D3D3D3D3D3D3D3D3D3D2E
:109270003D3D3D3D3D3D3D3D3D3D3D3D3D3D3D3D1E
:109280003D3D3D3D3D3D3D3D3D3D3D3D3D3D3D3D0E
:109290003D3D3D3D3D3D3D3D3D3D3D3D3D3D3D3DFE
:1092A0003D3D3D3D3D3D3D3D3D3D3D3D3D3D0D0A51
:1092B000D4F6BCD332CCF5D7D4B6A8D2E56863696E
:1092C000C3FCC1EEA3A8B6A8D2E5BACD3131303384
:1092D000B1A3B3D6D2BBD6C2A3A90D0A31294C483B
:1092E00043495F4F50434F44455F56535F53455486
:1092F0005F4F505F464C414753A3BAC9E8D6C36F8E
:109300007020666C616773A1A3C4BFC7B0BDF6D6F9
:10931000A7B3D6C9E8D6C36C6174656E63795F661E
:109320006C6167A3ACCAB5CFD6B6AFCCACBFAAB997
:10933000D8736C617665206C6174656E6379A1A3E6
:109340000D0AB6AFCCACBFAAB9D873616C76655FB5
:109350006C6174656E6379B5C4B5D7B2E3CAB5CF35
:10936000D6A3BA0D0ACDA8B9FD636F6465207265F6
:10937000706C616365CCE6BBBBB4FAC2EBA3ACBD59
:10938000ABB5D8D6B730783139616534B5C4D6B508
:10939000CCE6BBBBCEAA33323031A3A86D6F766961
:1093A0002072322C2031A3A9A3ACB4ABB5DDB8F840
:1093B0006C6C645F636F6E5F7363686564B5C4B241
:1093C000CECAFD696D6D656469617465B1BBC9E83C
:1093D000D6C3CEAA74727565A3ACB4D3B6F8CAB9B5
:1093E0006C6174656E6379CAA7D0A7A1A30D0A0D3D
:1093F0000A32294C4843495F4F50434F44455F561A
:10940000535F5345545F4C4F43414C5F4645415475
:109410000D0ABEABCFB8B5C4C5E4D6C36C6F6361EB
:109420006C2066656174757265B5C4B8F7B8F6628C
:109430006974A3ACB2BBD4D9CDA8B9FD62745F7610
:10944000657273696F6EC0B4C9E8D6C3A1A30D0A73
:10945000000000000000000000000000000000000C
:1094600000000000000000000000000000000000FC
:1094700000000000000000000000000000000000EC
:1094800041435450000000000000000000000000B4
:109490000000000000000000009810000123456754
:1094A00056030A000256E0034D000000720000005F
:1094B00000000000A41100040000001000009C0245
:1094C000F02F000034120000000000000001010035
:1094D000C409C409710203D8CEBAE45701010100DE
:1094E000000000000000000000000000000000007C
:1094F000000000000000000000000000000000006C
:109500000132F401848800000000002900000000FE
:10951000000000000000000000000000000000004B
:1095200000FC010040FC010080FC0100C0FC0100C7
:1095300000FD010040FD010080FD0100C0FD0100B3
:1095400000FE010040FE010080FE0100C0FE01009F
:1095500000FF010040FF010080FF0100C0FF01008B
:1095600000000000000000000000000000000000FB
:1095700000000000000000000000000000000000EB
:1095800041435450416000000806000020EB1000E9
:109590002D6A5F0100000000A0E01000070000003D
:1095A00020EB100060EB1000A0EB100000000000AA
:1095B00000000000000000000000000000000000AB
:1095C000000000000000000000000000000000009B
:1095D000000000000000000000000000000000008B
:1095E0006C46E846F047004818483C4852485E48F8
:1095F00078489848B848DC48F048F248244917EDC4
:10960000C84A044C244C404CB04C284D384D8C4D2D
:10961000C44D084EB84ED44E884FE04FE24FE64F4F
:10962000F44FF84F51EC9450D8522E5338534853BE
:10963000745376537C53A853C8530C544454E05489
:109640000C554855CC55005658568C568E5690564B
:1096500092569E56A45604570857185728573857FD
:109660004A578857B857D857FBEC44587058D858C1
:10967000EDEF72599659B859285AEDECA9EC27F03C
:10968000625BA45BB05BC85BDE5B785CB45C505D26
:10969000905DB45DD05D245F405F705F885FCC5F9C
:1096A00001000000010000008E5B0000D114971043
:1096B00024D842104039170C133021E40330F7E36B
:1096C000FFB164D8421003E4032041380D08301084
:1096D0000033A13060B1F7E30FB220E42030A130B5
:1096E000F7E3EEB1911440380A088910403240B4D3
:1096F000A130F7E301B220EC2000F2074238F30B6F
:1097000083104632F507000000E01000004000C062
:10971000D01466104083403A070C003000A3FFE3EA
:10972000C7FF00E015029014E0EB1000D0142114E4
:109730004D100231609223C420204038FC0B0231CE
:1097400000EA8F0120B2003240B86098C164060C74
:109750000130F7E39BB3011490142098002120B846
:10976000F5070000005000C0D4142114CB6D4475DF
:10977000836DFFE3DDFF2D106A5F409183E40330CA
:10978000403A0324117508089F6C576C1B6CF7E373
:10979000E4B601149414009120B8F7E377B7209849
:1097A0000065FA0FF20700008CE21000D0140130BF
:1097B000F7E36CB3F7E3CCB69014D214211401751F
:1097C000497520B8FFE3B4FF976C2098136CF7E35A
:1097D00071B501149214D21460118111449302E402
:1097E000022040382D0C44D88C00403A290C249398
:1097F00001E410204038210CBA10259302956140F5
:1098000021B50C60406000EA8E5B6249C06462B5BD
:1098100020081510205B4864100844D828008230C6
:1098200062EC080000310032034064DC2800FFE3F2
:10983000C6FF01EA8E5B22B54810003364B284D8BB
:10984000280004E4082040380608F7E3DBAD921452
:109850002D58E2070030FC07001000C000E01000A7
:10986000E0EB100072A4FFFFD1140274036D2A38DC
:1098700002080A3492740033132BC964020C0F6D72
:10988000127524E41300015161405110285B13301C
:109890002089F7E315B1203C0E100C0C003360B0AA
:1098A000A130F7E329B120E42030A130F7E308B17B
:1098B0009114263C090C403480B0A130F7E31CB170
:1098C00020EC2000F3074634F8070000ACF010004D
:1098D000004000C0D214B5110033076D60A50174BB
:1098E0004081273184640308123360A502EA11FE27
:1098F0008264160803844238070801EA43061130DF
:10990000F7E3DEB00D0400280332C07401EA20231F
:10991000C8641130F60BF7E3D3B0123120A5113033
:10992000F7E3EAB020EC01001130F7E3C9B01130E1
:10993000F7E3E2B02230F7E3DFB0C03348432084DE
:10994000086803EA8A2543412C5A41EC0100806CE7
:1099500049742230F7E3B4B0A130F7E3CDB000E4AE
:10996000202033104038070C609143E4503002EC63
:10997000100000B114306091F7E3BEB020E4403035
:109980001430F7E39DB0808424E43F2021EC0010E4
:109990001430F7E395B01430F7E3AEB020EC40009C
:1099A0001430F7E38DB0921428F11000004000C08D
:1099B000D31426140C338811476D817560A4F7E326
:1099C000F3A84038300C013025320EDC000000EAEC
:1099D0000FFE20854EDC020061851A64002B8C741A
:1099E0002EDC01004EDC0300200801336EDC040095
:1099F00000306ED804000EDC05001810F7E38E8DE1
:109A00002ED80100283284640C086ED80300073B6E
:109A100008080ED80400033200284074486409087E
:109A2000123120A406149314A385AEDC0400E107D0
:109A3000AB10749503EC008014B50A103495F7E36D
:109A40006D8D3B6CF7E3A8A600A407103495F7E3EF
:109A5000658DE90728F11000CCF01000800017C0D8
:109A6000EAF0100001F11000D1142114017500EA90
:109A70000FFE4B6C6D100032126440A3050C03EA1C
:109A800011FED2640D0842810A7420B8FFE3EEFE95
:109A90002098136C6181403B0508FFE31DFF011412
:109AA0009114FFE387FFFC0728F11000D214036D27
:109AB000028040380808008C00320031F8E3BA61B7
:109AC000003092140131F7E3FB924284436D2A5C2B
:109AD000F7E3B68B2284008C976CFFE3C7FF2284E8
:109AE000008C976CEC07D214076D43814075113AD6
:109AF0001808151040C4414021C4832463E40120A8
:109B0000403B11080484FE3142640D082F100030E0
:109B1000408102A445A4536C176CF7E36DB5921411
:109B20000133ED075F3AF80B44842033CA64F40B29
:109B300001EA20262230F7E3C3AF13311430F7E3F4
:109B4000BFAFEA070480020028F1100047106092BE
:109B500003E440204038070C209261E4503003ECCD
:109B6000100000B23C780000004000C0C4800481B6
:109B700044818481048284820483048404858486ED
:109B80008489048584868488C489848D6368616E31
:109B90006E656C3D25782C7061796C6F61643D2534
:109BA000782C7068793D25780A007265673A424CD6
:109BB000455F524654455354434E544C3D25780A14
:109BC00000636F6E74696E756F75735F747820676C
:109BD0006F696E673A424C455F5246544553544351
:109BE0004E544C3D25780A000000000000000000A3
:109BF0000000000000000000000000000000000065
:109C000041435450416000008005000000EB10000B
:109C100013B95F0100000000A0E01000060800007A
:109C20000000000000EB100080EB100000000000BE
:109C30000000000000000000000000000000000024
:109C400000000000000000000000000040EB1000D9
:109C50000000000000000000000000000000000004
:109C6000184F1C4F39ECB84FFC5152525C526C5299
:109C700098529A52A052CC52EC523053685300542E
:109C80002C546854EC542055725590550C565C5623
:109C9000185724572A572C5730574057505760575A
:109CA000C4A8ECA8B0A930AA78AAC0AA60ABA4AB9B
:109CB000D0AB04AC30AC74ACB4ACE8AC20AD7CAD93
:109CC0001CAE2CAE3CAE98AE4CB238B368B32DEFA0
:109CD000B8B414B504BE4CBE6CBE8CBEA0BEBCBE37
:109CE0007257B057E057005818586C589858005998
:109CF00045EF8C59B059D259445AD5EC71EC7FEFED
:109D00007E5BC05BCC5BE45BFA5B945CD05C6C5DBF
:109D1000AC5DD05DEC5D405F5C5F8C5FA45FE85F35
:109D200001000000D114971024D842104039170CBC
:109D3000133021E40330F7E3A5B164D8421003E403
:109D4000032041380D0830100033A13060B1F7E333
:109D5000B5B120E42030A130F7E394B1911440383C
:109D60000A088910403240B4A130F7E3A7B120ECD3
:109D70002000F2074238F30B83104632F50700004B
:109D800000E01000004000C06310F03218420028CC
:109D900005B33C7838E11000D01467104083403A96
:109DA000090C003000A3FFE3BFFF00E0CD0100E09D
:109DB0004C009014C0EB100045100231609223C497
:109DC00020204038FC0B023120B23C78005000C00B
:109DD000D41421144B6D0475836DFFE3EFFF7410F1
:109DE00002EA0202103144B3049320C42720403F0A
:109DF000FC0F0032013044B3F7E32AB34D106A5D23
:109E0000009223E4033040380321C5750808976C9D
:109E1000536C1B6CF7E3FFB601149414009240B826
:109E2000F7E392B74098C065FA0FF207001000C040
:109E300078E21000D0140130F7E30AB3F7E3E6B696
:109E4000901400003C783C78D1140274036D2A38D9
:109E500002080A3492740033132BC964020C0F6D8C
:109E6000127524E41300015161405110285B2089D0
:109E70001330F7E307B1203C0E100C0C003360B038
:109E8000A130F7E31BB120E42030A130F7E3FAB0B2
:109E90009114263C090C403480B0A130F7E30EB198
:109EA00020EC2000F3074634F807000004F010000F
:109EB000004000C0D214B5110033076D60A50174D5
:109EC0004081273184640308123360A502EA11FE41
:109ED0008264160803844238070801EA43061130F9
:109EE000F7E3D0B00D0400280332C07401EA202348
:109EF000C8641130F60BF7E3C5B0123120A511305C
:109F0000F7E3DCB020EC01001130F7E3BBB0113017
:109F1000F7E3D4B02230F7E3D1B0C0334843208414
:109F2000086803EA8A2543412C5A41EC0100806C01
:109F300049742230F7E3A6B0A130F7E3BFB000E4E4
:109F4000202033104038070C609143E4503002EC7D
:109F5000100000B114306091F7E3B0B020E440305D
:109F60001430F7E38FB0808424E43F2021EC00100C
:109F70001430F7E387B01430F7E3A0B020EC4000D2
:109F80001430F7E37FB0921480F01000004000C05E
:109F9000D31426140C338811476D817560A4F7E340
:109FA00053A94038300C013025320EDC000000EAA5
:109FB0000FFE20854EDC020061851A64002B8C7434
:109FC0002EDC01004EDC0300200801336EDC0400AF
:109FD00000306ED804000EDC05001810F7E3EE8D9B
:109FE0002ED80100283284640C086ED80300073B89
:109FF00008080ED804000332002840744864090899
:10A00000123120A406149314A385AEDC0400E107EA
:10A01000AB10749503EC008014B50A103495F7E387
:10A02000CD8D3B6CF7E308A700A407103495F7E348
:10A03000C58DE90780F0100024F01000800017C0E3
:10A0400042F0100059F01000D1142114017500EAFB
:10A050000FFE4B6C6D100032126440A3050C03EA36
:10A0600011FED2640D0842810A7420B8FFE3EEFEAF
:10A070002098136C6181403B0508FFE31DFF01142C
:10A080009114FFE387FFFC0780F01000D1140B6DE3
:10A0900001744474F8E32462403C040C136CF7E34D
:10A0A000C1939114D214036D028040380808008CCB
:10A0B00000320031F8E31462003092140131F7E30A
:10A0C0004F934284436D2A5CF7E30A8C2284008C10
:10A0D000976CFFE3BBFF2284008C976CEC07D214D3
:10A0E000076D43814075113A1808151040C441406E
:10A0F00021C4832463E40120403B11080484FE3121
:10A1000042640D082F100030408102A445A4536C16
:10A11000176CF7E3CFB592140133ED075F3AF80BF4
:10A1200044842033CA64F40B01EA20262230F7E38A
:10A13000A9AF13311430F7E3A5AFEA07048002009A
:10A1400080F010004710609203E440204038070C74
:10A15000209261E4503003EC100000B23C78000023
:10A16000004000C0C48004814481848104828482D0
:10A170000483048404858486848904858486848891
:10A18000C489848D6368616E6E656C3D25782C7022
:10A1900061796C6F61643D25782C7068793D257814
:10A1A0000A007265673A424C455F52465445535423
:10A1B000434E544C3D25780A00636F6E74696E758A
:10A1C0006F75735F747820676F696E673A424C45AC
:10A1D0005F524654455354434E544C3D25780A0033
:10A1E000000000000000000000000000000000006F
:10A1F000000000000000000000000000000000005F
:10A200004143545041600000AC06000020EB1000B8
:10A21000A2AB6E0100000000A0E0100007080000E3
:10A2200020EB100060EB1000E0EB100000000000DD
:10A23000000000000000000000000000000000001E
:10A24000000000000000000000000000A0EB100073
:10A2500000000000000000000000000000000000FE
:10A260006C46E846F047004818483C4852485E486B
:10A2700078489848B848DC48F048F248244967EDE7
:10A28000C84A044C244C404CB04C284D384D8C4DA1
:10A29000C44D084EB84ED44E884FE04FE24FE64FC3
:10A2A000F44FF84FA1EC9450D8522E5338534853E2
:10A2B000745376537C53A853C8530C544454E054FD
:10A2C0000C554855CC55005658568C568E569056BF
:10A2D00031EC9E56A456045708571857285738573C
:10A2E000B8A8E0A8A4A924AA6CAAB4AA54AB98ABB5
:10A2F000C4ABF8AB24AC68ACA8ACDCAC14AD70ADAE
:10A3000010AE20AE30AE8CAE40B22CB35CB385F153
:10A31000ACB408B5F8BD40BE60BE80BE94BEB0BE51
:10A320004A578857B857D8574BED44587058D858A3
:10A33000345972599659B859285A3DEDF9ECBDF087
:10A34000625BA45BB05BC85BDE5B785CB45C505D59
:10A35000905DB45DD05D245F405F705F885FCC5FCF
:10A3600001000000010000008E5B0000FF00000003
:10A37000D01400E0210100E04D019014D114971099
:10A3800024D842104039170C133021E40330F7E38E
:10A39000D7B164D8421003E4032041380D083010CF
:10A3A0000033A13060B1F7E3E7B120E42030A13001
:10A3B000F7E3C6B1911440380A088910403240B41E
:10A3C000A130F7E3D9B120EC2000F2074238F30BBB
:10A3D00083104632F507000000E01000004000C086
:10A3E000D01466104083403A070C003000A3FFE30E
:10A3F000C7FF00E01B02901420EC1000D0142114C1
:10A400004D100231609223C420204038FC0B0231F1
:10A4100000EA8F0120B2003240B86098C164060C97
:10A420000130F7E373B3011490142098002120B891
:10A43000F5070000005000C0D4142114CB6D447502
:10A44000836DFFE3DDFF2D106A5F409183E40330ED
:10A45000403A0324117508089F6C576C1B6CF7E396
:10A46000BCB601149414009120B8F7E34FB72098BC
:10A470000065FA0FF20700008CE21000D0140130E2
:10A48000F7E344B3F7E3A4B69014D2142114017592
:10A49000497520B8FFE3B4FF976C2098136CF7E37D
:10A4A00049B501149214D21460118111449302E44D
:10A4B000022040382D0C44D88C00403A290C2493BB
:10A4C00001E410204038240CBA1025930295614015
:10A4D00021B50C60406000EA8E5B6249C06462B5E1
:10A4E00020081510205B4864100844D828008230EA
:10A4F00062EC080000310032034064DC2800FFE316
:10A50000C6FF01EA8E5B22B54810003364B284D8DE
:10A51000280004E4082040380608F7E3B3AD92149D
:10A520002D58E2070030FC07001000C000E01000CA
:10A5300020EC100072A4FFFF3B6C80D0241C04EAC6
:10A54000BC02002C403CFE0B05143B6C80D0241C4C
:10A5500004C0206405C0226406C0246427C02E64A1
:10A5600028C02F6405143B6C80D0241C341280B1A9
:10A5700090B105149514D514311280913112A09127
:10A58000C191E29101D90320C51400C0246002C02A
:10A59000256004C026602EC027602FC02860C51427
:10A5A000C5148912A912A1B47B6DA0B400C02050BB
:10A5B000FFE3C4FFD014F7E37DABF7E3EFB3003064
:10A5C00000E0D0000030F7E30FB46F102F1040937D
:10A5D00002E4733041D82C00086C00B34C10019396
:10A5E00020E4033021B3619203E4103001B2003063
:10A5F000F7E38CB2FFE3C1FF8031434102C0216425
:10A6000090140000001000C000E01000002000C006
:10A61000D114003287330D4342B043B00C30841163
:10A62000F7E39CAB0130F7E367AB219401110732EC
:10A6300061EC060061B440B0219061EC100061B0A3
:10A64000F7E3ACB3013000E08D00F7E387AA803078
:10A650005640209441C42320403BFC0FF7E3A6AAB8
:10A66000151040D88C00403A060C003103EA020570
:10A6700024B464B48E10019440EC0100013041B464
:10A68000F7E3B2B32D107B91BF3B7BB19A91BF3CF6
:10A690009AB1F7E35CAAF7E39CB30030F7E32CAB85
:10A6A000FFE36EFE003000E01D019114001000C0B9
:10A6B000002000C000E01000000117C000E100E031
:10A6C00000E400E008E01000F8ED1000D4142114BC
:10A6D000476D2090038501348874044804C42340E6
:10A6E00040B8002B0D754039170C003303040023CC
:10A6F000CC740D64090CC289E28D67C42284E08D9C
:10A700009C609A64F50B013262C4234063C48224C6
:10A7100008692091E907403C060C0036238544492E
:10A7200099640408136C01149414C4C4804060E458
:10A730000120403B100C628D30324F6CC86402081F
:10A740003031008DD87C45744C5805100860409815
:10A75000F7E39AAA00269875E2070000009011001E
:10A76000D21400758031936C21411410B410F7E3BA
:10A770008BAA936C20311310F7E386AA8930936C6F
:10A7800021401110F7E380AA936C576C0F10FFE380
:10A790009FFF936C0E10365DFFE39AFF936C0D10D4
:10A7A00025E40B00FFE394FF936C0B1025E41100EC
:10A7B000FFE38EFF9214000000901100A8F110003A
:10A7C0000C9211001894110094E210009CE2100009
:10A7D000A4E21000ACE21000007444380D0863815C
:10A7E0000D238C74013A08080481FF33C264040805
:10A7F0004210008205A13C782CEC1000D2140075A8
:10A80000136C476DFFE3EAFF576C136CF7E334B545
:10A810009214D014436C08320310F7E3518B0030CC
:10A8200090140000EDE01000D014441001EA946B85
:10A830000430F7E3A9B39014303100320074631090
:10A840004038836440A33C7844E91000D01480333E
:10A850006C434474C26412320508076CFFE3F0FFD6
:10A8600000320B6C9014D214017401EAF3FFB5109E
:10A870000033426460A5176D1A0801822282684085
:10A8800010412082C060045B6382384380330460DF
:10A890002C4342640A084482403A00C40005FFE3A6
:10A8A000CFFF003000A492141230FD0703EAF2FF3C
:10A8B000C264FA0B0B6CFFE3AEFF00A5F5070000C6
:10A8C0002CEC1000D31401754475576C136C8B6D10
:10A8D000FFE3CBFF9B6C576C136CF8E3EB609314B6
:10A8E000D014FFE3A3FF90142C02EAE123008D0CA7
:10A8F00024990401AC15009900012C05F276FE00A4
:10A90000000000010C0220001804120100000000E9
:10A910000000000000000000000000000000000037
:10A920000000000000000000000000000000000027
:10A930000000000000000000000000000000000017
:10A9400041435450416000004408000000EB1000F7
:10A9500013B95F0100000000A0E010000E08000025
:10A960000000000000EB100080EB1000C0EB1000B6
:10A9700000000000000000000000000000000000D7
:10A9800000000000000000000000000040EB10008C
:10A9900000000000000000000000000000000000B7
:10A9A000184F1C4FA9ECB84FFC5152525C526C52DC
:10A9B00098529A52A052CC52EC52305368530054E1
:10A9C0002C546854EC542055725590550C565C56D6
:10A9D00029EC24572A572C57305740575057605767
:10A9E000C4A8ECA8B0A930AA78AAC0AA60ABA4AB4E
:10A9F000D0AB04AC30AC74ACB4ACE8AC20AD7CAD46
:10AA00001CAE2CAE3CAE98AE4CB238B368B3BDF2BF
:10AA1000B8B414B504BE4CBE6CBE8CBEA0BEBCBEE9
:10AA20007257B057E057005818586C58985800594A
:10AA30005C598C59B059D259445A45EDE1ECB1F109
:10AA40007E5BC05BCC5BE45BFA5B945CD05C6C5D72
:10AA5000AC5DD05DEC5D405F5C5F8C5FA45FE85FE8
:10AA60000C60286058607C60B060CA60E4602C6153
:10AA70009061B461F061286258628063C4632464A9
:10AA80002C64DDF150645C6468647C64D865246681
:10AA900044664C665C6666668866D866086754736A
:10AAA00001000000FFFFFFFFFFFF0000FFFFFFFFAF
:10AAB000498C000000F0037F0173380F01FFFF791C
:10AAC000010F000000000000D01400E0050100E0CC
:10AAD00055019014D114971024D842104039170C06
:10AAE000133021E40330F7E36DB164D8421003E47E
:10AAF000032041380D0830100033A13060B1F7E376
:10AB00007DB120E42030A130F7E35CB191144038EE
:10AB10000A088910403240B4A130F7E36FB120EC4D
:10AB20002000F2074238F30B83104632F50700008D
:10AB300000E01000004000C06310F032184200280E
:10AB400005B33C7838E11000D01467104083403AD8
:10AB5000090C003000A3FFE3BFFF00E0950200E016
:10AB60003003901400EC100045100231609223C4B1
:10AB700020204038FC0B023120B23C78005000C04D
:10AB8000D41421144B6D0475836DFFE3EFFF741033
:10AB900002EA0202103144B3049320C42720403F4C
:10ABA000FC0F0032013044B3F7E3F2B24D106A5D9E
:10ABB000009223E4033040380321C5750808976CE0
:10ABC000536C1B6CF7E3C7B601149414009240B8A1
:10ABD000F7E35AB74098C065FA0FF207001000C0BB
:10ABE00078E21000D0140130F7E3D2B2F7E3AEB64A
:10ABF000901400003B6C80D0241C04EABC02002CA2
:10AC0000403CFE0B05143B6C80D0241C04C0206427
:10AC100005C0226406C0246427C02E6428C02F64A7
:10AC200005143B6C80D0241C3E1380B190B10514F8
:10AC30009514D5143B1380913B13A091C191E291DF
:10AC400001D90320C51400C0246002C0256004C0DF
:10AC500026602EC027602FC02860C514C51493132A
:10AC6000B313A1B47B6DA0B492130235A0B4A09429
:10AC7000A5E41020403DFC0F8E130035A0B4576DA5
:10AC8000576D00C02050FFE3B7FF661087314610B4
:10AC900003D845106D4100310C6000B222AA3C7807
:10ACA00000E0100004EC1000D21488740575403ADE
:10ACB000A810936C0C08436C0095F7E3B18C609579
:10ACC000228D105B046100B582AD92142095F607C9
:10ACD00004EC1000D014031100E05502FFE32EFF36
:10ACE00023EA17C02D935A32846404080D93002080
:10ACF0000DB3803108414C9302C421204039FC0F30
:10AD0000791080322542009320C42320171060B0B0
:10AD10000C30F7E355ABFFE3BAFF003000E0E20090
:10AD2000003000E01B0172103210409302E47330D7
:10AD300041D82C00086C00B34F10019320E403307D
:10AD400021B3619203E4103001B20030F7E320B286
:10AD5000FFE371FF8031434102C021649014000081
:10AD60000CEC100000E200E080E200E0001000C007
:10AD700000E01000002000C0D114873300320D43E2
:10AD800042B043B00C30F7E333AB2B116B11819120
:10AD9000403C050C099340EC000249B3219381EC3F
:10ADA0000600073081B36611861100B3419322EC8F
:10ADB000100021B3FFE36BFF013000E0930062114C
:10ADC0005F8C209302309D10F7E3EC928030564068
:10ADD000209441C42320403BFC0FF7E383AA019455
:10ADE00040EC0100013041B4931000E0B70000E0F6
:10ADF000E500F7E35DB3219440390B0C0F10699027
:10AE000043E40021403AFC0B899024E4003229B04D
:10AE10000E10029000E0BE0100E0CF01911400008E
:10AE200000E100E000E400E008E0100054ED100054
:10AE3000101000C0005000C0001000C0002000C072
:10AE400000E0100030E1100004EC1000D4142114D4
:10AE5000476D2090038501348874044804C423405E
:10AE600040B8002B0D754039170C00330304002344
:10AE7000CC740D64090CC289E28D67C42284E08D14
:10AE80009C609A64F50B013262C4234063C482243F
:10AE900008692091E907403C060C003623854449A7
:10AEA00099640408136C01149414C4C4804060E4D1
:10AEB0000120403B100C628D30324F6CC864020898
:10AEC0003031008DD87C45744C580510086040988E
:10AED000FFE3ECFE00269875E207000000901100E9
:10AEE000D21400758031936C21411410B410FFE32B
:10AEF000DDFE936C20311310FFE3D8FE8930936C94
:10AF000021401110FFE3D2FE936C576C0F10FFE34A
:10AF10009FFF936C0E10365DFFE39AFF936C0D104C
:10AF200025E40B00FFE394FF936C0B1025E4110064
:10AF3000FFE38EFF921400000090110020F3100038
:10AF40000C9211001894110080E2100088E21000A9
:10AF500090E2100098E21000D4142214807500359D
:10AF600054100037885D8544131074580131E1C4D2
:10AF70002240009302C421204039100C403E0308B7
:10AF8000409441B89B6C043160B80118FFE38EFE19
:10AF9000403E6098030C019800B4203100275E64A5
:10AFA0000324E50B03254C3DDC0B02149414000034
:10AFB00000B8000610EC1000D0140310F8E3A37DD5
:10AFC00090140000E8E01000D114C47493106243A0
:10AFD000D06088748093F8E3ED5444D84600101094
:10AFE000413A0C08009040C42420403C06084D1013
:10AFF0002D100030F7E38CB39114209061E4012010
:10B00000403BFB0F89104084403AF70F209061E4E9
:10B01000013060B0F207000014E9100000040AC01B
:10B0200001320E0CE49A01001CEC1000007444384C
:10B030000D0863810D238C74013A08080481FF33E5
:10B04000C26404084210018205A13C781CEC100087
:10B05000D2140075136C476DFFE3EAFF576C136C55
:10B06000F7E3C8B49214D014436C08320310F7E32A
:10B07000D78A0030901400001EEC100001103C78BC
:10B080001EEC1000D014471027100130F7E340B336
:10B09000461001EAB06B0430F7E33AB390140000B5
:10B0A00028F110000C96010030310032D1140074E8
:10B0B00089104038090C49100133209201E4013015
:10B0C00000B260A49114461026100030F7E320B3BC
:10B0D0000033F8071CEC100000040AC001320E0C0B
:10B0E000E49A0100D01480336C434474C264123279
:10B0F0000508076CFFE3DCFF00320B6C9014D214E0
:10B10000017401EAF3FFB5100033426461A5176DC5
:10B110001A0801822282684010412082C060045BCC
:10B1200063823843803304602C4342640A084482BB
:10B13000403A00C40005FFE3BBFF003001A49214B5
:10B140001230FD0703EAF2FFC264FA0B0B6CFFE357
:10B150008CFF01A5F50700001CEC1000D31441750D
:10B1600084755B6C176C0B6DFFE3CBFF936C5B6CB2
:10B17000176CF8E35560403C040C136CF7E3F29154
:10B1800093146310209320B03C78000000040AC0A0
:10B19000D01400E401204038060C45102510003082
:10B1A000F7E3B6B2FFE370FF9014000001320E0C1B
:10B1B000E49A01003C78D014FFE38EFC90143C78B4
:10B1C0002C02EAE123008D0C24990401AC150099AE
:10B1D00000012C05F276FE00000000010C022000A8
:10B1E0001804120100000000000000000000000030
:10B1F000000000000000000000000000000000004F
:10B200000348012101600168C907FCD1704700BFF4
:10B21000044001404FF08040016841F0100101609E
:10B220007548016841F01001016002482121016068
:10B23000704700BF0040014010B50649064A002093
:10B24000042808BF10BD51F8203052F820400130CA
:10B250001C60F5E77C081000000D10000549002077
:10B260000022042A08BF704751F8223001321860CA
:10B27000F7E700BF7C0810000348044A016811602A
:10B2800000695060704700BF008003401C0D100033
:10B290004FF08040084A016841F40021016056489F
:10B2A000016841F4002101600248016811604068B2
:10B2B000106170471C0D1000008003402DE9F04F15
:10B2C00085B04FF04025044649484A4ED5F800A0C5
:10B2D000D6F800B000EA0A0000F17F6770680390BA
:10B2E000B0680290F06801904348D0F80890434855
:10B2F000D0F80080FFF7C0FFFFF7B0FF2F60404F8E
:10B30000404D386840F0040038601CB1002068608F
:10B31000286003E03C482860B520686072B60024CD
:10B3200084F31188BFF36F8F00F02AF94FF02001EA
:10B33000EFF3118081F31188BFF36F8F62B6386825
:10B340004FF0402120F0040038604AF0010008600E
:10B35000049404980009AE2803D80498013004909E
:10B36000F7E7FFF769FF2948294C0168090509D467
:10B370002068C001FCD52148C0F80080FFF74AFFD3
:10B3800000202FE01C4A4FF4006101604FF0804024
:10B39000C2F80890016841F002010160106840F0B5
:10B3A000020010601548C0F80080FFF733FFC6F8B0
:10B3B00000B0039870600298B0600198F060FFF7E9
:10B3C0001FFF144820F07F0047F8080CBFF34F8F91
:10B3D000BFF36F8F00F0E8F82068C001FCD5FFF7DD
:10B3E00057FF012000216960296005B0BDE8F08F9A
:10B3F000FEFF0DF0000301400810004000800240F5
:10B4000010ED00E070C00040410310002C400040EF
:10B4100000010040000010014FF4D2710968096A70
:10B42000084701684A68D205FCD5FFF7F5BF00BFA1
:10B43000F8B5C46822484FF4D277E0614FF020009D
:10B44000EFF3118680F31188BFF36F8F386881683E
:10B4500020468847014620621AA000F0AAF8A57A83
:10B46000042D04D0022D04D1022522A004E01CA04A
:10B4700002E0012524A0A57200F09BF82046294691
:10B4800000F09CF82549012000F09DF82168E07A41
:10B490000A6822F4702242EA0040086000F098F83E
:10B4A0003868816820468847014620621CA000F069
:10B4B00080F886F31188BFF36F8F0020F8BD00BFBE
:10B4C000230210007265616420737069206E6F72D0
:10B4D000206368697069643A307825780A00000052
:10B4E0006E6F722069732034206C696E65206D6FF9
:10B4F00064650A006E6F722069732032206C696E79
:10B5000065206D6F64650A006E6F7220697320316B
:10B51000206C696E65206D6F64650A00006CDC024A
:10B520007265616420616761696E20737069206E65
:10B530006F72206368697069643A307825780A0010
:10B54000EFF314800221084380F31488BFF36F8F58
:10B55000DFF824C00CF1300CBCE80F0085468E46A5
:10B5600082F3088883F30988DFF810C0BCE8FF0F76
:10B57000BFF36F8F704700BF440D1000440D1000E3
:10B58000DFF820C0ACE8FF0F68467146EFF3088291
:10B59000EFF30983ACE80F00BFF34F8F30BFBFF369
:10B5A0006F8F7047440D100041F2F17CC0F2101C07
:10B5B00060474EF6692CC0F2101C604745F6115CDE
:10B5C000C0F2111C604748F6393CC0F2101C6047BD
:10B5D00045F6F94CC0F2111C604700000000000065
:10B5E000FF020000800410000000000007000000BF
:10B5F00040060000400600000000000001010500B8
:10B600003E000700060700000000000220000201C3
:10B61000000000005573657220436F6E6669670015
:10B62000000000000000000000000000000000001A
:10B6300000100000000000000000000000000000FA
:10B64000A421100020000000000000004661637487
:10B650006F727920436F6E6669670000000000001A
:10B6600000000000000000000010000000000000CA
:10B6700000000000000000000000000000000000CA
:10B68000E003000000280000002800001F18000050
:10B6900000180000DC051000000002000000002877
:10B6A0000000A82A00000118000003280000032859
:10B6B0000000A92A0000052AB004100000000200C2
:10B6C000B4041000000020000000A92A0000052A90
:10B6D00000000328000002290000AA2A0000032815
:10B6E000D804100000000A000000292B0000AA2A3C
:10B6F000E804100000000A000000032800000328EE
:10B70000000003280000292B0000AB2A00000328BA
:10B71000080510000000020000002A2B0000AB2AE0
:10B7200018051000000002000000032800002A2B6A
:10B730000000522A30051000000028000000522AA4
:10B7400000000229000000000000000000000000CE
:10B750002981100100000000000000000000A72A5D
:10B760000000002A000003280000AC2A6805100031
:10B77000000028000000AC2A0000022900000000A0
:10B7800000000000000000001D8310010000000008
:10B79000000000005C0510000000100060051000B3
:10B7A000000002000000A72A0000002A0000022971
:10B7B000000003280000000000000000000000005E
:10B7C0007180100100000000000000000000012A4C
:10B7D00000000328CC051000000002000000A82A89
:10B7E0000000012A85171001E909100171291001D3
:10B7F000512A1001052B100100000000D92B100167
:10B80000992E10011B2F1001D52C100101000000F2
:10B810000000000000000000000000000000000028
:10B820000000000000000000000000000000000018
:10B830000000000000000000000000000000000008
:10B8400000000000000000000000000000000000F8
:10B8500000000000000000000000000000000000E8
:10B8600000000000000000000000000000000000D8
:10B8700000000000000000000000000000000000C8
:10B8800000000000000000000000000000000000B8
:10B89000000000000000000059BA10010000000084
:10B8A0000000000000000000000000000000000098
:10B8B0000000000000000000000000000000000088
:10B8C0000000000000000000000000000000000078
:10B8D0000000000000000000000000000000000068
:10B8E0000000000000000000000000000000000058
:10B8F0000000000000000000F8061000F80610002C
:10B9000001000000010000000807100008071000F7
:10B910000000000000000000000000001C071000F4
:10B920001C0710002407100024071000000000006E
:10B930000000000034071000340710003C0710001E
:10B940003C07100000000000996810010000000092
:10B950000000000000000000000000005C07100074
:10B960005C07100000000000010000006C071000E0
:10B970006C0710007407100074071000000000002E
:10B98000FFFFFFFF84071000840710008C071000E2
:10B990008C07100000000000010000009C07100050
:10B9A0009C071000000000000000000000000000E4
:10B9B0000000000000000000000000000000000087
:10B9C000000000000000000000000000D1AF1001E6
:10B9D0005DB210014D921001E596100100000000CB
:10B9E0002DD0100100000000000000000000000049
:10B9F00000000000F4071000F40710000000000031
:10BA000000000000E59B10010000000000000000A5
:10BA100000000000000400002C07100000000000DF
:10BA20000000000000000000000000000000000016
:10BA30000000000000000000000000000000000006
:10BA40000000000000000000510A1001550A10011A
:10BA500000000000290211010000000000000000A9
:10BA60000000000000000000000000009102110131
:10BA70000000000000000000B08011012C80064092
:10BA80003080064034800640388006400080024006
:10BA9000000000000000020800000000000000009C
:10BAA0000000000000000000000000000000000096
:10BAB00000000000B4081000B4081000BC0810001A
:10BAC000BC081000A1841101249011015C901101A7
:10BAD000782110003944110100000000A8841101F0
:10BAE000409011015C9011018C211000394411012A
:10BAF000000000009184110100000000000000001F
:10BB000000000000ED621101000000001986110123
:10BB1000E8801101F88011018C0810009196100145
:10BB2000000000009B84110100000000C49011017E
:10BB3000C421100091961001000000001489110129
:10BB4000747C11017C7C11016C1710000D6F1001C9
:10BB500000000000AF841101107F1101F87A11017B
:10BB60003C1D10009196100100000000B5841101E9
:10BB70001C7F1101F87A1101481D100091961001E7
:10BB800000000000B5831101B87D11010000000024
:10BB9000000000009196100100000000000000006D
:10BBA00000000000A4091000A4091000010000001A
:10BBB0002C00000014101000000000000000000025
:10BBC000C0091000C00910000100000018010000A9
:10BBD000401010000000000000000000DC09100010
:10BBE000DC091000020000001C00000058111000C9
:10BBF0000000000000000000F8091000F809100023
:10BC00000100000001000000080A1000080A1000EE
:10BC1000100A1000100A10000100000001000000CE
:10BC2000200A1000200A1000280A1000280A10001C
:10BC30000000000001000000380A1000380A10005F
:10BC4000400A1000400A1000000000000000000040
:10BC50000F000000540A1000540A100000000000F9
:10BC6000000000000F0000000000000000000000C5
:10BC7000700A1000700A1000780A1000780A10008C
:10BC80000000000000000000880A1000880A100070
:10BC9000900A1000900A1000000000000000000050
:10BCA000A00A1000A00A1000A80A1000A80A10009C
:10BCB0000200020000000000307E1101381A10005E
:10BCC0000000000000000000C80A1000C80A1000B0
:10BCD000D00A1000D00A100001000100000000008E
:10BCE0003C7E1101281B1000000000000000000035
:10BCF000F00A1000F00A1000F80A1000F80A10000C
:10BD00000200020000000000487E1101401B1000EC
:10BD10000000000000000000180B1000180B1000BD
:10BD2000200B1000200B1000020002000000000099
:10BD3000547E1101701B1000000000000000000084
:10BD4000400B1000400B1000480B1000480B100077
:10BD50000800080000000000607E1101A01B100018
:10BD60000000000000000000680B1000680B1000CD
:10BD7000700B1000700B100008000800000000009D
:10BD80006C7E1101601C100000000000000000002B
:10BD9000900B1000900B1000980B1000980B1000E7
:10BDA0000100010000000000787E1101201D10003C
:04000005011009AD30
:00000001FF
